-- phpMyAdmin SQL Dump
-- version 5.2.1deb3
-- https://www.phpmyadmin.net/
--
-- Host: localhost:3306
-- Generation Time: Jan 12, 2026 at 11:46 AM
-- Server version: 8.0.44-0ubuntu0.24.04.2
-- PHP Version: 8.3.6

SET SQL_MODE = "NO_AUTO_VALUE_ON_ZERO";
START TRANSACTION;
SET time_zone = "+00:00";


/*!40101 SET @OLD_CHARACTER_SET_CLIENT=@@CHARACTER_SET_CLIENT */;
/*!40101 SET @OLD_CHARACTER_SET_RESULTS=@@CHARACTER_SET_RESULTS */;
/*!40101 SET @OLD_COLLATION_CONNECTION=@@COLLATION_CONNECTION */;
/*!40101 SET NAMES utf8mb4 */;

--
-- Database: `aorbo_trekking`
--

-- --------------------------------------------------------

--
-- Table structure for table `accommodations`
--

CREATE TABLE `accommodations` (
  `id` int NOT NULL,
  `trek_id` int NOT NULL,
  `batch_id` int DEFAULT NULL COMMENT 'Reference to specific batch - makes accommodations batch-specific',
  `type` varchar(255) NOT NULL,
  `details` longtext CHARACTER SET utf8mb4 COLLATE utf8mb4_bin,
  `created_at` datetime NOT NULL,
  `updated_at` datetime NOT NULL
) ;

--
-- Dumping data for table `accommodations`
--

INSERT INTO `accommodations` (`id`, `trek_id`, `batch_id`, `type`, `details`, `created_at`, `updated_at`) VALUES
(1, 1, 1, '3-star', '{\"night\":1,\"location\":\"ladhak\"}', '2025-11-01 09:48:29', '2025-11-01 09:48:29'),
(2, 1, 1, '3-star', '{\"night\":2,\"location\":\"ladhak\"}', '2025-11-01 09:48:29', '2025-11-01 09:48:29'),
(3, 1, 1, '3-star', '{\"night\":3,\"location\":\"ladhak\"}', '2025-11-01 09:48:29', '2025-11-01 09:48:29'),
(4, 1, 1, '3-star', '{\"night\":4,\"location\":\"ladhak\"}', '2025-11-01 09:48:29', '2025-11-01 09:48:29'),
(5, 1, 2, '3-star', '{\"night\":1,\"location\":\"ladhak\"}', '2025-11-01 09:48:29', '2025-11-01 09:48:29'),
(6, 1, 2, '3-star', '{\"night\":2,\"location\":\"ladhak\"}', '2025-11-01 09:48:29', '2025-11-01 09:48:29'),
(7, 1, 2, '3-star', '{\"night\":3,\"location\":\"ladhak\"}', '2025-11-01 09:48:29', '2025-11-01 09:48:29'),
(8, 1, 2, '3-star', '{\"night\":4,\"location\":\"ladhak\"}', '2025-11-01 09:48:29', '2025-11-01 09:48:29'),
(9, 1, 3, '3-star', '{\"night\":1,\"location\":\"ladhak\"}', '2025-11-01 09:48:29', '2025-11-01 09:48:29'),
(10, 1, 3, '3-star', '{\"night\":2,\"location\":\"ladhak\"}', '2025-11-01 09:48:29', '2025-11-01 09:48:29'),
(11, 1, 3, '3-star', '{\"night\":3,\"location\":\"ladhak\"}', '2025-11-01 09:48:29', '2025-11-01 09:48:29'),
(12, 1, 3, '3-star', '{\"night\":4,\"location\":\"ladhak\"}', '2025-11-01 09:48:29', '2025-11-01 09:48:29'),
(13, 1, 4, '3-star', '{\"night\":1,\"location\":\"ladhak\"}', '2025-11-01 09:48:29', '2025-11-01 09:48:29'),
(14, 1, 4, '3-star', '{\"night\":2,\"location\":\"ladhak\"}', '2025-11-01 09:48:29', '2025-11-01 09:48:29'),
(15, 1, 4, '3-star', '{\"night\":3,\"location\":\"ladhak\"}', '2025-11-01 09:48:29', '2025-11-01 09:48:29'),
(16, 1, 4, '3-star', '{\"night\":4,\"location\":\"ladhak\"}', '2025-11-01 09:48:29', '2025-11-01 09:48:29'),
(17, 1, 5, '3-star', '{\"night\":1,\"location\":\"ladhak\"}', '2025-11-01 09:48:29', '2025-11-01 09:48:29'),
(18, 1, 5, '3-star', '{\"night\":2,\"location\":\"ladhak\"}', '2025-11-01 09:48:29', '2025-11-01 09:48:29'),
(19, 1, 5, '3-star', '{\"night\":3,\"location\":\"ladhak\"}', '2025-11-01 09:48:29', '2025-11-01 09:48:29'),
(20, 1, 5, '3-star', '{\"night\":4,\"location\":\"ladhak\"}', '2025-11-01 09:48:29', '2025-11-01 09:48:29'),
(21, 1, 6, '3-star', '{\"night\":1,\"location\":\"ladhak\"}', '2025-11-01 09:48:29', '2025-11-01 09:48:29'),
(22, 1, 6, '3-star', '{\"night\":2,\"location\":\"ladhak\"}', '2025-11-01 09:48:29', '2025-11-01 09:48:29'),
(23, 1, 6, '3-star', '{\"night\":3,\"location\":\"ladhak\"}', '2025-11-01 09:48:29', '2025-11-01 09:48:29'),
(24, 1, 6, '3-star', '{\"night\":4,\"location\":\"ladhak\"}', '2025-11-01 09:48:29', '2025-11-01 09:48:29'),
(25, 1, 7, '3-star', '{\"night\":1,\"location\":\"ladhak\"}', '2025-11-01 09:48:29', '2025-11-01 09:48:29'),
(26, 1, 7, '3-star', '{\"night\":2,\"location\":\"ladhak\"}', '2025-11-01 09:48:29', '2025-11-01 09:48:29'),
(27, 1, 7, '3-star', '{\"night\":3,\"location\":\"ladhak\"}', '2025-11-01 09:48:29', '2025-11-01 09:48:29'),
(28, 1, 7, '3-star', '{\"night\":4,\"location\":\"ladhak\"}', '2025-11-01 09:48:29', '2025-11-01 09:48:29'),
(29, 1, 8, '3-star', '{\"night\":1,\"location\":\"ladhak\"}', '2025-11-01 09:48:29', '2025-11-01 09:48:29'),
(30, 1, 8, '3-star', '{\"night\":2,\"location\":\"ladhak\"}', '2025-11-01 09:48:29', '2025-11-01 09:48:29'),
(31, 1, 8, '3-star', '{\"night\":3,\"location\":\"ladhak\"}', '2025-11-01 09:48:29', '2025-11-01 09:48:29'),
(32, 1, 8, '3-star', '{\"night\":4,\"location\":\"ladhak\"}', '2025-11-01 09:48:29', '2025-11-01 09:48:29'),
(33, 1, 9, '3-star', '{\"night\":1,\"location\":\"ladhak\"}', '2025-11-01 09:48:29', '2025-11-01 09:48:29'),
(34, 1, 9, '3-star', '{\"night\":2,\"location\":\"ladhak\"}', '2025-11-01 09:48:29', '2025-11-01 09:48:29'),
(35, 1, 9, '3-star', '{\"night\":3,\"location\":\"ladhak\"}', '2025-11-01 09:48:29', '2025-11-01 09:48:29'),
(36, 1, 9, '3-star', '{\"night\":4,\"location\":\"ladhak\"}', '2025-11-01 09:48:29', '2025-11-01 09:48:29'),
(37, 1, 10, '3-star', '{\"night\":1,\"location\":\"ladhak\"}', '2025-11-01 09:48:29', '2025-11-01 09:48:29'),
(38, 1, 10, '3-star', '{\"night\":2,\"location\":\"ladhak\"}', '2025-11-01 09:48:29', '2025-11-01 09:48:29'),
(39, 1, 10, '3-star', '{\"night\":3,\"location\":\"ladhak\"}', '2025-11-01 09:48:29', '2025-11-01 09:48:29'),
(40, 1, 10, '3-star', '{\"night\":4,\"location\":\"ladhak\"}', '2025-11-01 09:48:29', '2025-11-01 09:48:29'),
(41, 1, 11, '3-star', '{\"night\":1,\"location\":\"ladhak\"}', '2025-11-01 09:48:29', '2025-11-01 09:48:29'),
(42, 1, 11, '3-star', '{\"night\":2,\"location\":\"ladhak\"}', '2025-11-01 09:48:29', '2025-11-01 09:48:29'),
(43, 1, 11, '3-star', '{\"night\":3,\"location\":\"ladhak\"}', '2025-11-01 09:48:29', '2025-11-01 09:48:29'),
(44, 1, 11, '3-star', '{\"night\":4,\"location\":\"ladhak\"}', '2025-11-01 09:48:29', '2025-11-01 09:48:29'),
(45, 1, 12, '3-star', '{\"night\":1,\"location\":\"ladhak\"}', '2025-11-01 09:48:29', '2025-11-01 09:48:29'),
(46, 1, 12, '3-star', '{\"night\":2,\"location\":\"ladhak\"}', '2025-11-01 09:48:29', '2025-11-01 09:48:29'),
(47, 1, 12, '3-star', '{\"night\":3,\"location\":\"ladhak\"}', '2025-11-01 09:48:29', '2025-11-01 09:48:29'),
(48, 1, 12, '3-star', '{\"night\":4,\"location\":\"ladhak\"}', '2025-11-01 09:48:29', '2025-11-01 09:48:29'),
(49, 1, 13, '3-star', '{\"night\":1,\"location\":\"ladhak\"}', '2025-11-01 09:48:29', '2025-11-01 09:48:29'),
(50, 1, 13, '3-star', '{\"night\":2,\"location\":\"ladhak\"}', '2025-11-01 09:48:29', '2025-11-01 09:48:29'),
(51, 1, 13, '3-star', '{\"night\":3,\"location\":\"ladhak\"}', '2025-11-01 09:48:29', '2025-11-01 09:48:29'),
(52, 1, 13, '3-star', '{\"night\":4,\"location\":\"ladhak\"}', '2025-11-01 09:48:29', '2025-11-01 09:48:29'),
(53, 1, 14, '3-star', '{\"night\":1,\"location\":\"ladhak\"}', '2025-11-01 09:48:29', '2025-11-01 09:48:29'),
(54, 1, 14, '3-star', '{\"night\":2,\"location\":\"ladhak\"}', '2025-11-01 09:48:29', '2025-11-01 09:48:29'),
(55, 1, 14, '3-star', '{\"night\":3,\"location\":\"ladhak\"}', '2025-11-01 09:48:29', '2025-11-01 09:48:29'),
(56, 1, 14, '3-star', '{\"night\":4,\"location\":\"ladhak\"}', '2025-11-01 09:48:29', '2025-11-01 09:48:29'),
(57, 1, 15, '3-star', '{\"night\":1,\"location\":\"ladhak\"}', '2025-11-01 09:48:29', '2025-11-01 09:48:29'),
(58, 1, 15, '3-star', '{\"night\":2,\"location\":\"ladhak\"}', '2025-11-01 09:48:29', '2025-11-01 09:48:29'),
(59, 1, 15, '3-star', '{\"night\":3,\"location\":\"ladhak\"}', '2025-11-01 09:48:29', '2025-11-01 09:48:29'),
(60, 1, 15, '3-star', '{\"night\":4,\"location\":\"ladhak\"}', '2025-11-01 09:48:29', '2025-11-01 09:48:29'),
(61, 1, 16, '3-star', '{\"night\":1,\"location\":\"ladhak\"}', '2025-11-01 09:48:29', '2025-11-01 09:48:29'),
(62, 1, 16, '3-star', '{\"night\":2,\"location\":\"ladhak\"}', '2025-11-01 09:48:29', '2025-11-01 09:48:29'),
(63, 1, 16, '3-star', '{\"night\":3,\"location\":\"ladhak\"}', '2025-11-01 09:48:29', '2025-11-01 09:48:29'),
(64, 1, 16, '3-star', '{\"night\":4,\"location\":\"ladhak\"}', '2025-11-01 09:48:29', '2025-11-01 09:48:29'),
(65, 1, 17, '3-star', '{\"night\":1,\"location\":\"ladhak\"}', '2025-11-01 09:48:29', '2025-11-01 09:48:29'),
(66, 1, 17, '3-star', '{\"night\":2,\"location\":\"ladhak\"}', '2025-11-01 09:48:29', '2025-11-01 09:48:29'),
(67, 1, 17, '3-star', '{\"night\":3,\"location\":\"ladhak\"}', '2025-11-01 09:48:29', '2025-11-01 09:48:29'),
(68, 1, 17, '3-star', '{\"night\":4,\"location\":\"ladhak\"}', '2025-11-01 09:48:29', '2025-11-01 09:48:29'),
(69, 1, 18, '3-star', '{\"night\":1,\"location\":\"ladhak\"}', '2025-11-01 09:48:29', '2025-11-01 09:48:29'),
(70, 1, 18, '3-star', '{\"night\":2,\"location\":\"ladhak\"}', '2025-11-01 09:48:29', '2025-11-01 09:48:29'),
(71, 1, 18, '3-star', '{\"night\":3,\"location\":\"ladhak\"}', '2025-11-01 09:48:29', '2025-11-01 09:48:29'),
(72, 1, 18, '3-star', '{\"night\":4,\"location\":\"ladhak\"}', '2025-11-01 09:48:29', '2025-11-01 09:48:29'),
(73, 1, 19, '3-star', '{\"night\":1,\"location\":\"ladhak\"}', '2025-11-01 09:48:29', '2025-11-01 09:48:29'),
(74, 1, 19, '3-star', '{\"night\":2,\"location\":\"ladhak\"}', '2025-11-01 09:48:29', '2025-11-01 09:48:29'),
(75, 1, 19, '3-star', '{\"night\":3,\"location\":\"ladhak\"}', '2025-11-01 09:48:29', '2025-11-01 09:48:29'),
(76, 1, 19, '3-star', '{\"night\":4,\"location\":\"ladhak\"}', '2025-11-01 09:48:29', '2025-11-01 09:48:29'),
(77, 1, 20, '3-star', '{\"night\":1,\"location\":\"ladhak\"}', '2025-11-01 09:48:29', '2025-11-01 09:48:29'),
(78, 1, 20, '3-star', '{\"night\":2,\"location\":\"ladhak\"}', '2025-11-01 09:48:29', '2025-11-01 09:48:29'),
(79, 1, 20, '3-star', '{\"night\":3,\"location\":\"ladhak\"}', '2025-11-01 09:48:29', '2025-11-01 09:48:29'),
(80, 1, 20, '3-star', '{\"night\":4,\"location\":\"ladhak\"}', '2025-11-01 09:48:29', '2025-11-01 09:48:29'),
(81, 2, 21, '3-star', '{\"night\":1,\"location\":\"lodge\"}', '2025-11-01 09:49:04', '2025-11-01 09:49:04'),
(82, 2, 21, '4-star', '{\"night\":2,\"location\":\"mayura lodge\"}', '2025-11-01 09:49:04', '2025-11-01 09:49:04'),
(83, 2, 21, '1-star', '{\"night\":3,\"location\":\"tent house\"}', '2025-11-01 09:49:04', '2025-11-01 09:49:04'),
(84, 2, 21, '3-star', '{\"night\":4,\"location\":\"hotel\"}', '2025-11-01 09:49:04', '2025-11-01 09:49:04'),
(85, 2, 22, '3-star', '{\"night\":1,\"location\":\"lodge\"}', '2025-11-01 09:49:04', '2025-11-01 09:49:04'),
(86, 2, 22, '4-star', '{\"night\":2,\"location\":\"mayura lodge\"}', '2025-11-01 09:49:04', '2025-11-01 09:49:04'),
(87, 2, 22, '1-star', '{\"night\":3,\"location\":\"tent house\"}', '2025-11-01 09:49:04', '2025-11-01 09:49:04'),
(88, 2, 22, '3-star', '{\"night\":4,\"location\":\"hotel\"}', '2025-11-01 09:49:04', '2025-11-01 09:49:04'),
(89, 2, 23, '3-star', '{\"night\":1,\"location\":\"lodge\"}', '2025-11-01 09:49:04', '2025-11-01 09:49:04'),
(90, 2, 23, '4-star', '{\"night\":2,\"location\":\"mayura lodge\"}', '2025-11-01 09:49:04', '2025-11-01 09:49:04'),
(91, 2, 23, '1-star', '{\"night\":3,\"location\":\"tent house\"}', '2025-11-01 09:49:04', '2025-11-01 09:49:04'),
(92, 2, 23, '3-star', '{\"night\":4,\"location\":\"hotel\"}', '2025-11-01 09:49:04', '2025-11-01 09:49:04'),
(93, 2, 24, '3-star', '{\"night\":1,\"location\":\"lodge\"}', '2025-11-01 09:49:04', '2025-11-01 09:49:04'),
(94, 2, 24, '4-star', '{\"night\":2,\"location\":\"mayura lodge\"}', '2025-11-01 09:49:04', '2025-11-01 09:49:04'),
(95, 2, 24, '1-star', '{\"night\":3,\"location\":\"tent house\"}', '2025-11-01 09:49:04', '2025-11-01 09:49:04'),
(96, 2, 24, '3-star', '{\"night\":4,\"location\":\"hotel\"}', '2025-11-01 09:49:04', '2025-11-01 09:49:04'),
(97, 2, 25, '3-star', '{\"night\":1,\"location\":\"lodge\"}', '2025-11-01 09:49:04', '2025-11-01 09:49:04'),
(98, 2, 25, '4-star', '{\"night\":2,\"location\":\"mayura lodge\"}', '2025-11-01 09:49:04', '2025-11-01 09:49:04'),
(99, 2, 25, '1-star', '{\"night\":3,\"location\":\"tent house\"}', '2025-11-01 09:49:04', '2025-11-01 09:49:04'),
(100, 2, 25, '3-star', '{\"night\":4,\"location\":\"hotel\"}', '2025-11-01 09:49:04', '2025-11-01 09:49:04'),
(101, 2, 26, '3-star', '{\"night\":1,\"location\":\"lodge\"}', '2025-11-01 09:49:04', '2025-11-01 09:49:04'),
(102, 2, 26, '4-star', '{\"night\":2,\"location\":\"mayura lodge\"}', '2025-11-01 09:49:04', '2025-11-01 09:49:04'),
(103, 2, 26, '1-star', '{\"night\":3,\"location\":\"tent house\"}', '2025-11-01 09:49:04', '2025-11-01 09:49:04'),
(104, 2, 26, '3-star', '{\"night\":4,\"location\":\"hotel\"}', '2025-11-01 09:49:04', '2025-11-01 09:49:04'),
(105, 2, 27, '3-star', '{\"night\":1,\"location\":\"lodge\"}', '2025-11-01 09:49:04', '2025-11-01 09:49:04'),
(106, 2, 27, '4-star', '{\"night\":2,\"location\":\"mayura lodge\"}', '2025-11-01 09:49:04', '2025-11-01 09:49:04'),
(107, 2, 27, '1-star', '{\"night\":3,\"location\":\"tent house\"}', '2025-11-01 09:49:04', '2025-11-01 09:49:04'),
(108, 2, 27, '3-star', '{\"night\":4,\"location\":\"hotel\"}', '2025-11-01 09:49:04', '2025-11-01 09:49:04'),
(109, 2, 28, '3-star', '{\"night\":1,\"location\":\"lodge\"}', '2025-11-01 09:49:04', '2025-11-01 09:49:04'),
(110, 2, 28, '4-star', '{\"night\":2,\"location\":\"mayura lodge\"}', '2025-11-01 09:49:04', '2025-11-01 09:49:04'),
(111, 2, 28, '1-star', '{\"night\":3,\"location\":\"tent house\"}', '2025-11-01 09:49:04', '2025-11-01 09:49:04'),
(112, 2, 28, '3-star', '{\"night\":4,\"location\":\"hotel\"}', '2025-11-01 09:49:04', '2025-11-01 09:49:04'),
(113, 2, 29, '3-star', '{\"night\":1,\"location\":\"lodge\"}', '2025-11-01 09:49:04', '2025-11-01 09:49:04'),
(114, 2, 29, '4-star', '{\"night\":2,\"location\":\"mayura lodge\"}', '2025-11-01 09:49:04', '2025-11-01 09:49:04'),
(115, 2, 29, '1-star', '{\"night\":3,\"location\":\"tent house\"}', '2025-11-01 09:49:04', '2025-11-01 09:49:04'),
(116, 2, 29, '3-star', '{\"night\":4,\"location\":\"hotel\"}', '2025-11-01 09:49:04', '2025-11-01 09:49:04'),
(117, 2, 30, '3-star', '{\"night\":1,\"location\":\"lodge\"}', '2025-11-01 09:49:04', '2025-11-01 09:49:04'),
(118, 2, 30, '4-star', '{\"night\":2,\"location\":\"mayura lodge\"}', '2025-11-01 09:49:04', '2025-11-01 09:49:04'),
(119, 2, 30, '1-star', '{\"night\":3,\"location\":\"tent house\"}', '2025-11-01 09:49:04', '2025-11-01 09:49:04'),
(120, 2, 30, '3-star', '{\"night\":4,\"location\":\"hotel\"}', '2025-11-01 09:49:04', '2025-11-01 09:49:04'),
(121, 2, 31, '3-star', '{\"night\":1,\"location\":\"lodge\"}', '2025-11-01 09:49:04', '2025-11-01 09:49:04'),
(122, 2, 31, '4-star', '{\"night\":2,\"location\":\"mayura lodge\"}', '2025-11-01 09:49:04', '2025-11-01 09:49:04'),
(123, 2, 31, '1-star', '{\"night\":3,\"location\":\"tent house\"}', '2025-11-01 09:49:04', '2025-11-01 09:49:04'),
(124, 2, 31, '3-star', '{\"night\":4,\"location\":\"hotel\"}', '2025-11-01 09:49:04', '2025-11-01 09:49:04'),
(125, 2, 32, '3-star', '{\"night\":1,\"location\":\"lodge\"}', '2025-11-01 09:49:04', '2025-11-01 09:49:04'),
(126, 2, 32, '4-star', '{\"night\":2,\"location\":\"mayura lodge\"}', '2025-11-01 09:49:04', '2025-11-01 09:49:04'),
(127, 2, 32, '1-star', '{\"night\":3,\"location\":\"tent house\"}', '2025-11-01 09:49:04', '2025-11-01 09:49:04'),
(128, 2, 32, '3-star', '{\"night\":4,\"location\":\"hotel\"}', '2025-11-01 09:49:04', '2025-11-01 09:49:04'),
(129, 2, 33, '3-star', '{\"night\":1,\"location\":\"lodge\"}', '2025-11-01 09:49:04', '2025-11-01 09:49:04'),
(130, 2, 33, '4-star', '{\"night\":2,\"location\":\"mayura lodge\"}', '2025-11-01 09:49:04', '2025-11-01 09:49:04'),
(131, 2, 33, '1-star', '{\"night\":3,\"location\":\"tent house\"}', '2025-11-01 09:49:04', '2025-11-01 09:49:04'),
(132, 2, 33, '3-star', '{\"night\":4,\"location\":\"hotel\"}', '2025-11-01 09:49:04', '2025-11-01 09:49:04'),
(133, 2, 34, '3-star', '{\"night\":1,\"location\":\"lodge\"}', '2025-11-01 09:49:04', '2025-11-01 09:49:04'),
(134, 2, 34, '4-star', '{\"night\":2,\"location\":\"mayura lodge\"}', '2025-11-01 09:49:04', '2025-11-01 09:49:04'),
(135, 2, 34, '1-star', '{\"night\":3,\"location\":\"tent house\"}', '2025-11-01 09:49:04', '2025-11-01 09:49:04'),
(136, 2, 34, '3-star', '{\"night\":4,\"location\":\"hotel\"}', '2025-11-01 09:49:04', '2025-11-01 09:49:04'),
(137, 2, 35, '3-star', '{\"night\":1,\"location\":\"lodge\"}', '2025-11-01 09:49:04', '2025-11-01 09:49:04'),
(138, 2, 35, '4-star', '{\"night\":2,\"location\":\"mayura lodge\"}', '2025-11-01 09:49:04', '2025-11-01 09:49:04'),
(139, 2, 35, '1-star', '{\"night\":3,\"location\":\"tent house\"}', '2025-11-01 09:49:04', '2025-11-01 09:49:04'),
(140, 2, 35, '3-star', '{\"night\":4,\"location\":\"hotel\"}', '2025-11-01 09:49:04', '2025-11-01 09:49:04'),
(141, 2, 36, '3-star', '{\"night\":1,\"location\":\"lodge\"}', '2025-11-01 09:49:04', '2025-11-01 09:49:04'),
(142, 2, 36, '4-star', '{\"night\":2,\"location\":\"mayura lodge\"}', '2025-11-01 09:49:04', '2025-11-01 09:49:04'),
(143, 2, 36, '1-star', '{\"night\":3,\"location\":\"tent house\"}', '2025-11-01 09:49:04', '2025-11-01 09:49:04'),
(144, 2, 36, '3-star', '{\"night\":4,\"location\":\"hotel\"}', '2025-11-01 09:49:04', '2025-11-01 09:49:04'),
(145, 2, 37, '3-star', '{\"night\":1,\"location\":\"lodge\"}', '2025-11-01 09:49:04', '2025-11-01 09:49:04'),
(146, 2, 37, '4-star', '{\"night\":2,\"location\":\"mayura lodge\"}', '2025-11-01 09:49:04', '2025-11-01 09:49:04'),
(147, 2, 37, '1-star', '{\"night\":3,\"location\":\"tent house\"}', '2025-11-01 09:49:04', '2025-11-01 09:49:04'),
(148, 2, 37, '3-star', '{\"night\":4,\"location\":\"hotel\"}', '2025-11-01 09:49:04', '2025-11-01 09:49:04'),
(149, 2, 38, '3-star', '{\"night\":1,\"location\":\"lodge\"}', '2025-11-01 09:49:04', '2025-11-01 09:49:04'),
(150, 2, 38, '4-star', '{\"night\":2,\"location\":\"mayura lodge\"}', '2025-11-01 09:49:04', '2025-11-01 09:49:04'),
(151, 2, 38, '1-star', '{\"night\":3,\"location\":\"tent house\"}', '2025-11-01 09:49:04', '2025-11-01 09:49:04'),
(152, 2, 38, '3-star', '{\"night\":4,\"location\":\"hotel\"}', '2025-11-01 09:49:04', '2025-11-01 09:49:04'),
(153, 2, 39, '3-star', '{\"night\":1,\"location\":\"lodge\"}', '2025-11-01 09:49:04', '2025-11-01 09:49:04'),
(154, 2, 39, '4-star', '{\"night\":2,\"location\":\"mayura lodge\"}', '2025-11-01 09:49:04', '2025-11-01 09:49:04'),
(155, 2, 39, '1-star', '{\"night\":3,\"location\":\"tent house\"}', '2025-11-01 09:49:04', '2025-11-01 09:49:04'),
(156, 2, 39, '3-star', '{\"night\":4,\"location\":\"hotel\"}', '2025-11-01 09:49:04', '2025-11-01 09:49:04'),
(157, 2, 40, '3-star', '{\"night\":1,\"location\":\"lodge\"}', '2025-11-01 09:49:04', '2025-11-01 09:49:04'),
(158, 2, 40, '4-star', '{\"night\":2,\"location\":\"mayura lodge\"}', '2025-11-01 09:49:04', '2025-11-01 09:49:04'),
(159, 2, 40, '1-star', '{\"night\":3,\"location\":\"tent house\"}', '2025-11-01 09:49:04', '2025-11-01 09:49:04'),
(160, 2, 40, '3-star', '{\"night\":4,\"location\":\"hotel\"}', '2025-11-01 09:49:04', '2025-11-01 09:49:04'),
(161, 2, 41, '3-star', '{\"night\":1,\"location\":\"lodge\"}', '2025-11-01 09:49:04', '2025-11-01 09:49:04'),
(162, 2, 41, '4-star', '{\"night\":2,\"location\":\"mayura lodge\"}', '2025-11-01 09:49:04', '2025-11-01 09:49:04'),
(163, 2, 41, '1-star', '{\"night\":3,\"location\":\"tent house\"}', '2025-11-01 09:49:04', '2025-11-01 09:49:04'),
(164, 2, 41, '3-star', '{\"night\":4,\"location\":\"hotel\"}', '2025-11-01 09:49:04', '2025-11-01 09:49:04'),
(165, 3, 42, '5-star', '{\"night\":1,\"location\":\"Nature Valley Gokarna\"}', '2025-11-01 10:34:46', '2025-11-01 10:34:46'),
(166, 3, 43, '5-star', '{\"night\":1,\"location\":\"Nature Valley Gokarna\"}', '2025-11-01 10:34:46', '2025-11-01 10:34:46'),
(167, 3, 44, '5-star', '{\"night\":1,\"location\":\"Nature Valley Gokarna\"}', '2025-11-01 10:34:46', '2025-11-01 10:34:46'),
(168, 3, 45, '5-star', '{\"night\":1,\"location\":\"Nature Valley Gokarna\"}', '2025-11-01 10:34:46', '2025-11-01 10:34:46'),
(169, 3, 46, '5-star', '{\"night\":1,\"location\":\"Nature Valley Gokarna\"}', '2025-11-01 10:34:46', '2025-11-01 10:34:46'),
(170, 3, 47, '5-star', '{\"night\":1,\"location\":\"Nature Valley Gokarna\"}', '2025-11-01 10:34:46', '2025-11-01 10:34:46'),
(171, 3, 48, '5-star', '{\"night\":1,\"location\":\"Nature Valley Gokarna\"}', '2025-11-01 10:34:46', '2025-11-01 10:34:46'),
(172, 3, 49, '5-star', '{\"night\":1,\"location\":\"Nature Valley Gokarna\"}', '2025-11-01 10:34:46', '2025-11-01 10:34:46'),
(173, 3, 50, '5-star', '{\"night\":1,\"location\":\"Nature Valley Gokarna\"}', '2025-11-01 10:34:46', '2025-11-01 10:34:46'),
(174, 4, 51, '2-star', '{\"night\":1,\"location\":\"dsfs\"}', '2025-11-01 10:49:47', '2025-11-01 10:49:47'),
(175, 4, 51, '3-star', '{\"night\":2,\"location\":\"dfsfsdf\"}', '2025-11-01 10:49:47', '2025-11-01 10:49:47'),
(176, 4, 52, '2-star', '{\"night\":1,\"location\":\"dsfs\"}', '2025-11-01 10:49:47', '2025-11-01 10:49:47'),
(177, 4, 52, '3-star', '{\"night\":2,\"location\":\"dfsfsdf\"}', '2025-11-01 10:49:47', '2025-11-01 10:49:47'),
(178, 4, 53, '2-star', '{\"night\":1,\"location\":\"dsfs\"}', '2025-11-01 10:49:47', '2025-11-01 10:49:47'),
(179, 4, 53, '3-star', '{\"night\":2,\"location\":\"dfsfsdf\"}', '2025-11-01 10:49:47', '2025-11-01 10:49:47'),
(180, 4, 54, '2-star', '{\"night\":1,\"location\":\"dsfs\"}', '2025-11-01 10:49:47', '2025-11-01 10:49:47'),
(181, 4, 54, '3-star', '{\"night\":2,\"location\":\"dfsfsdf\"}', '2025-11-01 10:49:47', '2025-11-01 10:49:47'),
(182, 4, 55, '2-star', '{\"night\":1,\"location\":\"dsfs\"}', '2025-11-01 10:49:47', '2025-11-01 10:49:47'),
(183, 4, 55, '3-star', '{\"night\":2,\"location\":\"dfsfsdf\"}', '2025-11-01 10:49:47', '2025-11-01 10:49:47'),
(184, 4, 56, '2-star', '{\"night\":1,\"location\":\"dsfs\"}', '2025-11-01 10:49:47', '2025-11-01 10:49:47'),
(185, 4, 56, '3-star', '{\"night\":2,\"location\":\"dfsfsdf\"}', '2025-11-01 10:49:47', '2025-11-01 10:49:47'),
(186, 4, 57, '2-star', '{\"night\":1,\"location\":\"dsfs\"}', '2025-11-01 10:49:47', '2025-11-01 10:49:47'),
(187, 4, 57, '3-star', '{\"night\":2,\"location\":\"dfsfsdf\"}', '2025-11-01 10:49:47', '2025-11-01 10:49:47'),
(188, 4, 58, '2-star', '{\"night\":1,\"location\":\"dsfs\"}', '2025-11-01 10:49:47', '2025-11-01 10:49:47'),
(189, 4, 58, '3-star', '{\"night\":2,\"location\":\"dfsfsdf\"}', '2025-11-01 10:49:47', '2025-11-01 10:49:47'),
(190, 4, 59, '2-star', '{\"night\":1,\"location\":\"dsfs\"}', '2025-11-01 10:49:47', '2025-11-01 10:49:47'),
(191, 4, 59, '3-star', '{\"night\":2,\"location\":\"dfsfsdf\"}', '2025-11-01 10:49:47', '2025-11-01 10:49:47'),
(192, 4, 60, '2-star', '{\"night\":1,\"location\":\"dsfs\"}', '2025-11-01 10:49:47', '2025-11-01 10:49:47'),
(193, 4, 60, '3-star', '{\"night\":2,\"location\":\"dfsfsdf\"}', '2025-11-01 10:49:47', '2025-11-01 10:49:47'),
(194, 4, 61, '2-star', '{\"night\":1,\"location\":\"dsfs\"}', '2025-11-01 10:49:47', '2025-11-01 10:49:47'),
(195, 4, 61, '3-star', '{\"night\":2,\"location\":\"dfsfsdf\"}', '2025-11-01 10:49:47', '2025-11-01 10:49:47'),
(196, 4, 62, '2-star', '{\"night\":1,\"location\":\"dsfs\"}', '2025-11-01 10:49:47', '2025-11-01 10:49:47'),
(197, 4, 62, '3-star', '{\"night\":2,\"location\":\"dfsfsdf\"}', '2025-11-01 10:49:47', '2025-11-01 10:49:47'),
(198, 4, 63, '2-star', '{\"night\":1,\"location\":\"dsfs\"}', '2025-11-01 10:49:47', '2025-11-01 10:49:47'),
(199, 4, 63, '3-star', '{\"night\":2,\"location\":\"dfsfsdf\"}', '2025-11-01 10:49:47', '2025-11-01 10:49:47'),
(200, 4, 64, '2-star', '{\"night\":1,\"location\":\"dsfs\"}', '2025-11-01 10:49:47', '2025-11-01 10:49:47'),
(201, 4, 64, '3-star', '{\"night\":2,\"location\":\"dfsfsdf\"}', '2025-11-01 10:49:47', '2025-11-01 10:49:47'),
(202, 4, 65, '2-star', '{\"night\":1,\"location\":\"dsfs\"}', '2025-11-01 10:49:47', '2025-11-01 10:49:47'),
(203, 4, 65, '3-star', '{\"night\":2,\"location\":\"dfsfsdf\"}', '2025-11-01 10:49:47', '2025-11-01 10:49:47'),
(204, 4, 66, '2-star', '{\"night\":1,\"location\":\"dsfs\"}', '2025-11-01 10:49:47', '2025-11-01 10:49:47'),
(205, 4, 66, '3-star', '{\"night\":2,\"location\":\"dfsfsdf\"}', '2025-11-01 10:49:47', '2025-11-01 10:49:47'),
(206, 5, 67, '3-star', '{\"night\":1,\"location\":\"Sit aliquid libero n\"}', '2025-11-01 12:50:18', '2025-11-01 12:50:18'),
(207, 5, 68, '3-star', '{\"night\":1,\"location\":\"Sit aliquid libero n\"}', '2025-11-01 12:50:18', '2025-11-01 12:50:18'),
(208, 5, 69, '3-star', '{\"night\":1,\"location\":\"Sit aliquid libero n\"}', '2025-11-01 12:50:18', '2025-11-01 12:50:18'),
(209, 5, 70, '3-star', '{\"night\":1,\"location\":\"Sit aliquid libero n\"}', '2025-11-01 12:50:18', '2025-11-01 12:50:18'),
(210, 5, 71, '3-star', '{\"night\":1,\"location\":\"Sit aliquid libero n\"}', '2025-11-01 12:50:18', '2025-11-01 12:50:18'),
(211, 5, 72, '3-star', '{\"night\":1,\"location\":\"Sit aliquid libero n\"}', '2025-11-01 12:50:18', '2025-11-01 12:50:18'),
(212, 5, 73, '3-star', '{\"night\":1,\"location\":\"Sit aliquid libero n\"}', '2025-11-01 12:50:18', '2025-11-01 12:50:18'),
(213, 5, 74, '3-star', '{\"night\":1,\"location\":\"Sit aliquid libero n\"}', '2025-11-01 12:50:18', '2025-11-01 12:50:18'),
(214, 5, 75, '3-star', '{\"night\":1,\"location\":\"Sit aliquid libero n\"}', '2025-11-01 12:50:18', '2025-11-01 12:50:18'),
(215, 5, 76, '3-star', '{\"night\":1,\"location\":\"Sit aliquid libero n\"}', '2025-11-01 12:50:18', '2025-11-01 12:50:18'),
(216, 5, 77, '3-star', '{\"night\":1,\"location\":\"Sit aliquid libero n\"}', '2025-11-01 12:50:18', '2025-11-01 12:50:18'),
(217, 5, 78, '3-star', '{\"night\":1,\"location\":\"Sit aliquid libero n\"}', '2025-11-01 12:50:18', '2025-11-01 12:50:18'),
(218, 6, 79, '4-star', '{\"night\":1,\"location\":\"Bangalore\"}', '2025-11-03 09:35:13', '2025-11-03 09:35:13'),
(219, 6, 79, '4-star', '{\"night\":2,\"location\":\"Chikamagaluru\"}', '2025-11-03 09:35:13', '2025-11-03 09:35:13'),
(220, 6, 80, '4-star', '{\"night\":1,\"location\":\"Bangalore\"}', '2025-11-03 09:35:13', '2025-11-03 09:35:13'),
(221, 6, 80, '4-star', '{\"night\":2,\"location\":\"Chikamagaluru\"}', '2025-11-03 09:35:13', '2025-11-03 09:35:13'),
(222, 6, 81, '4-star', '{\"night\":1,\"location\":\"Bangalore\"}', '2025-11-03 09:35:13', '2025-11-03 09:35:13'),
(223, 6, 81, '4-star', '{\"night\":2,\"location\":\"Chikamagaluru\"}', '2025-11-03 09:35:13', '2025-11-03 09:35:13'),
(224, 6, 82, '4-star', '{\"night\":1,\"location\":\"Bangalore\"}', '2025-11-03 09:35:13', '2025-11-03 09:35:13'),
(225, 6, 82, '4-star', '{\"night\":2,\"location\":\"Chikamagaluru\"}', '2025-11-03 09:35:13', '2025-11-03 09:35:13'),
(226, 7, 83, '3-star', '{\"night\":1,\"location\":\"Mysore\"}', '2025-11-04 06:05:28', '2025-11-04 06:05:28'),
(227, 7, 83, '3-star', '{\"night\":2,\"location\":\"Wayanad\"}', '2025-11-04 06:05:28', '2025-11-04 06:05:28'),
(228, 7, 83, '3-star', '{\"night\":3,\"location\":\"Wayanad\"}', '2025-11-04 06:05:28', '2025-11-04 06:05:28'),
(229, 7, 84, '3-star', '{\"night\":1,\"location\":\"Mysore\"}', '2025-11-04 06:05:28', '2025-11-04 06:05:28'),
(230, 7, 84, '3-star', '{\"night\":2,\"location\":\"Wayanad\"}', '2025-11-04 06:05:28', '2025-11-04 06:05:28'),
(231, 7, 84, '3-star', '{\"night\":3,\"location\":\"Wayanad\"}', '2025-11-04 06:05:28', '2025-11-04 06:05:28'),
(232, 7, 85, '3-star', '{\"night\":1,\"location\":\"Mysore\"}', '2025-11-04 06:05:28', '2025-11-04 06:05:28'),
(233, 7, 85, '3-star', '{\"night\":2,\"location\":\"Wayanad\"}', '2025-11-04 06:05:28', '2025-11-04 06:05:28'),
(234, 7, 85, '3-star', '{\"night\":3,\"location\":\"Wayanad\"}', '2025-11-04 06:05:28', '2025-11-04 06:05:28'),
(235, 7, 86, '3-star', '{\"night\":1,\"location\":\"Mysore\"}', '2025-11-04 06:05:28', '2025-11-04 06:05:28'),
(236, 7, 86, '3-star', '{\"night\":2,\"location\":\"Wayanad\"}', '2025-11-04 06:05:28', '2025-11-04 06:05:28'),
(237, 7, 86, '3-star', '{\"night\":3,\"location\":\"Wayanad\"}', '2025-11-04 06:05:28', '2025-11-04 06:05:28'),
(238, 8, 87, '4-star', '{\"night\":1,\"location\":\"Munnar\"}', '2025-11-04 10:14:28', '2025-11-04 10:14:28'),
(239, 8, 87, '4-star', '{\"night\":2,\"location\":\"Alleppey\"}', '2025-11-04 10:14:28', '2025-11-04 10:14:28'),
(240, 8, 88, '4-star', '{\"night\":1,\"location\":\"Munnar\"}', '2025-11-04 10:14:28', '2025-11-04 10:14:28'),
(241, 8, 88, '4-star', '{\"night\":2,\"location\":\"Alleppey\"}', '2025-11-04 10:14:28', '2025-11-04 10:14:28'),
(242, 8, 89, '4-star', '{\"night\":1,\"location\":\"Munnar\"}', '2025-11-04 10:14:28', '2025-11-04 10:14:28'),
(243, 8, 89, '4-star', '{\"night\":2,\"location\":\"Alleppey\"}', '2025-11-04 10:14:28', '2025-11-04 10:14:28'),
(244, 8, 90, '4-star', '{\"night\":1,\"location\":\"Munnar\"}', '2025-11-04 10:14:28', '2025-11-04 10:14:28'),
(245, 8, 90, '4-star', '{\"night\":2,\"location\":\"Alleppey\"}', '2025-11-04 10:14:28', '2025-11-04 10:14:28'),
(246, 9, 91, '4-star', '{\"night\":1,\"location\":\"Munnar\"}', '2025-11-04 11:29:51', '2025-11-04 11:29:51'),
(247, 9, 91, '4-star', '{\"night\":2,\"location\":\"Thekkady\"}', '2025-11-04 11:29:51', '2025-11-04 11:29:51'),
(248, 9, 91, '4-star', '{\"night\":3,\"location\":\"Alleppey\"}', '2025-11-04 11:29:51', '2025-11-04 11:29:51'),
(249, 9, 91, '4-star', '{\"night\":4,\"location\":\"kochi\"}', '2025-11-04 11:29:51', '2025-11-04 11:29:51'),
(250, 9, 92, '4-star', '{\"night\":1,\"location\":\"Munnar\"}', '2025-11-04 11:29:51', '2025-11-04 11:29:51'),
(251, 9, 92, '4-star', '{\"night\":2,\"location\":\"Thekkady\"}', '2025-11-04 11:29:51', '2025-11-04 11:29:51'),
(252, 9, 92, '4-star', '{\"night\":3,\"location\":\"Alleppey\"}', '2025-11-04 11:29:51', '2025-11-04 11:29:51'),
(253, 9, 92, '4-star', '{\"night\":4,\"location\":\"kochi\"}', '2025-11-04 11:29:51', '2025-11-04 11:29:51'),
(254, 9, 93, '4-star', '{\"night\":1,\"location\":\"Munnar\"}', '2025-11-04 11:29:51', '2025-11-04 11:29:51'),
(255, 9, 93, '4-star', '{\"night\":2,\"location\":\"Thekkady\"}', '2025-11-04 11:29:51', '2025-11-04 11:29:51'),
(256, 9, 93, '4-star', '{\"night\":3,\"location\":\"Alleppey\"}', '2025-11-04 11:29:51', '2025-11-04 11:29:51'),
(257, 9, 93, '4-star', '{\"night\":4,\"location\":\"kochi\"}', '2025-11-04 11:29:51', '2025-11-04 11:29:51'),
(258, 9, 94, '4-star', '{\"night\":1,\"location\":\"Munnar\"}', '2025-11-04 11:29:51', '2025-11-04 11:29:51'),
(259, 9, 94, '4-star', '{\"night\":2,\"location\":\"Thekkady\"}', '2025-11-04 11:29:51', '2025-11-04 11:29:51'),
(260, 9, 94, '4-star', '{\"night\":3,\"location\":\"Alleppey\"}', '2025-11-04 11:29:51', '2025-11-04 11:29:51'),
(261, 9, 94, '4-star', '{\"night\":4,\"location\":\"kochi\"}', '2025-11-04 11:29:51', '2025-11-04 11:29:51'),
(262, 10, 95, '3-star', '{\"night\":1,\"location\":\"Srinagar\"}', '2025-11-04 12:00:33', '2025-11-04 12:00:33'),
(263, 10, 95, '3-star', '{\"night\":2,\"location\":\"Sonmarg\"}', '2025-11-04 12:00:33', '2025-11-04 12:00:33'),
(264, 10, 95, '3-star', '{\"night\":3,\"location\":\"Gulmarg\"}', '2025-11-04 12:00:33', '2025-11-04 12:00:33'),
(265, 10, 95, '4-star', '{\"night\":4,\"location\":\"Pahalgam\"}', '2025-11-04 12:00:33', '2025-11-04 12:00:33'),
(266, 10, 96, '3-star', '{\"night\":1,\"location\":\"Srinagar\"}', '2025-11-04 12:00:33', '2025-11-04 12:00:33'),
(267, 10, 96, '3-star', '{\"night\":2,\"location\":\"Sonmarg\"}', '2025-11-04 12:00:33', '2025-11-04 12:00:33'),
(268, 10, 96, '3-star', '{\"night\":3,\"location\":\"Gulmarg\"}', '2025-11-04 12:00:33', '2025-11-04 12:00:33'),
(269, 10, 96, '4-star', '{\"night\":4,\"location\":\"Pahalgam\"}', '2025-11-04 12:00:33', '2025-11-04 12:00:33'),
(270, 10, 97, '3-star', '{\"night\":1,\"location\":\"Srinagar\"}', '2025-11-04 12:00:33', '2025-11-04 12:00:33'),
(271, 10, 97, '3-star', '{\"night\":2,\"location\":\"Sonmarg\"}', '2025-11-04 12:00:33', '2025-11-04 12:00:33'),
(272, 10, 97, '3-star', '{\"night\":3,\"location\":\"Gulmarg\"}', '2025-11-04 12:00:33', '2025-11-04 12:00:33'),
(273, 10, 97, '4-star', '{\"night\":4,\"location\":\"Pahalgam\"}', '2025-11-04 12:00:33', '2025-11-04 12:00:33'),
(274, 10, 98, '3-star', '{\"night\":1,\"location\":\"Srinagar\"}', '2025-11-04 12:00:33', '2025-11-04 12:00:33'),
(275, 10, 98, '3-star', '{\"night\":2,\"location\":\"Sonmarg\"}', '2025-11-04 12:00:33', '2025-11-04 12:00:33'),
(276, 10, 98, '3-star', '{\"night\":3,\"location\":\"Gulmarg\"}', '2025-11-04 12:00:33', '2025-11-04 12:00:33'),
(277, 10, 98, '4-star', '{\"night\":4,\"location\":\"Pahalgam\"}', '2025-11-04 12:00:33', '2025-11-04 12:00:33'),
(278, 11, 99, '3-star', '{\"night\":1,\"location\":\"Gokarna\"}', '2025-11-04 12:36:51', '2025-11-04 12:36:51'),
(279, 11, 100, '3-star', '{\"night\":1,\"location\":\"Gokarna\"}', '2025-11-04 12:36:51', '2025-11-04 12:36:51'),
(280, 11, 101, '3-star', '{\"night\":1,\"location\":\"Gokarna\"}', '2025-11-04 12:36:51', '2025-11-04 12:36:51'),
(281, 11, 102, '3-star', '{\"night\":1,\"location\":\"Gokarna\"}', '2025-11-04 12:36:51', '2025-11-04 12:36:51'),
(282, 12, 103, '3-star', '{\"night\":1,\"location\":\"manali\"}', '2025-11-05 11:23:36', '2025-11-05 11:23:36'),
(283, 12, 103, '3-star', '{\"night\":2,\"location\":\"manali\"}', '2025-11-05 11:23:36', '2025-11-05 11:23:36'),
(284, 12, 104, '3-star', '{\"night\":1,\"location\":\"manali\"}', '2025-11-05 11:23:36', '2025-11-05 11:23:36'),
(285, 12, 104, '3-star', '{\"night\":2,\"location\":\"manali\"}', '2025-11-05 11:23:36', '2025-11-05 11:23:36'),
(286, 12, 105, '3-star', '{\"night\":1,\"location\":\"manali\"}', '2025-11-05 11:23:36', '2025-11-05 11:23:36'),
(287, 12, 105, '3-star', '{\"night\":2,\"location\":\"manali\"}', '2025-11-05 11:23:36', '2025-11-05 11:23:36'),
(288, 12, 106, '3-star', '{\"night\":1,\"location\":\"manali\"}', '2025-11-05 11:23:36', '2025-11-05 11:23:36'),
(289, 12, 106, '3-star', '{\"night\":2,\"location\":\"manali\"}', '2025-11-05 11:23:36', '2025-11-05 11:23:36'),
(290, 13, 107, '5-star', '{\"night\":1,\"location\":\"Novatel\"}', '2025-11-05 11:34:07', '2025-11-05 11:34:07'),
(291, 13, 107, '5-star', '{\"night\":2,\"location\":\"Novatel\"}', '2025-11-05 11:34:07', '2025-11-05 11:34:07'),
(292, 13, 108, '5-star', '{\"night\":1,\"location\":\"Novatel\"}', '2025-11-05 11:34:07', '2025-11-05 11:34:07'),
(293, 13, 108, '5-star', '{\"night\":2,\"location\":\"Novatel\"}', '2025-11-05 11:34:07', '2025-11-05 11:34:07'),
(294, 13, 109, '5-star', '{\"night\":1,\"location\":\"Novatel\"}', '2025-11-05 11:34:07', '2025-11-05 11:34:07'),
(295, 13, 109, '5-star', '{\"night\":2,\"location\":\"Novatel\"}', '2025-11-05 11:34:07', '2025-11-05 11:34:07'),
(296, 13, 110, '5-star', '{\"night\":1,\"location\":\"Novatel\"}', '2025-11-05 11:34:07', '2025-11-05 11:34:07'),
(297, 13, 110, '5-star', '{\"night\":2,\"location\":\"Novatel\"}', '2025-11-05 11:34:07', '2025-11-05 11:34:07'),
(298, 14, 147, '3-star', '{\"night\":1,\"location\":\"hampi\"}', '2025-11-05 11:56:55', '2025-11-05 11:56:55'),
(299, 14, 147, '3-star', '{\"night\":2,\"location\":\"hampi\"}', '2025-11-05 11:56:55', '2025-11-05 11:56:55'),
(300, 14, 148, '3-star', '{\"night\":1,\"location\":\"hampi\"}', '2025-11-05 11:56:55', '2025-11-05 11:56:55'),
(301, 14, 148, '3-star', '{\"night\":2,\"location\":\"hampi\"}', '2025-11-05 11:56:55', '2025-11-05 11:56:55'),
(302, 14, 149, '3-star', '{\"night\":1,\"location\":\"hampi\"}', '2025-11-05 11:56:55', '2025-11-05 11:56:55'),
(303, 14, 149, '3-star', '{\"night\":2,\"location\":\"hampi\"}', '2025-11-05 11:56:55', '2025-11-05 11:56:55'),
(304, 14, 150, '3-star', '{\"night\":1,\"location\":\"hampi\"}', '2025-11-05 11:56:55', '2025-11-05 11:56:55'),
(305, 14, 150, '3-star', '{\"night\":2,\"location\":\"hampi\"}', '2025-11-05 11:56:55', '2025-11-05 11:56:55'),
(306, 15, 151, '3-star', '{\"night\":1,\"location\":\"hotel\"}', '2025-11-05 12:02:04', '2025-11-05 12:02:04'),
(307, 15, 151, '2-star', '{\"night\":2,\"location\":\"hotel\"}', '2025-11-05 12:02:04', '2025-11-05 12:02:04'),
(308, 15, 151, '1-star', '{\"night\":3,\"location\":\"tent house\"}', '2025-11-05 12:02:04', '2025-11-05 12:02:04'),
(309, 15, 152, '3-star', '{\"night\":1,\"location\":\"hotel\"}', '2025-11-05 12:02:04', '2025-11-05 12:02:04'),
(310, 15, 152, '2-star', '{\"night\":2,\"location\":\"hotel\"}', '2025-11-05 12:02:04', '2025-11-05 12:02:04'),
(311, 15, 152, '1-star', '{\"night\":3,\"location\":\"tent house\"}', '2025-11-05 12:02:04', '2025-11-05 12:02:04'),
(312, 15, 153, '3-star', '{\"night\":1,\"location\":\"hotel\"}', '2025-11-05 12:02:04', '2025-11-05 12:02:04'),
(313, 15, 153, '2-star', '{\"night\":2,\"location\":\"hotel\"}', '2025-11-05 12:02:04', '2025-11-05 12:02:04'),
(314, 15, 153, '1-star', '{\"night\":3,\"location\":\"tent house\"}', '2025-11-05 12:02:04', '2025-11-05 12:02:04'),
(315, 15, 154, '3-star', '{\"night\":1,\"location\":\"hotel\"}', '2025-11-05 12:02:04', '2025-11-05 12:02:04'),
(316, 15, 154, '2-star', '{\"night\":2,\"location\":\"hotel\"}', '2025-11-05 12:02:04', '2025-11-05 12:02:04'),
(317, 15, 154, '1-star', '{\"night\":3,\"location\":\"tent house\"}', '2025-11-05 12:02:04', '2025-11-05 12:02:04'),
(318, 16, 163, '4-star', '{\"night\":1,\"location\":\"high hotel\"}', '2025-11-05 12:12:47', '2025-11-05 12:12:47'),
(319, 16, 163, '3-star', '{\"night\":2,\"location\":\"hotel\"}', '2025-11-05 12:12:47', '2025-11-05 12:12:47'),
(320, 16, 164, '4-star', '{\"night\":1,\"location\":\"high hotel\"}', '2025-11-05 12:12:47', '2025-11-05 12:12:47'),
(321, 16, 164, '3-star', '{\"night\":2,\"location\":\"hotel\"}', '2025-11-05 12:12:47', '2025-11-05 12:12:47'),
(322, 16, 165, '4-star', '{\"night\":1,\"location\":\"high hotel\"}', '2025-11-05 12:12:47', '2025-11-05 12:12:47'),
(323, 16, 165, '3-star', '{\"night\":2,\"location\":\"hotel\"}', '2025-11-05 12:12:47', '2025-11-05 12:12:47'),
(324, 16, 166, '4-star', '{\"night\":1,\"location\":\"high hotel\"}', '2025-11-05 12:12:47', '2025-11-05 12:12:47'),
(325, 16, 166, '3-star', '{\"night\":2,\"location\":\"hotel\"}', '2025-11-05 12:12:47', '2025-11-05 12:12:47'),
(326, 17, 175, '4-star', '{\"night\":1,\"location\":\"Incidunt consequunt\"}', '2025-11-05 12:32:40', '2025-11-05 12:32:40'),
(327, 17, 176, '4-star', '{\"night\":1,\"location\":\"Incidunt consequunt\"}', '2025-11-05 12:32:40', '2025-11-05 12:32:40'),
(328, 17, 177, '4-star', '{\"night\":1,\"location\":\"Incidunt consequunt\"}', '2025-11-05 12:32:40', '2025-11-05 12:32:40'),
(329, 17, 178, '4-star', '{\"night\":1,\"location\":\"Incidunt consequunt\"}', '2025-11-05 12:32:40', '2025-11-05 12:32:40'),
(330, 17, 179, '4-star', '{\"night\":1,\"location\":\"Incidunt consequunt\"}', '2025-11-05 12:32:40', '2025-11-05 12:32:40'),
(331, 17, 180, '4-star', '{\"night\":1,\"location\":\"Incidunt consequunt\"}', '2025-11-05 12:32:40', '2025-11-05 12:32:40'),
(332, 17, 181, '4-star', '{\"night\":1,\"location\":\"Incidunt consequunt\"}', '2025-11-05 12:32:40', '2025-11-05 12:32:40'),
(333, 17, 182, '4-star', '{\"night\":1,\"location\":\"Incidunt consequunt\"}', '2025-11-05 12:32:40', '2025-11-05 12:32:40'),
(334, 17, 183, '4-star', '{\"night\":1,\"location\":\"Incidunt consequunt\"}', '2025-11-05 12:32:40', '2025-11-05 12:32:40'),
(335, 17, 184, '4-star', '{\"night\":1,\"location\":\"Incidunt consequunt\"}', '2025-11-05 12:32:40', '2025-11-05 12:32:40'),
(336, 17, 185, '4-star', '{\"night\":1,\"location\":\"Incidunt consequunt\"}', '2025-11-05 12:32:40', '2025-11-05 12:32:40'),
(337, 17, 186, '4-star', '{\"night\":1,\"location\":\"Incidunt consequunt\"}', '2025-11-05 12:32:40', '2025-11-05 12:32:40'),
(338, 17, 187, '4-star', '{\"night\":1,\"location\":\"Incidunt consequunt\"}', '2025-11-05 12:32:40', '2025-11-05 12:32:40'),
(339, 17, 188, '4-star', '{\"night\":1,\"location\":\"Incidunt consequunt\"}', '2025-11-05 12:32:40', '2025-11-05 12:32:40'),
(340, 17, 189, '4-star', '{\"night\":1,\"location\":\"Incidunt consequunt\"}', '2025-11-05 12:32:40', '2025-11-05 12:32:40'),
(341, 17, 190, '4-star', '{\"night\":1,\"location\":\"Incidunt consequunt\"}', '2025-11-05 12:32:40', '2025-11-05 12:32:40'),
(342, 18, 191, '4-star', '{\"night\":1,\"location\":\"mayura hotel\"}', '2025-11-06 05:27:14', '2025-11-06 05:27:14'),
(343, 18, 191, '3-star', '{\"night\":2,\"location\":\"lodge\"}', '2025-11-06 05:27:14', '2025-11-06 05:27:14'),
(344, 18, 192, '4-star', '{\"night\":1,\"location\":\"mayura hotel\"}', '2025-11-06 05:27:14', '2025-11-06 05:27:14'),
(345, 18, 192, '3-star', '{\"night\":2,\"location\":\"lodge\"}', '2025-11-06 05:27:14', '2025-11-06 05:27:14'),
(346, 18, 193, '4-star', '{\"night\":1,\"location\":\"mayura hotel\"}', '2025-11-06 05:27:14', '2025-11-06 05:27:14'),
(347, 18, 193, '3-star', '{\"night\":2,\"location\":\"lodge\"}', '2025-11-06 05:27:14', '2025-11-06 05:27:14'),
(348, 19, 194, '4-star', '{\"night\":1,\"location\":\"lodge\"}', '2025-11-06 09:32:48', '2025-11-06 09:32:48'),
(349, 19, 195, '4-star', '{\"night\":1,\"location\":\"lodge\"}', '2025-11-06 09:32:48', '2025-11-06 09:32:48'),
(350, 19, 196, '4-star', '{\"night\":1,\"location\":\"lodge\"}', '2025-11-06 09:32:48', '2025-11-06 09:32:48'),
(351, 20, 197, '3-star', '{\"night\":1,\"location\":\"pondicherry\"}', '2025-11-06 09:55:02', '2025-11-06 09:55:02'),
(352, 20, 197, '3-star', '{\"night\":2,\"location\":\"pondicherry\"}', '2025-11-06 09:55:02', '2025-11-06 09:55:02'),
(353, 20, 198, '3-star', '{\"night\":1,\"location\":\"pondicherry\"}', '2025-11-06 09:55:02', '2025-11-06 09:55:02'),
(354, 20, 198, '3-star', '{\"night\":2,\"location\":\"pondicherry\"}', '2025-11-06 09:55:02', '2025-11-06 09:55:02'),
(355, 20, 199, '3-star', '{\"night\":1,\"location\":\"pondicherry\"}', '2025-11-06 09:55:02', '2025-11-06 09:55:02'),
(356, 20, 199, '3-star', '{\"night\":2,\"location\":\"pondicherry\"}', '2025-11-06 09:55:02', '2025-11-06 09:55:02'),
(357, 20, 200, '3-star', '{\"night\":1,\"location\":\"pondicherry\"}', '2025-11-06 09:55:02', '2025-11-06 09:55:02'),
(358, 20, 200, '3-star', '{\"night\":2,\"location\":\"pondicherry\"}', '2025-11-06 09:55:02', '2025-11-06 09:55:02'),
(359, 21, 205, '3-star', '{\"night\":1,\"location\":\"kerala\"}', '2025-11-06 10:13:45', '2025-11-06 10:13:45'),
(360, 21, 205, '3-star', '{\"night\":2,\"location\":\"kerala\"}', '2025-11-06 10:13:45', '2025-11-06 10:13:45'),
(361, 21, 206, '3-star', '{\"night\":1,\"location\":\"kerala\"}', '2025-11-06 10:13:45', '2025-11-06 10:13:45'),
(362, 21, 206, '3-star', '{\"night\":2,\"location\":\"kerala\"}', '2025-11-06 10:13:45', '2025-11-06 10:13:45'),
(363, 21, 207, '3-star', '{\"night\":1,\"location\":\"kerala\"}', '2025-11-06 10:13:45', '2025-11-06 10:13:45'),
(364, 21, 207, '3-star', '{\"night\":2,\"location\":\"kerala\"}', '2025-11-06 10:13:45', '2025-11-06 10:13:45'),
(365, 21, 208, '3-star', '{\"night\":1,\"location\":\"kerala\"}', '2025-11-06 10:13:45', '2025-11-06 10:13:45'),
(366, 21, 208, '3-star', '{\"night\":2,\"location\":\"kerala\"}', '2025-11-06 10:13:45', '2025-11-06 10:13:45'),
(367, 22, 209, '3-star', '{\"night\":1,\"location\":\"kedarnath\"}', '2025-11-06 10:36:43', '2025-11-06 10:36:43'),
(368, 22, 209, '3-star', '{\"night\":2,\"location\":\"kedarnath\"}', '2025-11-06 10:36:43', '2025-11-06 10:36:43'),
(369, 22, 209, '3-star', '{\"night\":3,\"location\":\"kedarnath\"}', '2025-11-06 10:36:43', '2025-11-06 10:36:43'),
(370, 22, 210, '3-star', '{\"night\":1,\"location\":\"kedarnath\"}', '2025-11-06 10:36:43', '2025-11-06 10:36:43'),
(371, 22, 210, '3-star', '{\"night\":2,\"location\":\"kedarnath\"}', '2025-11-06 10:36:43', '2025-11-06 10:36:43'),
(372, 22, 210, '3-star', '{\"night\":3,\"location\":\"kedarnath\"}', '2025-11-06 10:36:43', '2025-11-06 10:36:43'),
(373, 22, 211, '3-star', '{\"night\":1,\"location\":\"kedarnath\"}', '2025-11-06 10:36:43', '2025-11-06 10:36:43'),
(374, 22, 211, '3-star', '{\"night\":2,\"location\":\"kedarnath\"}', '2025-11-06 10:36:43', '2025-11-06 10:36:43'),
(375, 22, 211, '3-star', '{\"night\":3,\"location\":\"kedarnath\"}', '2025-11-06 10:36:43', '2025-11-06 10:36:43'),
(376, 23, 212, '4-star', '{\"night\":1,\"location\":\"lamba hotel\"}', '2025-11-06 11:03:28', '2025-11-06 11:03:28'),
(377, 23, 212, '5-star', '{\"night\":2,\"location\":\"singa hotel\"}', '2025-11-06 11:03:28', '2025-11-06 11:03:28'),
(378, 23, 212, '1-star', '{\"night\":3,\"location\":\"tent house\"}', '2025-11-06 11:03:28', '2025-11-06 11:03:28'),
(379, 23, 213, '4-star', '{\"night\":1,\"location\":\"lamba hotel\"}', '2025-11-06 11:03:28', '2025-11-06 11:03:28'),
(380, 23, 213, '5-star', '{\"night\":2,\"location\":\"singa hotel\"}', '2025-11-06 11:03:28', '2025-11-06 11:03:28'),
(381, 23, 213, '1-star', '{\"night\":3,\"location\":\"tent house\"}', '2025-11-06 11:03:28', '2025-11-06 11:03:28'),
(382, 23, 214, '4-star', '{\"night\":1,\"location\":\"lamba hotel\"}', '2025-11-06 11:03:28', '2025-11-06 11:03:28'),
(383, 23, 214, '5-star', '{\"night\":2,\"location\":\"singa hotel\"}', '2025-11-06 11:03:28', '2025-11-06 11:03:28'),
(384, 23, 214, '1-star', '{\"night\":3,\"location\":\"tent house\"}', '2025-11-06 11:03:28', '2025-11-06 11:03:28'),
(385, 23, 215, '4-star', '{\"night\":1,\"location\":\"lamba hotel\"}', '2025-11-06 11:03:28', '2025-11-06 11:03:28'),
(386, 23, 215, '5-star', '{\"night\":2,\"location\":\"singa hotel\"}', '2025-11-06 11:03:28', '2025-11-06 11:03:28'),
(387, 23, 215, '1-star', '{\"night\":3,\"location\":\"tent house\"}', '2025-11-06 11:03:28', '2025-11-06 11:03:28'),
(388, 24, 216, '4-star', '{\"night\":1,\"location\":\"hotel\"}', '2025-11-07 04:59:12', '2025-11-07 04:59:12'),
(389, 24, 217, '4-star', '{\"night\":1,\"location\":\"hotel\"}', '2025-11-07 04:59:12', '2025-11-07 04:59:12'),
(390, 24, 218, '4-star', '{\"night\":1,\"location\":\"hotel\"}', '2025-11-07 04:59:12', '2025-11-07 04:59:12'),
(391, 25, 219, '4-star', '{\"night\":1,\"location\":\"beach house\"}', '2025-11-07 05:09:57', '2025-11-07 05:09:57'),
(392, 25, 219, '4-star', '{\"night\":2,\"location\":\"hotel mayura\"}', '2025-11-07 05:09:57', '2025-11-07 05:09:57'),
(393, 25, 219, '3-star', '{\"night\":3,\"location\":\"lodge\"}', '2025-11-07 05:09:57', '2025-11-07 05:09:57'),
(394, 25, 220, '4-star', '{\"night\":1,\"location\":\"beach house\"}', '2025-11-07 05:09:57', '2025-11-07 05:09:57'),
(395, 25, 220, '4-star', '{\"night\":2,\"location\":\"hotel mayura\"}', '2025-11-07 05:09:57', '2025-11-07 05:09:57'),
(396, 25, 220, '3-star', '{\"night\":3,\"location\":\"lodge\"}', '2025-11-07 05:09:57', '2025-11-07 05:09:57'),
(397, 25, 221, '4-star', '{\"night\":1,\"location\":\"beach house\"}', '2025-11-07 05:09:57', '2025-11-07 05:09:57'),
(398, 25, 221, '4-star', '{\"night\":2,\"location\":\"hotel mayura\"}', '2025-11-07 05:09:57', '2025-11-07 05:09:57'),
(399, 25, 221, '3-star', '{\"night\":3,\"location\":\"lodge\"}', '2025-11-07 05:09:57', '2025-11-07 05:09:57'),
(400, 26, 222, '4-star', '{\"night\":1,\"location\":\"lodge\"}', '2025-11-07 05:19:33', '2025-11-07 05:19:33'),
(401, 26, 223, '4-star', '{\"night\":1,\"location\":\"lodge\"}', '2025-11-07 05:19:33', '2025-11-07 05:19:33'),
(402, 26, 224, '4-star', '{\"night\":1,\"location\":\"lodge\"}', '2025-11-07 05:19:33', '2025-11-07 05:19:33'),
(403, 26, 225, '4-star', '{\"night\":1,\"location\":\"lodge\"}', '2025-11-07 05:19:33', '2025-11-07 05:19:33'),
(404, 27, 226, '3-star', '{\"night\":1,\"location\":\"allepy\"}', '2025-11-07 06:01:05', '2025-11-07 06:01:05'),
(405, 27, 226, '3-star', '{\"night\":2,\"location\":\"allepy\"}', '2025-11-07 06:01:05', '2025-11-07 06:01:05'),
(406, 27, 227, '3-star', '{\"night\":1,\"location\":\"allepy\"}', '2025-11-07 06:01:05', '2025-11-07 06:01:05'),
(407, 27, 227, '3-star', '{\"night\":2,\"location\":\"allepy\"}', '2025-11-07 06:01:05', '2025-11-07 06:01:05'),
(408, 27, 228, '3-star', '{\"night\":1,\"location\":\"allepy\"}', '2025-11-07 06:01:05', '2025-11-07 06:01:05'),
(409, 27, 228, '3-star', '{\"night\":2,\"location\":\"allepy\"}', '2025-11-07 06:01:05', '2025-11-07 06:01:05'),
(410, 27, 229, '3-star', '{\"night\":1,\"location\":\"allepy\"}', '2025-11-07 06:01:05', '2025-11-07 06:01:05'),
(411, 27, 229, '3-star', '{\"night\":2,\"location\":\"allepy\"}', '2025-11-07 06:01:05', '2025-11-07 06:01:05'),
(412, 28, 242, '3-star', '{\"night\":1,\"location\":\"anathagiri\"}', '2025-11-07 06:14:53', '2025-11-07 06:14:53'),
(413, 28, 243, '3-star', '{\"night\":1,\"location\":\"anathagiri\"}', '2025-11-07 06:14:53', '2025-11-07 06:14:53'),
(414, 28, 244, '3-star', '{\"night\":1,\"location\":\"anathagiri\"}', '2025-11-07 06:14:53', '2025-11-07 06:14:53'),
(415, 29, 245, '2-star', '{\"night\":1,\"location\":\"base camp\"}', '2025-11-07 06:28:39', '2025-11-07 06:28:39'),
(416, 29, 245, '4-star', '{\"night\":2,\"location\":\"hotel mayura\"}', '2025-11-07 06:28:39', '2025-11-07 06:28:39'),
(417, 29, 246, '2-star', '{\"night\":1,\"location\":\"base camp\"}', '2025-11-07 06:28:39', '2025-11-07 06:28:39'),
(418, 29, 246, '4-star', '{\"night\":2,\"location\":\"hotel mayura\"}', '2025-11-07 06:28:39', '2025-11-07 06:28:39'),
(419, 29, 247, '2-star', '{\"night\":1,\"location\":\"base camp\"}', '2025-11-07 06:28:39', '2025-11-07 06:28:39'),
(420, 29, 247, '4-star', '{\"night\":2,\"location\":\"hotel mayura\"}', '2025-11-07 06:28:39', '2025-11-07 06:28:39'),
(421, 29, 248, '2-star', '{\"night\":1,\"location\":\"base camp\"}', '2025-11-07 06:28:39', '2025-11-07 06:28:39'),
(422, 29, 248, '4-star', '{\"night\":2,\"location\":\"hotel mayura\"}', '2025-11-07 06:28:39', '2025-11-07 06:28:39'),
(423, 30, 249, '3-star', '{\"night\":1,\"location\":\"badrinath\"}', '2025-11-07 06:32:06', '2025-11-07 06:32:06'),
(424, 30, 249, '3-star', '{\"night\":2,\"location\":\"badrinath\"}', '2025-11-07 06:32:06', '2025-11-07 06:32:06'),
(425, 30, 250, '3-star', '{\"night\":1,\"location\":\"badrinath\"}', '2025-11-07 06:32:06', '2025-11-07 06:32:06'),
(426, 30, 250, '3-star', '{\"night\":2,\"location\":\"badrinath\"}', '2025-11-07 06:32:06', '2025-11-07 06:32:06'),
(427, 30, 251, '3-star', '{\"night\":1,\"location\":\"badrinath\"}', '2025-11-07 06:32:06', '2025-11-07 06:32:06'),
(428, 30, 251, '3-star', '{\"night\":2,\"location\":\"badrinath\"}', '2025-11-07 06:32:06', '2025-11-07 06:32:06'),
(429, 30, 252, '3-star', '{\"night\":1,\"location\":\"badrinath\"}', '2025-11-07 06:32:06', '2025-11-07 06:32:06'),
(430, 30, 252, '3-star', '{\"night\":2,\"location\":\"badrinath\"}', '2025-11-07 06:32:06', '2025-11-07 06:32:06'),
(431, 31, 261, '3-star', '{\"night\":1,\"location\":\"chikamangaluru\"}', '2025-11-07 06:43:12', '2025-11-07 06:43:12'),
(432, 31, 262, '3-star', '{\"night\":1,\"location\":\"chikamangaluru\"}', '2025-11-07 06:43:12', '2025-11-07 06:43:12'),
(433, 31, 263, '3-star', '{\"night\":1,\"location\":\"chikamangaluru\"}', '2025-11-07 06:43:12', '2025-11-07 06:43:12'),
(434, 31, 264, '3-star', '{\"night\":1,\"location\":\"chikamangaluru\"}', '2025-11-07 06:43:12', '2025-11-07 06:43:12'),
(435, 32, 273, '3-star', '{\"night\":1,\"location\":\"Dandeli\"}', '2025-11-07 06:51:52', '2025-11-07 06:51:52'),
(436, 32, 274, '3-star', '{\"night\":1,\"location\":\"Dandeli\"}', '2025-11-07 06:51:52', '2025-11-07 06:51:52'),
(437, 32, 275, '3-star', '{\"night\":1,\"location\":\"Dandeli\"}', '2025-11-07 06:51:52', '2025-11-07 06:51:52'),
(438, 32, 276, '3-star', '{\"night\":1,\"location\":\"Dandeli\"}', '2025-11-07 06:51:52', '2025-11-07 06:51:52'),
(439, 33, 309, '3-star', '{\"night\":1,\"location\":\"hotel\"}', '2025-11-07 07:12:43', '2025-11-07 07:12:43'),
(440, 33, 309, '2-star', '{\"night\":2,\"location\":\"base camp\"}', '2025-11-07 07:12:43', '2025-11-07 07:12:43'),
(441, 33, 310, '3-star', '{\"night\":1,\"location\":\"hotel\"}', '2025-11-07 07:12:43', '2025-11-07 07:12:43'),
(442, 33, 310, '2-star', '{\"night\":2,\"location\":\"base camp\"}', '2025-11-07 07:12:43', '2025-11-07 07:12:43'),
(443, 33, 311, '3-star', '{\"night\":1,\"location\":\"hotel\"}', '2025-11-07 07:12:43', '2025-11-07 07:12:43'),
(444, 33, 311, '2-star', '{\"night\":2,\"location\":\"base camp\"}', '2025-11-07 07:12:43', '2025-11-07 07:12:43'),
(445, 33, 312, '3-star', '{\"night\":1,\"location\":\"hotel\"}', '2025-11-07 07:12:43', '2025-11-07 07:12:43'),
(446, 33, 312, '2-star', '{\"night\":2,\"location\":\"base camp\"}', '2025-11-07 07:12:43', '2025-11-07 07:12:43');
INSERT INTO `accommodations` (`id`, `trek_id`, `batch_id`, `type`, `details`, `created_at`, `updated_at`) VALUES
(447, 34, 321, '3-star', '{\"night\":1,\"location\":\"hotel\"}', '2025-11-07 07:18:21', '2025-11-07 07:18:21'),
(448, 34, 322, '3-star', '{\"night\":1,\"location\":\"hotel\"}', '2025-11-07 07:18:21', '2025-11-07 07:18:21'),
(449, 34, 323, '3-star', '{\"night\":1,\"location\":\"hotel\"}', '2025-11-07 07:18:21', '2025-11-07 07:18:21'),
(450, 34, 324, '3-star', '{\"night\":1,\"location\":\"hotel\"}', '2025-11-07 07:18:21', '2025-11-07 07:18:21'),
(451, 35, 329, '4-star', '{\"night\":1,\"location\":\"luxury hotel \"}', '2025-11-07 07:24:24', '2025-11-07 07:24:24'),
(452, 35, 329, '3-star', '{\"night\":2,\"location\":\"lodge\"}', '2025-11-07 07:24:24', '2025-11-07 07:24:24'),
(453, 35, 330, '4-star', '{\"night\":1,\"location\":\"luxury hotel \"}', '2025-11-07 07:24:24', '2025-11-07 07:24:24'),
(454, 35, 330, '3-star', '{\"night\":2,\"location\":\"lodge\"}', '2025-11-07 07:24:24', '2025-11-07 07:24:24'),
(455, 35, 331, '4-star', '{\"night\":1,\"location\":\"luxury hotel \"}', '2025-11-07 07:24:24', '2025-11-07 07:24:24'),
(456, 35, 331, '3-star', '{\"night\":2,\"location\":\"lodge\"}', '2025-11-07 07:24:24', '2025-11-07 07:24:24'),
(457, 35, 332, '4-star', '{\"night\":1,\"location\":\"luxury hotel \"}', '2025-11-07 07:24:24', '2025-11-07 07:24:24'),
(458, 35, 332, '3-star', '{\"night\":2,\"location\":\"lodge\"}', '2025-11-07 07:24:24', '2025-11-07 07:24:24'),
(459, 36, 337, '5-star', '{\"night\":1,\"location\":\"Kashmir palace\"}', '2025-11-07 08:45:15', '2025-11-07 08:45:15'),
(460, 36, 337, '5-star', '{\"night\":2,\"location\":\"kashmir palace\"}', '2025-11-07 08:45:15', '2025-11-07 08:45:15'),
(461, 36, 337, '3-star', '{\"night\":3,\"location\":\"hotel mayura\"}', '2025-11-07 08:45:15', '2025-11-07 08:45:15'),
(462, 36, 337, '4-star', '{\"night\":4,\"location\":\"hotel mayura\"}', '2025-11-07 08:45:15', '2025-11-07 08:45:15'),
(463, 36, 338, '5-star', '{\"night\":1,\"location\":\"Kashmir palace\"}', '2025-11-07 08:45:15', '2025-11-07 08:45:15'),
(464, 36, 338, '5-star', '{\"night\":2,\"location\":\"kashmir palace\"}', '2025-11-07 08:45:15', '2025-11-07 08:45:15'),
(465, 36, 338, '3-star', '{\"night\":3,\"location\":\"hotel mayura\"}', '2025-11-07 08:45:15', '2025-11-07 08:45:15'),
(466, 36, 338, '4-star', '{\"night\":4,\"location\":\"hotel mayura\"}', '2025-11-07 08:45:15', '2025-11-07 08:45:15'),
(467, 36, 339, '5-star', '{\"night\":1,\"location\":\"Kashmir palace\"}', '2025-11-07 08:45:15', '2025-11-07 08:45:15'),
(468, 36, 339, '5-star', '{\"night\":2,\"location\":\"kashmir palace\"}', '2025-11-07 08:45:15', '2025-11-07 08:45:15'),
(469, 36, 339, '3-star', '{\"night\":3,\"location\":\"hotel mayura\"}', '2025-11-07 08:45:15', '2025-11-07 08:45:15'),
(470, 36, 339, '4-star', '{\"night\":4,\"location\":\"hotel mayura\"}', '2025-11-07 08:45:15', '2025-11-07 08:45:15'),
(471, 36, 340, '5-star', '{\"night\":1,\"location\":\"Kashmir palace\"}', '2025-11-07 08:45:15', '2025-11-07 08:45:15'),
(472, 36, 340, '5-star', '{\"night\":2,\"location\":\"kashmir palace\"}', '2025-11-07 08:45:15', '2025-11-07 08:45:15'),
(473, 36, 340, '3-star', '{\"night\":3,\"location\":\"hotel mayura\"}', '2025-11-07 08:45:15', '2025-11-07 08:45:15'),
(474, 36, 340, '4-star', '{\"night\":4,\"location\":\"hotel mayura\"}', '2025-11-07 08:45:15', '2025-11-07 08:45:15'),
(475, 37, 341, '3-star', '{\"night\":1,\"location\":\"goa\"}', '2025-11-07 08:45:20', '2025-11-07 08:45:20'),
(476, 37, 341, '3-star', '{\"night\":2,\"location\":\"goa\"}', '2025-11-07 08:45:20', '2025-11-07 08:45:20'),
(477, 37, 342, '3-star', '{\"night\":1,\"location\":\"goa\"}', '2025-11-07 08:45:20', '2025-11-07 08:45:20'),
(478, 37, 342, '3-star', '{\"night\":2,\"location\":\"goa\"}', '2025-11-07 08:45:20', '2025-11-07 08:45:20'),
(479, 37, 343, '3-star', '{\"night\":1,\"location\":\"goa\"}', '2025-11-07 08:45:20', '2025-11-07 08:45:20'),
(480, 37, 343, '3-star', '{\"night\":2,\"location\":\"goa\"}', '2025-11-07 08:45:20', '2025-11-07 08:45:20'),
(481, 37, 344, '3-star', '{\"night\":1,\"location\":\"goa\"}', '2025-11-07 08:45:20', '2025-11-07 08:45:20'),
(482, 37, 344, '3-star', '{\"night\":2,\"location\":\"goa\"}', '2025-11-07 08:45:20', '2025-11-07 08:45:20'),
(483, 38, 348, '3-star', '{\"night\":1,\"location\":\"hampi\"}', '2025-11-07 08:53:42', '2025-11-07 08:53:42'),
(484, 38, 349, '3-star', '{\"night\":1,\"location\":\"hampi\"}', '2025-11-07 08:53:42', '2025-11-07 08:53:42'),
(485, 38, 350, '3-star', '{\"night\":1,\"location\":\"hampi\"}', '2025-11-07 08:53:42', '2025-11-07 08:53:42'),
(486, 39, 351, '4-star', '{\"night\":1,\"location\":\"hotel\"}', '2025-11-07 08:55:29', '2025-11-07 08:55:29'),
(487, 39, 351, '3-star', '{\"night\":2,\"location\":\"lodge\"}', '2025-11-07 08:55:29', '2025-11-07 08:55:29'),
(488, 39, 351, '5-star', '{\"night\":3,\"location\":\"palace\"}', '2025-11-07 08:55:29', '2025-11-07 08:55:29'),
(489, 39, 352, '4-star', '{\"night\":1,\"location\":\"hotel\"}', '2025-11-07 08:55:29', '2025-11-07 08:55:29'),
(490, 39, 352, '3-star', '{\"night\":2,\"location\":\"lodge\"}', '2025-11-07 08:55:29', '2025-11-07 08:55:29'),
(491, 39, 352, '5-star', '{\"night\":3,\"location\":\"palace\"}', '2025-11-07 08:55:29', '2025-11-07 08:55:29'),
(492, 39, 353, '4-star', '{\"night\":1,\"location\":\"hotel\"}', '2025-11-07 08:55:29', '2025-11-07 08:55:29'),
(493, 39, 353, '3-star', '{\"night\":2,\"location\":\"lodge\"}', '2025-11-07 08:55:29', '2025-11-07 08:55:29'),
(494, 39, 353, '5-star', '{\"night\":3,\"location\":\"palace\"}', '2025-11-07 08:55:29', '2025-11-07 08:55:29'),
(495, 39, 354, '4-star', '{\"night\":1,\"location\":\"hotel\"}', '2025-11-07 08:55:29', '2025-11-07 08:55:29'),
(496, 39, 354, '3-star', '{\"night\":2,\"location\":\"lodge\"}', '2025-11-07 08:55:29', '2025-11-07 08:55:29'),
(497, 39, 354, '5-star', '{\"night\":3,\"location\":\"palace\"}', '2025-11-07 08:55:29', '2025-11-07 08:55:29'),
(498, 40, 355, '3-star', '{\"night\":1,\"location\":\"Kodaikanal\"}', '2025-11-07 09:02:30', '2025-11-07 09:02:30'),
(499, 40, 355, '3-star', '{\"night\":2,\"location\":\"Kodaikanal\"}', '2025-11-07 09:02:30', '2025-11-07 09:02:30'),
(500, 40, 356, '3-star', '{\"night\":1,\"location\":\"Kodaikanal\"}', '2025-11-07 09:02:30', '2025-11-07 09:02:30'),
(501, 40, 356, '3-star', '{\"night\":2,\"location\":\"Kodaikanal\"}', '2025-11-07 09:02:30', '2025-11-07 09:02:30'),
(502, 40, 357, '3-star', '{\"night\":1,\"location\":\"Kodaikanal\"}', '2025-11-07 09:02:30', '2025-11-07 09:02:30'),
(503, 40, 357, '3-star', '{\"night\":2,\"location\":\"Kodaikanal\"}', '2025-11-07 09:02:30', '2025-11-07 09:02:30'),
(504, 41, 362, '4-star', '{\"night\":1,\"location\":\"mountain hotel\"}', '2025-11-07 09:09:08', '2025-11-07 09:09:08'),
(505, 41, 362, '4-star', '{\"night\":2,\"location\":\"mountain hotel\"}', '2025-11-07 09:09:08', '2025-11-07 09:09:08'),
(506, 41, 362, '4-star', '{\"night\":3,\"location\":\"mayura\"}', '2025-11-07 09:09:08', '2025-11-07 09:09:08'),
(507, 41, 362, '4-star', '{\"night\":4,\"location\":\"mayura\"}', '2025-11-07 09:09:08', '2025-11-07 09:09:08'),
(508, 41, 362, '5-star', '{\"night\":5,\"location\":\"manali manson house\"}', '2025-11-07 09:09:08', '2025-11-07 09:09:08'),
(509, 41, 363, '4-star', '{\"night\":1,\"location\":\"mountain hotel\"}', '2025-11-07 09:09:08', '2025-11-07 09:09:08'),
(510, 41, 363, '4-star', '{\"night\":2,\"location\":\"mountain hotel\"}', '2025-11-07 09:09:08', '2025-11-07 09:09:08'),
(511, 41, 363, '4-star', '{\"night\":3,\"location\":\"mayura\"}', '2025-11-07 09:09:08', '2025-11-07 09:09:08'),
(512, 41, 363, '4-star', '{\"night\":4,\"location\":\"mayura\"}', '2025-11-07 09:09:08', '2025-11-07 09:09:08'),
(513, 41, 363, '5-star', '{\"night\":5,\"location\":\"manali manson house\"}', '2025-11-07 09:09:08', '2025-11-07 09:09:08'),
(514, 41, 364, '4-star', '{\"night\":1,\"location\":\"mountain hotel\"}', '2025-11-07 09:09:08', '2025-11-07 09:09:08'),
(515, 41, 364, '4-star', '{\"night\":2,\"location\":\"mountain hotel\"}', '2025-11-07 09:09:08', '2025-11-07 09:09:08'),
(516, 41, 364, '4-star', '{\"night\":3,\"location\":\"mayura\"}', '2025-11-07 09:09:08', '2025-11-07 09:09:08'),
(517, 41, 364, '4-star', '{\"night\":4,\"location\":\"mayura\"}', '2025-11-07 09:09:08', '2025-11-07 09:09:08'),
(518, 41, 364, '5-star', '{\"night\":5,\"location\":\"manali manson house\"}', '2025-11-07 09:09:08', '2025-11-07 09:09:08'),
(519, 41, 365, '4-star', '{\"night\":1,\"location\":\"mountain hotel\"}', '2025-11-07 09:09:08', '2025-11-07 09:09:08'),
(520, 41, 365, '4-star', '{\"night\":2,\"location\":\"mountain hotel\"}', '2025-11-07 09:09:08', '2025-11-07 09:09:08'),
(521, 41, 365, '4-star', '{\"night\":3,\"location\":\"mayura\"}', '2025-11-07 09:09:08', '2025-11-07 09:09:08'),
(522, 41, 365, '4-star', '{\"night\":4,\"location\":\"mayura\"}', '2025-11-07 09:09:08', '2025-11-07 09:09:08'),
(523, 41, 365, '5-star', '{\"night\":5,\"location\":\"manali manson house\"}', '2025-11-07 09:09:08', '2025-11-07 09:09:08'),
(524, 42, 366, '3-star', '{\"night\":1,\"location\":\"Leh Ladakh\"}', '2025-11-07 09:11:31', '2025-11-07 09:11:31'),
(525, 42, 366, '3-star', '{\"night\":2,\"location\":\"Leh Ladakh\"}', '2025-11-07 09:11:31', '2025-11-07 09:11:31'),
(526, 42, 367, '3-star', '{\"night\":1,\"location\":\"Leh Ladakh\"}', '2025-11-07 09:11:31', '2025-11-07 09:11:31'),
(527, 42, 367, '3-star', '{\"night\":2,\"location\":\"Leh Ladakh\"}', '2025-11-07 09:11:31', '2025-11-07 09:11:31'),
(528, 42, 368, '3-star', '{\"night\":1,\"location\":\"Leh Ladakh\"}', '2025-11-07 09:11:31', '2025-11-07 09:11:31'),
(529, 42, 368, '3-star', '{\"night\":2,\"location\":\"Leh Ladakh\"}', '2025-11-07 09:11:31', '2025-11-07 09:11:31'),
(530, 42, 369, '3-star', '{\"night\":1,\"location\":\"Leh Ladakh\"}', '2025-11-07 09:11:31', '2025-11-07 09:11:31'),
(531, 42, 369, '3-star', '{\"night\":2,\"location\":\"Leh Ladakh\"}', '2025-11-07 09:11:31', '2025-11-07 09:11:31'),
(532, 43, 376, '4-star', '{\"night\":1,\"location\":\"mayura hotel\"}', '2025-11-07 09:23:07', '2025-11-07 09:23:07'),
(533, 43, 376, '3-star', '{\"night\":2,\"location\":\"mayura lodge\"}', '2025-11-07 09:23:07', '2025-11-07 09:23:07'),
(534, 43, 376, '3-star', '{\"night\":3,\"location\":\"lodge\"}', '2025-11-07 09:23:07', '2025-11-07 09:23:07'),
(535, 43, 377, '4-star', '{\"night\":1,\"location\":\"mayura hotel\"}', '2025-11-07 09:23:07', '2025-11-07 09:23:07'),
(536, 43, 377, '3-star', '{\"night\":2,\"location\":\"mayura lodge\"}', '2025-11-07 09:23:07', '2025-11-07 09:23:07'),
(537, 43, 377, '3-star', '{\"night\":3,\"location\":\"lodge\"}', '2025-11-07 09:23:07', '2025-11-07 09:23:07'),
(538, 43, 378, '4-star', '{\"night\":1,\"location\":\"mayura hotel\"}', '2025-11-07 09:23:07', '2025-11-07 09:23:07'),
(539, 43, 378, '3-star', '{\"night\":2,\"location\":\"mayura lodge\"}', '2025-11-07 09:23:07', '2025-11-07 09:23:07'),
(540, 43, 378, '3-star', '{\"night\":3,\"location\":\"lodge\"}', '2025-11-07 09:23:07', '2025-11-07 09:23:07'),
(541, 43, 379, '4-star', '{\"night\":1,\"location\":\"mayura hotel\"}', '2025-11-07 09:23:07', '2025-11-07 09:23:07'),
(542, 43, 379, '3-star', '{\"night\":2,\"location\":\"mayura lodge\"}', '2025-11-07 09:23:07', '2025-11-07 09:23:07'),
(543, 43, 379, '3-star', '{\"night\":3,\"location\":\"lodge\"}', '2025-11-07 09:23:07', '2025-11-07 09:23:07'),
(544, 44, 383, '3-star', '{\"night\":1,\"location\":\"hotel mayura\"}', '2025-11-08 05:12:30', '2025-11-08 05:12:30'),
(545, 44, 384, '3-star', '{\"night\":1,\"location\":\"hotel mayura\"}', '2025-11-08 05:12:30', '2025-11-08 05:12:30'),
(546, 44, 385, '3-star', '{\"night\":1,\"location\":\"hotel mayura\"}', '2025-11-08 05:12:30', '2025-11-08 05:12:30'),
(547, 45, 386, '4-star', '{\"night\":1,\"location\":\"view rock\"}', '2026-01-02 07:23:14', '2026-01-02 07:23:14'),
(548, 45, 387, '4-star', '{\"night\":1,\"location\":\"view rock\"}', '2026-01-02 07:23:14', '2026-01-02 07:23:14'),
(549, 45, 388, '4-star', '{\"night\":1,\"location\":\"view rock\"}', '2026-01-02 07:23:14', '2026-01-02 07:23:14'),
(550, 45, 389, '4-star', '{\"night\":1,\"location\":\"view rock\"}', '2026-01-02 07:23:14', '2026-01-02 07:23:14'),
(551, 45, 390, '4-star', '{\"night\":1,\"location\":\"view rock\"}', '2026-01-02 07:23:14', '2026-01-02 07:23:14'),
(552, 46, 391, '4-star', '{\"night\":1,\"location\":\"testinh \"}', '2026-01-02 09:04:07', '2026-01-02 09:04:07'),
(553, 46, 391, '4-star', '{\"night\":2,\"location\":\"view hotel\"}', '2026-01-02 09:04:07', '2026-01-02 09:04:07'),
(554, 46, 391, '4-star', '{\"night\":3,\"location\":\"resting\"}', '2026-01-02 09:04:07', '2026-01-02 09:04:07'),
(555, 46, 391, '4-star', '{\"night\":4,\"location\":\"gokkkk\"}', '2026-01-02 09:04:07', '2026-01-02 09:04:07'),
(556, 46, 392, '4-star', '{\"night\":1,\"location\":\"testinh \"}', '2026-01-02 09:04:07', '2026-01-02 09:04:07'),
(557, 46, 392, '4-star', '{\"night\":2,\"location\":\"view hotel\"}', '2026-01-02 09:04:07', '2026-01-02 09:04:07'),
(558, 46, 392, '4-star', '{\"night\":3,\"location\":\"resting\"}', '2026-01-02 09:04:07', '2026-01-02 09:04:07'),
(559, 46, 392, '4-star', '{\"night\":4,\"location\":\"gokkkk\"}', '2026-01-02 09:04:07', '2026-01-02 09:04:07'),
(560, 46, 393, '4-star', '{\"night\":1,\"location\":\"testinh \"}', '2026-01-02 09:04:07', '2026-01-02 09:04:07'),
(561, 46, 393, '4-star', '{\"night\":2,\"location\":\"view hotel\"}', '2026-01-02 09:04:07', '2026-01-02 09:04:07'),
(562, 46, 393, '4-star', '{\"night\":3,\"location\":\"resting\"}', '2026-01-02 09:04:07', '2026-01-02 09:04:07'),
(563, 46, 393, '4-star', '{\"night\":4,\"location\":\"gokkkk\"}', '2026-01-02 09:04:07', '2026-01-02 09:04:07'),
(564, 46, 394, '4-star', '{\"night\":1,\"location\":\"testinh \"}', '2026-01-02 09:04:07', '2026-01-02 09:04:07'),
(565, 46, 394, '4-star', '{\"night\":2,\"location\":\"view hotel\"}', '2026-01-02 09:04:07', '2026-01-02 09:04:07'),
(566, 46, 394, '4-star', '{\"night\":3,\"location\":\"resting\"}', '2026-01-02 09:04:07', '2026-01-02 09:04:07'),
(567, 46, 394, '4-star', '{\"night\":4,\"location\":\"gokkkk\"}', '2026-01-02 09:04:07', '2026-01-02 09:04:07'),
(568, 46, 395, '4-star', '{\"night\":1,\"location\":\"testinh \"}', '2026-01-02 09:04:07', '2026-01-02 09:04:07'),
(569, 46, 395, '4-star', '{\"night\":2,\"location\":\"view hotel\"}', '2026-01-02 09:04:07', '2026-01-02 09:04:07'),
(570, 46, 395, '4-star', '{\"night\":3,\"location\":\"resting\"}', '2026-01-02 09:04:07', '2026-01-02 09:04:07'),
(571, 46, 395, '4-star', '{\"night\":4,\"location\":\"gokkkk\"}', '2026-01-02 09:04:07', '2026-01-02 09:04:07'),
(572, 46, 396, '4-star', '{\"night\":1,\"location\":\"testinh \"}', '2026-01-02 09:04:07', '2026-01-02 09:04:07'),
(573, 46, 396, '4-star', '{\"night\":2,\"location\":\"view hotel\"}', '2026-01-02 09:04:07', '2026-01-02 09:04:07'),
(574, 46, 396, '4-star', '{\"night\":3,\"location\":\"resting\"}', '2026-01-02 09:04:07', '2026-01-02 09:04:07'),
(575, 46, 396, '4-star', '{\"night\":4,\"location\":\"gokkkk\"}', '2026-01-02 09:04:07', '2026-01-02 09:04:07'),
(576, 46, 397, '4-star', '{\"night\":1,\"location\":\"testinh \"}', '2026-01-02 09:04:07', '2026-01-02 09:04:07'),
(577, 46, 397, '4-star', '{\"night\":2,\"location\":\"view hotel\"}', '2026-01-02 09:04:07', '2026-01-02 09:04:07'),
(578, 46, 397, '4-star', '{\"night\":3,\"location\":\"resting\"}', '2026-01-02 09:04:07', '2026-01-02 09:04:07'),
(579, 46, 397, '4-star', '{\"night\":4,\"location\":\"gokkkk\"}', '2026-01-02 09:04:07', '2026-01-02 09:04:07'),
(580, 46, 398, '4-star', '{\"night\":1,\"location\":\"testinh \"}', '2026-01-02 09:04:07', '2026-01-02 09:04:07'),
(581, 46, 398, '4-star', '{\"night\":2,\"location\":\"view hotel\"}', '2026-01-02 09:04:07', '2026-01-02 09:04:07'),
(582, 46, 398, '4-star', '{\"night\":3,\"location\":\"resting\"}', '2026-01-02 09:04:07', '2026-01-02 09:04:07'),
(583, 46, 398, '4-star', '{\"night\":4,\"location\":\"gokkkk\"}', '2026-01-02 09:04:07', '2026-01-02 09:04:07'),
(584, 46, 399, '4-star', '{\"night\":1,\"location\":\"testinh \"}', '2026-01-02 09:04:07', '2026-01-02 09:04:07'),
(585, 46, 399, '4-star', '{\"night\":2,\"location\":\"view hotel\"}', '2026-01-02 09:04:07', '2026-01-02 09:04:07'),
(586, 46, 399, '4-star', '{\"night\":3,\"location\":\"resting\"}', '2026-01-02 09:04:07', '2026-01-02 09:04:07'),
(587, 46, 399, '4-star', '{\"night\":4,\"location\":\"gokkkk\"}', '2026-01-02 09:04:07', '2026-01-02 09:04:07'),
(588, 47, 400, '4-star', '{\"night\":1,\"location\":\"wow\"}', '2026-01-02 09:26:41', '2026-01-02 09:26:41'),
(589, 47, 400, '4-star', '{\"night\":2,\"location\":\"siyatech\"}', '2026-01-02 09:26:41', '2026-01-02 09:26:41'),
(590, 47, 400, '5-star', '{\"night\":3,\"location\":\"deplex\"}', '2026-01-02 09:26:41', '2026-01-02 09:26:41'),
(591, 47, 401, '4-star', '{\"night\":1,\"location\":\"wow\"}', '2026-01-02 09:26:41', '2026-01-02 09:26:41'),
(592, 47, 401, '4-star', '{\"night\":2,\"location\":\"siyatech\"}', '2026-01-02 09:26:41', '2026-01-02 09:26:41'),
(593, 47, 401, '5-star', '{\"night\":3,\"location\":\"deplex\"}', '2026-01-02 09:26:41', '2026-01-02 09:26:41'),
(594, 47, 402, '4-star', '{\"night\":1,\"location\":\"wow\"}', '2026-01-02 09:26:41', '2026-01-02 09:26:41'),
(595, 47, 402, '4-star', '{\"night\":2,\"location\":\"siyatech\"}', '2026-01-02 09:26:41', '2026-01-02 09:26:41'),
(596, 47, 402, '5-star', '{\"night\":3,\"location\":\"deplex\"}', '2026-01-02 09:26:41', '2026-01-02 09:26:41'),
(597, 47, 403, '4-star', '{\"night\":1,\"location\":\"wow\"}', '2026-01-02 09:26:41', '2026-01-02 09:26:41'),
(598, 47, 403, '4-star', '{\"night\":2,\"location\":\"siyatech\"}', '2026-01-02 09:26:41', '2026-01-02 09:26:41'),
(599, 47, 403, '5-star', '{\"night\":3,\"location\":\"deplex\"}', '2026-01-02 09:26:41', '2026-01-02 09:26:41'),
(600, 47, 404, '4-star', '{\"night\":1,\"location\":\"wow\"}', '2026-01-02 09:26:41', '2026-01-02 09:26:41'),
(601, 47, 404, '4-star', '{\"night\":2,\"location\":\"siyatech\"}', '2026-01-02 09:26:41', '2026-01-02 09:26:41'),
(602, 47, 404, '5-star', '{\"night\":3,\"location\":\"deplex\"}', '2026-01-02 09:26:41', '2026-01-02 09:26:41'),
(603, 47, 405, '4-star', '{\"night\":1,\"location\":\"wow\"}', '2026-01-02 09:26:41', '2026-01-02 09:26:41'),
(604, 47, 405, '4-star', '{\"night\":2,\"location\":\"siyatech\"}', '2026-01-02 09:26:41', '2026-01-02 09:26:41'),
(605, 47, 405, '5-star', '{\"night\":3,\"location\":\"deplex\"}', '2026-01-02 09:26:41', '2026-01-02 09:26:41'),
(606, 47, 406, '4-star', '{\"night\":1,\"location\":\"wow\"}', '2026-01-02 09:26:41', '2026-01-02 09:26:41'),
(607, 47, 406, '4-star', '{\"night\":2,\"location\":\"siyatech\"}', '2026-01-02 09:26:41', '2026-01-02 09:26:41'),
(608, 47, 406, '5-star', '{\"night\":3,\"location\":\"deplex\"}', '2026-01-02 09:26:41', '2026-01-02 09:26:41'),
(609, 47, 407, '4-star', '{\"night\":1,\"location\":\"wow\"}', '2026-01-02 09:26:41', '2026-01-02 09:26:41'),
(610, 47, 407, '4-star', '{\"night\":2,\"location\":\"siyatech\"}', '2026-01-02 09:26:41', '2026-01-02 09:26:41'),
(611, 47, 407, '5-star', '{\"night\":3,\"location\":\"deplex\"}', '2026-01-02 09:26:41', '2026-01-02 09:26:41'),
(612, 47, 408, '4-star', '{\"night\":1,\"location\":\"wow\"}', '2026-01-02 09:26:41', '2026-01-02 09:26:41'),
(613, 47, 408, '4-star', '{\"night\":2,\"location\":\"siyatech\"}', '2026-01-02 09:26:41', '2026-01-02 09:26:41'),
(614, 47, 408, '5-star', '{\"night\":3,\"location\":\"deplex\"}', '2026-01-02 09:26:41', '2026-01-02 09:26:41');

-- --------------------------------------------------------

--
-- Table structure for table `activities`
--

CREATE TABLE `activities` (
  `id` int NOT NULL,
  `name` varchar(255) NOT NULL,
  `category_name` varchar(255) NOT NULL,
  `is_active` tinyint(1) NOT NULL DEFAULT '1',
  `created_at` datetime NOT NULL,
  `updated_at` datetime NOT NULL
) ENGINE=InnoDB DEFAULT CHARSET=utf8mb3;

--
-- Dumping data for table `activities`
--

INSERT INTO `activities` (`id`, `name`, `category_name`, `is_active`, `created_at`, `updated_at`) VALUES
(1, 'Trekking', 'Adventure', 1, '2025-11-01 07:12:19', '2025-11-01 07:12:19'),
(2, 'Rock Climbing', 'Adventure', 1, '2025-11-01 07:12:19', '2025-11-01 07:12:19'),
(3, 'Camping', 'Outdoor', 1, '2025-11-01 07:12:19', '2025-11-01 07:12:19'),
(4, 'Bird Watching', 'Nature', 1, '2025-11-01 07:12:19', '2025-11-01 07:12:19'),
(5, 'Photography', 'Creative', 1, '2025-11-01 07:12:19', '2025-11-01 07:12:19'),
(6, 'River Rafting', 'Water Sports', 1, '2025-11-01 07:12:19', '2025-11-01 07:12:19'),
(7, 'Mountain Biking', 'Adventure', 1, '2025-11-01 07:12:19', '2025-11-01 07:12:19'),
(8, 'Yoga', 'Wellness', 1, '2025-11-01 07:12:19', '2025-11-01 07:12:19'),
(9, 'Meditation', 'Wellness', 1, '2025-11-01 07:12:19', '2025-11-01 07:12:19'),
(10, 'Local Cuisine', 'Cultural', 1, '2025-11-01 07:12:19', '2025-11-01 07:12:19'),
(11, 'Village Visit', 'Cultural', 1, '2025-11-01 07:12:19', '2025-11-01 07:12:19'),
(12, 'Stargazing', 'Nature', 1, '2025-11-01 07:12:19', '2025-11-01 07:12:19'),
(13, 'Wildlife Safari', 'Nature', 1, '2025-11-01 07:12:19', '2025-11-01 07:12:19'),
(14, 'Fishing', 'Outdoor', 1, '2025-11-01 07:12:19', '2025-11-01 07:12:19'),
(15, 'Bonfire', 'Social', 1, '2025-11-01 07:12:19', '2025-11-01 07:12:19'),
(16, 'zipline and swing', 'Outdoor', 1, '2025-11-01 09:30:42', '2025-11-01 09:30:42'),
(17, 'KAYAKING', 'Water Sports', 1, '2025-11-01 09:51:58', '2025-11-01 09:51:58'),
(18, 'ZORBING', 'Creative', 1, '2025-11-01 09:52:52', '2025-11-01 09:52:52'),
(19, 'BOATING', 'Water Sports', 1, '2025-11-01 09:53:09', '2025-11-01 09:53:09'),
(20, 'ZIPLINE', 'Adventure', 1, '2025-11-01 09:53:58', '2025-11-01 09:53:58'),
(21, 'Campfire', 'Outdoor', 1, '2025-11-03 09:33:03', '2025-11-03 09:33:03'),
(22, 'Music', 'Creative', 1, '2025-11-03 09:33:39', '2025-11-03 09:33:39'),
(23, 'Car ride', 'Outdoor', 1, '2025-11-04 11:55:45', '2025-11-04 11:55:45'),
(24, 'Skiing', 'Adventure', 1, '2025-11-04 11:56:46', '2025-11-04 11:56:46'),
(25, 'Sledging', 'Adventure', 1, '2025-11-04 11:57:04', '2025-11-04 11:57:04'),
(26, 'Horse Ride', 'Outdoor', 1, '2025-11-04 11:57:18', '2025-11-04 11:57:18'),
(27, 'ATV Bike ride', 'Outdoor', 1, '2025-11-04 11:57:30', '2025-11-04 11:57:30'),
(28, 'Dj Night', 'Outdoor', 1, '2025-11-04 12:33:22', '2025-11-04 12:33:22');

-- --------------------------------------------------------

--
-- Table structure for table `adjustments`
--

CREATE TABLE `adjustments` (
  `id` int NOT NULL,
  `booking_id` int NOT NULL,
  `amount` decimal(10,2) NOT NULL,
  `type` enum('refund','additional_charge','discount') NOT NULL,
  `reason` text,
  `created_at` datetime NOT NULL,
  `updated_at` datetime NOT NULL
) ENGINE=InnoDB DEFAULT CHARSET=utf8mb3;

-- --------------------------------------------------------

--
-- Table structure for table `alerts`
--

CREATE TABLE `alerts` (
  `id` int NOT NULL,
  `title` varchar(255) NOT NULL,
  `message` text NOT NULL,
  `created_at` datetime NOT NULL,
  `updated_at` datetime NOT NULL
) ENGINE=InnoDB DEFAULT CHARSET=utf8mb3;

-- --------------------------------------------------------

--
-- Table structure for table `api_keys`
--

CREATE TABLE `api_keys` (
  `id` int NOT NULL,
  `key` varchar(255) NOT NULL,
  `user_id` int DEFAULT NULL,
  `created_at` datetime NOT NULL,
  `updated_at` datetime NOT NULL
) ENGINE=InnoDB DEFAULT CHARSET=utf8mb3;

-- --------------------------------------------------------

--
-- Table structure for table `badges`
--

CREATE TABLE `badges` (
  `id` int NOT NULL,
  `name` varchar(255) NOT NULL,
  `description` text,
  `icon` varchar(255) DEFAULT NULL COMMENT 'Icon class or image URL for the badge',
  `color` varchar(255) DEFAULT '#3B82F6' COMMENT 'Hex color code for the badge',
  `category` enum('achievement','difficulty','special','seasonal','certification') NOT NULL DEFAULT 'achievement',
  `criteria` longtext CHARACTER SET utf8mb4 COLLATE utf8mb4_bin COMMENT 'JSON object defining badge criteria',
  `is_active` tinyint(1) NOT NULL DEFAULT '1',
  `sort_order` int NOT NULL DEFAULT '0' COMMENT 'Order for displaying badges',
  `created_at` datetime NOT NULL,
  `updated_at` datetime NOT NULL
) ;

--
-- Dumping data for table `badges`
--

INSERT INTO `badges` (`id`, `name`, `description`, `icon`, `color`, `category`, `criteria`, `is_active`, `sort_order`, `created_at`, `updated_at`) VALUES
(1, 'Beginner Friendly', 'Perfect for first-time trekkers', '?', '#10B981', 'difficulty', '{\"max_difficulty\":\"easy\",\"max_duration_days\":3}', 1, 1, '2025-11-01 07:12:29', '2025-11-01 07:12:29'),
(2, 'Advanced Trekker', 'For experienced trekkers seeking challenges', '?️', '#EF4444', 'difficulty', '{\"min_difficulty\":\"difficult\",\"min_duration_days\":5}', 1, 2, '2025-11-01 07:12:29', '2025-11-01 07:12:29'),
(3, 'Photography Paradise', 'Stunning landscapes perfect for photography', '?', '#8B5CF6', 'special', '{\"activities\":[\"photography\",\"mountain photography\",\"nature photography\"]}', 1, 3, '2025-11-01 07:12:29', '2025-11-01 07:12:29'),
(4, 'Cultural Experience', 'Rich cultural and spiritual experiences', '?️', '#F59E0B', 'special', '{\"activities\":[\"temple visits\",\"local culture\",\"spiritual ceremonies\"]}', 1, 4, '2025-11-01 07:12:29', '2025-11-01 07:12:29'),
(5, 'Monsoon Special', 'Best experienced during monsoon season', '?️', '#3B82F6', 'seasonal', '{\"best_season\":\"monsoon\"}', 1, 5, '2025-11-01 07:12:29', '2025-11-01 07:12:29'),
(6, 'Winter Wonderland', 'Magical winter trekking experience', '❄️', '#06B6D4', 'seasonal', '{\"best_season\":\"winter\"}', 1, 6, '2025-11-01 07:12:29', '2025-11-01 07:12:29'),
(7, 'Wildlife Spotting', 'Excellent opportunities for wildlife observation', '?', '#059669', 'special', '{\"activities\":[\"bird watching\",\"wildlife safari\"]}', 1, 7, '2025-11-01 07:12:29', '2025-11-01 07:12:29'),
(8, 'Adventure Certified', 'Certified adventure trek with safety standards', '?', '#DC2626', 'certification', '{\"safety_standards\":\"certified\"}', 1, 8, '2025-11-01 07:12:29', '2025-11-01 07:12:29'),
(9, 'Family Friendly', 'Suitable for families with children', '?‍?‍?‍?', '#EC4899', 'special', '{\"min_age\":8,\"max_difficulty\":\"moderate\"}', 1, 9, '2025-11-01 07:12:29', '2025-11-01 07:12:29'),
(10, 'Sunrise Special', 'Spectacular sunrise views from mountain peaks', '?', '#F97316', 'special', '{\"activities\":[\"sunrise viewing\",\"mountain views\"]}', 1, 10, '2025-11-01 07:12:29', '2025-11-01 07:12:29');

-- --------------------------------------------------------

--
-- Table structure for table `banner_items`
--

CREATE TABLE `banner_items` (
  `id` int NOT NULL,
  `banner_type_id` int NOT NULL COMMENT 'Reference to the banner type this item belongs to',
  `title` varchar(255) NOT NULL COMMENT 'Title of the banner item',
  `subtitle` varchar(500) DEFAULT NULL COMMENT 'Subtitle of the banner item',
  `description` text COMMENT 'Description of the banner item',
  `description_main` longtext CHARACTER SET utf8mb4 COLLATE utf8mb4_bin COMMENT 'Main descriptions array stored as JSON',
  `sub_description` longtext CHARACTER SET utf8mb4 COLLATE utf8mb4_bin COMMENT 'Dynamic rows array stored as JSON',
  `icon_url` varchar(500) DEFAULT NULL COMMENT 'URL of the icon for the banner item',
  `img_url` varchar(500) DEFAULT NULL COMMENT 'URL of the main image for the banner item',
  `background_type` enum('solid','gradient','image') NOT NULL DEFAULT 'gradient' COMMENT 'Type of background for the banner item',
  `text_color` varchar(7) NOT NULL DEFAULT '#FFFFFF' COMMENT 'Hex color code for text color',
  `text_alignment` enum('left','center','right') NOT NULL DEFAULT 'left' COMMENT 'Text alignment for the banner item',
  `primary_color` varchar(7) NOT NULL DEFAULT '#1E90FF' COMMENT 'Primary color for the banner item',
  `secondary_color` varchar(7) DEFAULT NULL COMMENT 'Secondary color for gradient backgrounds',
  `background_image` varchar(500) DEFAULT NULL COMMENT 'URL of the background image',
  `button_text` varchar(100) DEFAULT 'View More' COMMENT 'Text for the call-to-action button',
  `link_url` varchar(500) DEFAULT NULL COMMENT 'URL for the call-to-action link',
  `priority` int NOT NULL DEFAULT '1' COMMENT 'Priority/order for displaying the banner item',
  `status` enum('active','inactive') NOT NULL DEFAULT 'active' COMMENT 'Status of the banner item',
  `start_date` datetime DEFAULT NULL COMMENT 'Start date for banner item visibility',
  `end_date` datetime DEFAULT NULL COMMENT 'End date for banner item visibility',
  `created_at` datetime NOT NULL,
  `updated_at` datetime NOT NULL,
  `deleted_at` datetime DEFAULT NULL
) ;

-- --------------------------------------------------------

--
-- Table structure for table `banner_types`
--

CREATE TABLE `banner_types` (
  `id` int NOT NULL,
  `name` varchar(255) NOT NULL COMMENT 'Banner type name (e.g., Top Treks, What''s New)',
  `description` text COMMENT 'Brief description of this banner type',
  `card_width` enum('fixed','fluid','responsive') NOT NULL DEFAULT 'fixed' COMMENT 'Card width type for banner display',
  `card_height` enum('fixed','auto','aspect-ratio') NOT NULL DEFAULT 'fixed' COMMENT 'Card height type for banner display',
  `order` int NOT NULL DEFAULT '1' COMMENT 'Display order for banner type',
  `status` enum('active','inactive') NOT NULL DEFAULT 'inactive' COMMENT 'Status of the banner type',
  `start_date` datetime DEFAULT NULL COMMENT 'Start date for banner type visibility',
  `end_date` datetime DEFAULT NULL COMMENT 'End date for banner type visibility',
  `created_at` datetime NOT NULL,
  `updated_at` datetime NOT NULL,
  `deleted_at` datetime DEFAULT NULL
) ENGINE=InnoDB DEFAULT CHARSET=utf8mb3;

-- --------------------------------------------------------

--
-- Table structure for table `batches`
--

CREATE TABLE `batches` (
  `id` int NOT NULL,
  `tbr_id` varchar(10) NOT NULL COMMENT 'Trek Booking Record ID - auto-generated unique identifier',
  `trek_id` int NOT NULL,
  `start_date` date NOT NULL,
  `end_date` date NOT NULL,
  `capacity` int NOT NULL,
  `booked_slots` int NOT NULL DEFAULT '0' COMMENT 'Number of slots already booked for this batch',
  `available_slots` int NOT NULL DEFAULT '0' COMMENT 'Number of slots available for booking in this batch',
  `captain_id` int DEFAULT NULL COMMENT 'Reference to assigned captain/guide for this specific batch',
  `status` varchar(200) NOT NULL DEFAULT 'pending',
  `created_at` datetime NOT NULL,
  `updated_at` datetime NOT NULL
) ENGINE=InnoDB DEFAULT CHARSET=utf8mb3;

--
-- Dumping data for table `batches`
--

INSERT INTO `batches` (`id`, `tbr_id`, `trek_id`, `start_date`, `end_date`, `capacity`, `booked_slots`, `available_slots`, `captain_id`, `status`, `created_at`, `updated_at`) VALUES
(1, 'TBRISE2R26', 1, '2025-11-04', '2025-11-08', 20, 9, 11, NULL, 'pending', '2025-11-01 09:48:29', '2025-11-03 09:04:19'),
(2, 'TBR67ZEQ51', 1, '2025-11-05', '2025-11-09', 20, 4, 16, NULL, 'pending', '2025-11-01 09:48:29', '2025-11-03 07:07:09'),
(3, 'TBRJ5SPXE2', 1, '2025-11-06', '2025-11-10', 20, 0, 20, NULL, 'pending', '2025-11-01 09:48:29', '2025-11-01 09:48:29'),
(4, 'TBR67KWONB', 1, '2025-11-07', '2025-11-11', 20, 0, 20, NULL, 'pending', '2025-11-01 09:48:29', '2025-11-01 09:48:29'),
(5, 'TBR7F712XU', 1, '2025-11-08', '2025-11-12', 20, 0, 20, NULL, 'pending', '2025-11-01 09:48:29', '2025-11-01 09:48:29'),
(6, 'TBRPJK6CHD', 1, '2025-11-11', '2025-11-15', 20, 0, 20, NULL, 'pending', '2025-11-01 09:48:29', '2025-11-01 09:48:29'),
(7, 'TBRNAU4EMT', 1, '2025-11-12', '2025-11-16', 20, 0, 20, NULL, 'pending', '2025-11-01 09:48:29', '2025-11-01 09:48:29'),
(8, 'TBR62L8AIF', 1, '2025-11-13', '2025-11-17', 20, 0, 20, NULL, 'pending', '2025-11-01 09:48:29', '2025-11-01 09:48:29'),
(9, 'TBR6PL4EV4', 1, '2025-11-14', '2025-11-18', 20, 0, 20, NULL, 'pending', '2025-11-01 09:48:29', '2025-11-01 09:48:29'),
(10, 'TBRWFSLOFF', 1, '2025-11-15', '2025-11-19', 20, 0, 20, NULL, 'pending', '2025-11-01 09:48:29', '2025-11-01 09:48:29'),
(11, 'TBR8IB5WR2', 1, '2025-11-18', '2025-11-22', 20, 0, 20, NULL, 'pending', '2025-11-01 09:48:29', '2025-11-01 09:48:29'),
(12, 'TBRT1E7OVI', 1, '2025-11-19', '2025-11-23', 20, 0, 20, NULL, 'pending', '2025-11-01 09:48:29', '2025-11-01 09:48:29'),
(13, 'TBR9XUK660', 1, '2025-11-20', '2025-11-24', 20, 0, 20, NULL, 'pending', '2025-11-01 09:48:29', '2025-11-01 09:48:29'),
(14, 'TBRX07S3TJ', 1, '2025-11-21', '2025-11-25', 20, 0, 20, NULL, 'pending', '2025-11-01 09:48:29', '2025-11-01 09:48:29'),
(15, 'TBRSUMRDGW', 1, '2025-11-22', '2025-11-26', 20, 0, 20, NULL, 'pending', '2025-11-01 09:48:29', '2025-11-01 09:48:29'),
(16, 'TBRTAAUXFD', 1, '2025-11-25', '2025-11-29', 20, 0, 20, NULL, 'pending', '2025-11-01 09:48:29', '2025-11-01 09:48:29'),
(17, 'TBRFL8Q90I', 1, '2025-11-26', '2025-11-30', 20, 0, 20, NULL, 'pending', '2025-11-01 09:48:29', '2025-11-01 09:48:29'),
(18, 'TBRPNIJRZQ', 1, '2025-11-27', '2025-12-01', 20, 0, 20, NULL, 'pending', '2025-11-01 09:48:29', '2025-11-01 09:48:29'),
(19, 'TBRJFAC26N', 1, '2025-11-28', '2025-12-02', 20, 0, 20, NULL, 'pending', '2025-11-01 09:48:29', '2025-11-01 09:48:29'),
(20, 'TBR4I436IY', 1, '2025-11-29', '2025-12-03', 20, 0, 20, NULL, 'pending', '2025-11-01 09:48:29', '2025-11-01 09:48:29'),
(21, 'TBR5NAX6LL', 2, '2025-11-02', '2025-11-06', 25, 0, 25, NULL, 'pending', '2025-11-01 09:49:04', '2025-11-01 09:49:04'),
(22, 'TBRRE34GQV', 2, '2025-11-04', '2025-11-08', 25, 0, 25, NULL, 'pending', '2025-11-01 09:49:04', '2025-11-01 09:49:04'),
(23, 'TBRY4MFF26', 2, '2025-11-06', '2025-11-10', 25, 1, 24, NULL, 'pending', '2025-11-01 09:49:04', '2025-11-03 06:13:52'),
(24, 'TBRVRZLW4L', 2, '2025-11-07', '2025-11-11', 25, 0, 25, NULL, 'pending', '2025-11-01 09:49:04', '2025-11-01 09:49:04'),
(25, 'TBRJYLTTNU', 2, '2025-11-08', '2025-11-12', 25, 0, 25, NULL, 'pending', '2025-11-01 09:49:04', '2025-11-01 09:49:04'),
(26, 'TBR2R8STRH', 2, '2025-11-09', '2025-11-13', 25, 0, 25, NULL, 'pending', '2025-11-01 09:49:04', '2025-11-01 09:49:04'),
(27, 'TBRXOCEZ2L', 2, '2025-11-11', '2025-11-15', 25, 0, 25, NULL, 'pending', '2025-11-01 09:49:04', '2025-11-01 09:49:04'),
(28, 'TBR1TPGT3S', 2, '2025-11-13', '2025-11-17', 25, 0, 25, NULL, 'pending', '2025-11-01 09:49:04', '2025-11-01 09:49:04'),
(29, 'TBR6M7AUL3', 2, '2025-11-14', '2025-11-18', 25, 0, 25, NULL, 'pending', '2025-11-01 09:49:04', '2025-11-01 09:49:04'),
(30, 'TBRKQFMGU6', 2, '2025-11-15', '2025-11-19', 25, 0, 25, NULL, 'pending', '2025-11-01 09:49:04', '2025-11-01 09:49:04'),
(31, 'TBR4O01MXS', 2, '2025-11-16', '2025-11-20', 25, 0, 25, NULL, 'pending', '2025-11-01 09:49:04', '2025-11-01 09:49:04'),
(32, 'TBR5FRJAD6', 2, '2025-11-18', '2025-11-22', 25, 0, 25, NULL, 'pending', '2025-11-01 09:49:04', '2025-11-01 09:49:04'),
(33, 'TBR9VOIQ2O', 2, '2025-11-20', '2025-11-24', 25, 5, 20, NULL, 'pending', '2025-11-01 09:49:04', '2025-11-03 06:24:25'),
(34, 'TBRU0842NQ', 2, '2025-11-21', '2025-11-25', 25, 0, 25, NULL, 'pending', '2025-11-01 09:49:04', '2025-11-01 09:49:04'),
(35, 'TBR07MCKZY', 2, '2025-11-22', '2025-11-26', 25, 0, 25, NULL, 'pending', '2025-11-01 09:49:04', '2025-11-01 09:49:04'),
(36, 'TBRBN2KF56', 2, '2025-11-23', '2025-11-27', 25, 0, 25, NULL, 'pending', '2025-11-01 09:49:04', '2025-11-01 09:49:04'),
(37, 'TBRQ2X738C', 2, '2025-11-25', '2025-11-29', 25, 0, 25, NULL, 'pending', '2025-11-01 09:49:04', '2025-11-01 09:49:04'),
(38, 'TBR3V8D2ML', 2, '2025-11-27', '2025-12-01', 25, 0, 25, NULL, 'pending', '2025-11-01 09:49:04', '2025-11-01 09:49:04'),
(39, 'TBRNDBXCBL', 2, '2025-11-28', '2025-12-02', 25, 0, 25, NULL, 'pending', '2025-11-01 09:49:04', '2025-11-01 09:49:04'),
(40, 'TBRLIP9BKC', 2, '2025-11-29', '2025-12-03', 25, 0, 25, NULL, 'pending', '2025-11-01 09:49:04', '2025-11-01 09:49:04'),
(41, 'TBR0KJWPSZ', 2, '2025-11-30', '2025-12-04', 25, 0, 25, NULL, 'pending', '2025-11-01 09:49:04', '2025-11-01 09:49:04'),
(42, 'TBRFZW2E0K', 3, '2025-11-02', '2025-11-03', 5, 4, 1, NULL, 'pending', '2025-11-01 10:34:46', '2025-11-01 11:50:27'),
(43, 'TBR5LZI3BC', 3, '2025-11-15', '2025-11-16', 5, 0, 5, NULL, 'pending', '2025-11-01 10:34:46', '2025-11-01 10:34:46'),
(44, 'TBRAHA2K7T', 3, '2025-11-16', '2025-11-17', 5, 0, 5, NULL, 'pending', '2025-11-01 10:34:46', '2025-11-01 10:34:46'),
(45, 'TBREY4NFNH', 3, '2025-11-21', '2025-11-22', 5, 0, 5, NULL, 'pending', '2025-11-01 10:34:46', '2025-11-01 10:34:46'),
(46, 'TBRXWEH18K', 3, '2025-11-22', '2025-11-23', 5, 0, 5, NULL, 'pending', '2025-11-01 10:34:46', '2025-11-01 10:34:46'),
(47, 'TBR5EMYD7F', 3, '2025-11-23', '2025-11-24', 5, 0, 5, NULL, 'pending', '2025-11-01 10:34:46', '2025-11-01 10:34:46'),
(48, 'TBRLQM297H', 3, '2025-11-28', '2025-11-29', 5, 0, 5, NULL, 'pending', '2025-11-01 10:34:46', '2025-11-01 10:34:46'),
(49, 'TBRS5CBQEH', 3, '2025-11-29', '2025-11-30', 5, 0, 5, NULL, 'pending', '2025-11-01 10:34:46', '2025-11-01 10:34:46'),
(50, 'TBRXAMCC0H', 3, '2025-11-30', '2025-12-01', 5, 0, 5, NULL, 'pending', '2025-11-01 10:34:46', '2025-11-01 10:34:46'),
(51, 'TBR2E25GW3', 4, '2025-11-05', '2025-11-07', 12, 1, 11, NULL, 'pending', '2025-11-01 10:49:47', '2025-11-03 07:22:49'),
(52, 'TBR9EE94JR', 4, '2025-11-06', '2025-11-08', 12, 0, 12, NULL, 'pending', '2025-11-01 10:49:47', '2025-11-01 10:49:47'),
(53, 'TBRYWX27JE', 4, '2025-11-07', '2025-11-09', 12, 0, 12, NULL, 'pending', '2025-11-01 10:49:47', '2025-11-01 10:49:47'),
(54, 'TBRNCFJLBT', 4, '2025-11-08', '2025-11-10', 12, 0, 12, NULL, 'pending', '2025-11-01 10:49:47', '2025-11-01 10:49:47'),
(55, 'TBR31OH1JV', 4, '2025-11-12', '2025-11-14', 12, 0, 12, NULL, 'pending', '2025-11-01 10:49:47', '2025-11-01 10:49:47'),
(56, 'TBR4E5PMPV', 4, '2025-11-13', '2025-11-15', 12, 0, 12, NULL, 'pending', '2025-11-01 10:49:47', '2025-11-01 10:49:47'),
(57, 'TBRM716COX', 4, '2025-11-14', '2025-11-16', 12, 0, 12, NULL, 'pending', '2025-11-01 10:49:47', '2025-11-01 10:49:47'),
(58, 'TBR4H5TB7M', 4, '2025-11-15', '2025-11-17', 12, 0, 12, NULL, 'pending', '2025-11-01 10:49:47', '2025-11-01 10:49:47'),
(59, 'TBREPHADK5', 4, '2025-11-19', '2025-11-21', 12, 0, 12, NULL, 'pending', '2025-11-01 10:49:47', '2025-11-01 10:49:47'),
(60, 'TBR4QWAST7', 4, '2025-11-20', '2025-11-22', 12, 0, 12, NULL, 'pending', '2025-11-01 10:49:47', '2025-11-01 10:49:47'),
(61, 'TBRW2GZL37', 4, '2025-11-21', '2025-11-23', 12, 0, 12, NULL, 'pending', '2025-11-01 10:49:47', '2025-11-01 10:49:47'),
(62, 'TBR088X7WK', 4, '2025-11-22', '2025-11-24', 12, 0, 12, NULL, 'pending', '2025-11-01 10:49:47', '2025-11-01 10:49:47'),
(63, 'TBRVH6U5VY', 4, '2025-11-26', '2025-11-28', 12, 0, 12, NULL, 'pending', '2025-11-01 10:49:47', '2025-11-01 10:49:47'),
(64, 'TBRJ2EZ42I', 4, '2025-11-27', '2025-11-29', 12, 0, 12, NULL, 'pending', '2025-11-01 10:49:47', '2025-11-01 10:49:47'),
(65, 'TBRPITNTP0', 4, '2025-11-28', '2025-11-30', 12, 0, 12, NULL, 'pending', '2025-11-01 10:49:47', '2025-11-01 10:49:47'),
(66, 'TBRW1VAV7A', 4, '2025-11-29', '2025-12-01', 12, 0, 12, NULL, 'pending', '2025-11-01 10:49:47', '2025-11-01 10:49:47'),
(67, 'TBRDTEEEEE', 5, '2025-11-06', '2025-11-07', 9, 2, 7, NULL, 'pending', '2025-11-01 12:50:18', '2025-11-03 06:07:00'),
(68, 'TBRMF6OVUD', 5, '2025-11-07', '2025-11-08', 9, 0, 9, NULL, 'pending', '2025-11-01 12:50:18', '2025-11-01 12:50:18'),
(69, 'TBRNZKB5D0', 5, '2025-11-08', '2025-11-09', 9, 0, 9, NULL, 'pending', '2025-11-01 12:50:18', '2025-11-01 12:50:18'),
(70, 'TBRVH1Q7LP', 5, '2025-11-13', '2025-11-14', 9, 0, 9, NULL, 'pending', '2025-11-01 12:50:18', '2025-11-01 12:50:18'),
(71, 'TBR61LCZ4M', 5, '2025-11-14', '2025-11-15', 9, 0, 9, NULL, 'pending', '2025-11-01 12:50:18', '2025-11-01 12:50:18'),
(72, 'TBREMIV7UJ', 5, '2025-11-15', '2025-11-16', 9, 3, 6, NULL, 'pending', '2025-11-01 12:50:18', '2025-11-12 04:51:56'),
(73, 'TBRN9BYSEN', 5, '2025-11-20', '2025-11-21', 9, 5, 4, NULL, 'pending', '2025-11-01 12:50:18', '2025-11-03 06:33:20'),
(74, 'TBR6U0DYR1', 5, '2025-11-21', '2025-11-22', 9, 1, 8, NULL, 'pending', '2025-11-01 12:50:18', '2025-11-12 11:49:45'),
(75, 'TBREGZ175I', 5, '2025-11-22', '2025-11-23', 9, 0, 9, NULL, 'pending', '2025-11-01 12:50:18', '2025-11-01 12:50:18'),
(76, 'TBRE7FSG9K', 5, '2025-11-27', '2025-11-28', 9, 0, 9, NULL, 'pending', '2025-11-01 12:50:18', '2025-11-01 12:50:18'),
(77, 'TBRJVWT919', 5, '2025-11-28', '2025-11-29', 9, 0, 9, NULL, 'pending', '2025-11-01 12:50:18', '2025-11-01 12:50:18'),
(78, 'TBRA86KGC2', 5, '2025-11-29', '2025-11-30', 9, 0, 9, NULL, 'pending', '2025-11-01 12:50:18', '2025-11-01 12:50:18'),
(79, 'TBR01KR79E', 6, '2025-11-06', '2025-11-08', 12, 0, 12, NULL, 'pending', '2025-11-03 09:35:13', '2025-11-03 09:35:13'),
(80, 'TBRTMO39QC', 6, '2025-11-13', '2025-11-15', 12, 0, 12, NULL, 'pending', '2025-11-03 09:35:13', '2025-11-03 09:35:13'),
(81, 'TBRQX7RNUJ', 6, '2025-11-20', '2025-11-22', 12, 0, 12, NULL, 'pending', '2025-11-03 09:35:13', '2025-11-03 09:35:13'),
(82, 'TBRKXGQAA8', 6, '2025-11-27', '2025-11-29', 12, 0, 12, NULL, 'pending', '2025-11-03 09:35:13', '2025-11-03 09:35:13'),
(83, 'TBR1NC229I', 7, '2025-11-06', '2025-11-09', 17, 2, 15, NULL, 'pending', '2025-11-04 06:05:28', '2025-11-04 08:09:53'),
(84, 'TBRQ8A7F5O', 7, '2025-11-13', '2025-11-16', 17, 4, 13, NULL, 'pending', '2025-11-04 06:05:28', '2025-11-12 09:42:54'),
(85, 'TBRZQOKGUB', 7, '2025-11-20', '2025-11-23', 17, 0, 17, NULL, 'pending', '2025-11-04 06:05:28', '2025-11-04 06:05:28'),
(86, 'TBRHE3JKLX', 7, '2025-11-27', '2025-11-30', 17, 0, 17, NULL, 'pending', '2025-11-04 06:05:28', '2025-11-04 06:05:28'),
(87, 'TBR8686OA8', 8, '2025-11-07', '2025-11-09', 17, 0, 17, NULL, 'pending', '2025-11-04 10:14:28', '2025-11-04 10:14:28'),
(88, 'TBRY4C88LZ', 8, '2025-11-14', '2025-11-16', 17, 0, 17, NULL, 'pending', '2025-11-04 10:14:28', '2025-11-04 10:14:28'),
(89, 'TBRD3ITCIN', 8, '2025-11-21', '2025-11-23', 17, 0, 17, NULL, 'pending', '2025-11-04 10:14:28', '2025-11-04 10:14:28'),
(90, 'TBRXU4DWPE', 8, '2025-11-28', '2025-11-30', 17, 0, 17, NULL, 'pending', '2025-11-04 10:14:28', '2025-11-04 10:14:28'),
(91, 'TBRV47104S', 9, '2025-11-06', '2025-11-10', 17, 0, 17, NULL, 'pending', '2025-11-04 11:29:51', '2025-11-04 11:29:51'),
(92, 'TBR7HRKOFJ', 9, '2025-11-13', '2025-11-17', 17, 5, 12, NULL, 'pending', '2025-11-04 11:29:51', '2025-11-12 12:24:09'),
(93, 'TBR3HYEGKM', 9, '2025-11-20', '2025-11-24', 17, 0, 17, NULL, 'pending', '2025-11-04 11:29:51', '2025-11-04 11:29:51'),
(94, 'TBRZO2GFP5', 9, '2025-11-27', '2025-12-01', 17, 0, 17, NULL, 'pending', '2025-11-04 11:29:51', '2025-11-04 11:29:51'),
(95, 'TBRIPI8RUV', 10, '2025-11-06', '2025-11-10', 17, 0, 17, NULL, 'pending', '2025-11-04 12:00:33', '2025-11-04 12:00:33'),
(96, 'TBRCX0FHRZ', 10, '2025-11-13', '2025-11-17', 17, 0, 17, NULL, 'pending', '2025-11-04 12:00:33', '2025-11-04 12:00:33'),
(97, 'TBR2STXXTD', 10, '2025-11-20', '2025-11-24', 17, 0, 17, NULL, 'pending', '2025-11-04 12:00:33', '2025-11-04 12:00:33'),
(98, 'TBRCXI3KUZ', 10, '2025-11-27', '2025-12-01', 17, 0, 17, NULL, 'pending', '2025-11-04 12:00:33', '2025-11-04 12:00:33'),
(99, 'TBRJVBLVOK', 11, '2025-11-07', '2025-11-08', 18, 0, 18, NULL, 'pending', '2025-11-04 12:36:51', '2025-11-04 12:36:51'),
(100, 'TBRZSJPDOW', 11, '2025-11-14', '2025-11-15', 18, 0, 18, NULL, 'pending', '2025-11-04 12:36:51', '2025-11-04 12:36:51'),
(101, 'TBRGB2016W', 11, '2025-11-21', '2025-11-22', 18, 0, 18, NULL, 'pending', '2025-11-04 12:36:51', '2025-11-04 12:36:51'),
(102, 'TBR9NZ04XY', 11, '2025-11-28', '2025-11-29', 18, 0, 18, NULL, 'pending', '2025-11-04 12:36:51', '2025-11-04 12:36:51'),
(103, 'TBRZHJG826', 12, '2025-11-06', '2025-11-08', 20, 0, 20, NULL, 'pending', '2025-11-05 11:23:36', '2025-11-05 11:23:36'),
(104, 'TBRLKJGFLR', 12, '2025-11-13', '2025-11-15', 20, 4, 16, NULL, 'pending', '2025-11-05 11:23:36', '2025-11-12 11:53:37'),
(105, 'TBR8S0SQOU', 12, '2025-11-20', '2025-11-22', 20, 0, 20, NULL, 'pending', '2025-11-05 11:23:36', '2025-11-05 11:23:36'),
(106, 'TBRZKP2O0Q', 12, '2025-11-27', '2025-11-29', 20, 0, 20, NULL, 'pending', '2025-11-05 11:23:36', '2025-11-05 11:23:36'),
(107, 'TBR3PL8VGX', 13, '2025-11-08', '2025-11-10', 10, 0, 10, NULL, 'pending', '2025-11-05 11:34:07', '2025-11-05 11:34:07'),
(108, 'TBRXQ57HMH', 13, '2025-11-15', '2025-11-17', 10, 1, 9, NULL, 'pending', '2025-11-05 11:34:07', '2025-11-14 05:14:58'),
(109, 'TBR3I1EMXH', 13, '2025-11-22', '2025-11-24', 10, 0, 10, NULL, 'pending', '2025-11-05 11:34:07', '2025-11-05 11:34:07'),
(110, 'TBRABTK9IT', 13, '2025-11-29', '2025-12-01', 10, 0, 10, NULL, 'pending', '2025-11-05 11:34:07', '2025-11-05 11:34:07'),
(147, 'TBR4K74KOC', 14, '2025-11-06', '2025-11-08', 15, 0, 15, NULL, 'pending', '2025-11-05 11:56:55', '2025-11-05 11:56:55'),
(148, 'TBRF36UHOA', 14, '2025-11-13', '2025-11-15', 15, 2, 13, NULL, 'pending', '2025-11-05 11:56:55', '2025-11-12 10:49:00'),
(149, 'TBR297YDTW', 14, '2025-11-20', '2025-11-22', 15, 0, 15, NULL, 'pending', '2025-11-05 11:56:55', '2025-11-05 11:56:55'),
(150, 'TBRNT46JCJ', 14, '2025-11-27', '2025-11-29', 15, 0, 15, NULL, 'pending', '2025-11-05 11:56:55', '2025-11-05 11:56:55'),
(151, 'TBRG86CLWL', 15, '2025-11-09', '2025-11-12', 8, 0, 8, NULL, 'pending', '2025-11-05 12:02:04', '2025-11-05 12:02:04'),
(152, 'TBRJ8VNW5H', 15, '2025-11-16', '2025-11-19', 8, 0, 8, NULL, 'pending', '2025-11-05 12:02:04', '2025-11-05 12:02:04'),
(153, 'TBRGM8JPPE', 15, '2025-11-23', '2025-11-26', 8, 0, 8, NULL, 'pending', '2025-11-05 12:02:04', '2025-11-05 12:02:04'),
(154, 'TBRBIOH4GM', 15, '2025-11-30', '2025-12-03', 8, 0, 8, NULL, 'pending', '2025-11-05 12:02:04', '2025-11-05 12:02:04'),
(163, 'TBRLYJ9DOO', 16, '2025-11-06', '2025-11-08', 15, 0, 15, NULL, 'pending', '2025-11-05 12:12:47', '2025-11-05 12:12:47'),
(164, 'TBRILHRJHJ', 16, '2025-11-13', '2025-11-15', 15, 2, 13, NULL, 'pending', '2025-11-05 12:12:47', '2025-11-12 11:24:07'),
(165, 'TBRHACOXAF', 16, '2025-11-20', '2025-11-22', 15, 0, 15, NULL, 'pending', '2025-11-05 12:12:47', '2025-11-05 12:12:47'),
(166, 'TBRJO3T6EV', 16, '2025-11-27', '2025-11-29', 15, 0, 15, NULL, 'pending', '2025-11-05 12:12:47', '2025-11-05 12:12:47'),
(175, 'TBRVTUOBZX', 17, '2025-11-06', '2025-11-07', 5, 0, 5, NULL, 'pending', '2025-11-05 12:32:40', '2025-11-05 12:32:40'),
(176, 'TBREGV8XUB', 17, '2025-11-05', '2025-11-08', 5, 2, 3, NULL, 'pending', '2025-11-05 12:32:40', '2025-11-05 13:10:14'),
(177, 'TBR5XKES70', 17, '2025-11-08', '2025-11-09', 5, 0, 5, NULL, 'pending', '2025-11-05 12:32:40', '2025-11-05 12:32:40'),
(178, 'TBROZ75SLD', 17, '2025-11-09', '2025-11-10', 5, 0, 5, NULL, 'pending', '2025-11-05 12:32:40', '2025-11-05 12:32:40'),
(179, 'TBRNYWSA1N', 17, '2025-11-13', '2025-11-14', 5, 0, 5, NULL, 'pending', '2025-11-05 12:32:40', '2025-11-05 12:32:40'),
(180, 'TBRO6W7V8E', 17, '2025-11-14', '2025-11-15', 5, 0, 5, NULL, 'pending', '2025-11-05 12:32:40', '2025-11-05 12:32:40'),
(181, 'TBRK84YCKU', 17, '2025-11-15', '2025-11-16', 5, 0, 5, NULL, 'pending', '2025-11-05 12:32:40', '2025-11-05 12:32:40'),
(182, 'TBRW8TL1LV', 17, '2025-11-16', '2025-11-17', 5, 0, 5, NULL, 'pending', '2025-11-05 12:32:40', '2025-11-05 12:32:40'),
(183, 'TBRS6TM77W', 17, '2025-11-20', '2025-11-21', 5, 0, 5, NULL, 'pending', '2025-11-05 12:32:40', '2025-11-05 12:32:40'),
(184, 'TBR03S9HAK', 17, '2025-11-21', '2025-11-22', 5, 0, 5, NULL, 'pending', '2025-11-05 12:32:40', '2025-11-05 12:32:40'),
(185, 'TBR0F7SK3R', 17, '2025-11-22', '2025-11-23', 5, 0, 5, NULL, 'pending', '2025-11-05 12:32:40', '2025-11-05 12:32:40'),
(186, 'TBRD2NYS6J', 17, '2025-11-23', '2025-11-24', 5, 0, 5, NULL, 'pending', '2025-11-05 12:32:40', '2025-11-05 12:32:40'),
(187, 'TBRP6BE62A', 17, '2025-11-27', '2025-11-28', 5, 0, 5, NULL, 'pending', '2025-11-05 12:32:40', '2025-11-05 12:32:40'),
(188, 'TBR8D1D16U', 17, '2025-11-28', '2025-11-29', 5, 0, 5, NULL, 'pending', '2025-11-05 12:32:40', '2025-11-05 12:32:40'),
(189, 'TBRLHE8SNH', 17, '2025-11-29', '2025-11-30', 5, 0, 5, NULL, 'pending', '2025-11-05 12:32:40', '2025-11-05 12:32:40'),
(190, 'TBRAT9DFTU', 17, '2025-11-30', '2025-12-01', 5, 0, 5, NULL, 'pending', '2025-11-05 12:32:40', '2025-11-05 12:32:40'),
(191, 'TBRW2QCKPY', 18, '2025-11-13', '2025-11-15', 10, 0, 10, NULL, 'pending', '2025-11-06 05:27:14', '2025-11-06 06:06:15'),
(192, 'TBRMOVUQP1', 18, '2025-11-20', '2025-11-22', 10, 0, 10, NULL, 'pending', '2025-11-06 05:27:14', '2025-11-06 05:27:14'),
(193, 'TBR8QSG6O1', 18, '2025-11-27', '2025-11-29', 10, 0, 10, NULL, 'pending', '2025-11-06 05:27:14', '2025-11-06 05:27:14'),
(194, 'TBRLX2XBBX', 19, '2025-11-13', '2025-11-14', 10, 0, 10, NULL, 'pending', '2025-11-06 09:32:48', '2025-11-06 09:32:48'),
(195, 'TBRKU5NC4R', 19, '2025-11-20', '2025-11-21', 10, 0, 10, NULL, 'pending', '2025-11-06 09:32:48', '2025-11-06 09:32:48'),
(196, 'TBRZU8MB6Z', 19, '2025-11-27', '2025-11-28', 10, 0, 10, NULL, 'pending', '2025-11-06 09:32:48', '2025-11-06 09:32:48'),
(197, 'TBRR7OMIYO', 20, '2025-11-08', '2025-11-10', 22, 0, 22, NULL, 'pending', '2025-11-06 09:55:02', '2025-11-06 09:55:02'),
(198, 'TBRWLY8BGK', 20, '2025-11-15', '2025-11-17', 22, 0, 22, NULL, 'pending', '2025-11-06 09:55:02', '2025-11-06 09:55:02'),
(199, 'TBR7Y54987', 20, '2025-11-22', '2025-11-24', 22, 0, 22, NULL, 'pending', '2025-11-06 09:55:02', '2025-11-06 09:55:02'),
(200, 'TBRP60ZFRE', 20, '2025-11-29', '2025-12-01', 22, 0, 22, NULL, 'pending', '2025-11-06 09:55:02', '2025-11-06 09:55:02'),
(205, 'TBR7MTE3MC', 21, '2025-11-09', '2025-11-11', 25, 1, 24, NULL, 'pending', '2025-11-06 10:13:45', '2025-11-08 11:50:09'),
(206, 'TBRXKH6UGL', 21, '2025-11-16', '2025-11-18', 25, 0, 25, NULL, 'pending', '2025-11-06 10:13:45', '2025-11-06 10:13:45'),
(207, 'TBRGQ9CC64', 21, '2025-11-23', '2025-11-25', 25, 0, 25, NULL, 'pending', '2025-11-06 10:13:45', '2025-11-06 10:13:45'),
(208, 'TBRWJC82OJ', 21, '2025-11-30', '2025-12-02', 25, 0, 25, NULL, 'pending', '2025-11-06 10:13:45', '2025-11-06 10:13:45'),
(209, 'TBRRZAUSBJ', 22, '2025-11-10', '2025-11-13', 25, 0, 25, NULL, 'pending', '2025-11-06 10:36:43', '2025-11-06 10:36:43'),
(210, 'TBR9J0XC43', 22, '2025-11-17', '2025-11-20', 25, 0, 25, NULL, 'pending', '2025-11-06 10:36:43', '2025-11-06 10:36:43'),
(211, 'TBRR6V579B', 22, '2025-11-24', '2025-11-27', 25, 0, 25, NULL, 'pending', '2025-11-06 10:36:43', '2025-11-06 10:36:43'),
(212, 'TBRMHC68ZU', 23, '2025-11-07', '2025-11-10', 10, 6, 4, NULL, 'pending', '2025-11-06 11:03:28', '2025-11-06 11:29:22'),
(213, 'TBRKX17FS7', 23, '2025-11-14', '2025-11-17', 10, 0, 10, NULL, 'pending', '2025-11-06 11:03:28', '2025-11-06 11:03:28'),
(214, 'TBRG6357U9', 23, '2025-11-21', '2025-11-24', 10, 0, 10, NULL, 'pending', '2025-11-06 11:03:28', '2025-11-06 11:03:28'),
(215, 'TBRTF7IH68', 23, '2025-11-28', '2025-12-01', 10, 0, 10, NULL, 'pending', '2025-11-06 11:03:28', '2025-11-06 11:03:28'),
(216, 'TBRHU5B7B2', 24, '2025-11-14', '2025-11-15', 8, 3, 5, NULL, 'pending', '2025-11-07 04:59:12', '2025-11-07 10:32:31'),
(217, 'TBRMI1RO1X', 24, '2025-11-21', '2025-11-22', 8, 0, 8, NULL, 'pending', '2025-11-07 04:59:12', '2025-11-07 04:59:12'),
(218, 'TBR6SV1AKG', 24, '2025-11-28', '2025-11-29', 8, 0, 8, NULL, 'pending', '2025-11-07 04:59:12', '2025-11-07 04:59:12'),
(219, 'TBRBPEOXBQ', 25, '2025-11-13', '2025-11-16', 10, 4, 6, NULL, 'pending', '2025-11-07 05:09:57', '2025-11-07 11:04:16'),
(220, 'TBRQM0TEI6', 25, '2025-11-20', '2025-11-23', 10, 0, 10, NULL, 'pending', '2025-11-07 05:09:57', '2025-11-07 05:09:57'),
(221, 'TBRM8W2PY9', 25, '2025-11-27', '2025-11-30', 10, 0, 10, NULL, 'pending', '2025-11-07 05:09:57', '2025-11-07 05:09:57'),
(222, 'TBRXDJEHIN', 26, '2025-11-08', '2025-11-09', 14, 8, 6, NULL, 'pending', '2025-11-07 05:19:33', '2025-11-07 09:40:18'),
(223, 'TBRCOPJ0HJ', 26, '2025-11-15', '2025-11-16', 14, 0, 14, NULL, 'pending', '2025-11-07 05:19:33', '2025-11-07 05:19:33'),
(224, 'TBRRBET4CU', 26, '2025-11-22', '2025-11-23', 14, 0, 14, NULL, 'pending', '2025-11-07 05:19:33', '2025-11-07 05:19:33'),
(225, 'TBR211I3C5', 26, '2025-11-29', '2025-11-30', 14, 0, 14, NULL, 'pending', '2025-11-07 05:19:33', '2025-11-07 05:19:33'),
(226, 'TBR5MZJ56D', 27, '2025-11-09', '2025-11-11', 25, 0, 25, NULL, 'pending', '2025-11-07 06:01:05', '2025-11-07 06:01:05'),
(227, 'TBRDPDLE7W', 27, '2025-11-16', '2025-11-18', 25, 0, 25, NULL, 'pending', '2025-11-07 06:01:05', '2025-11-07 06:01:05'),
(228, 'TBREPPVCZM', 27, '2025-11-23', '2025-11-25', 25, 0, 25, NULL, 'pending', '2025-11-07 06:01:05', '2025-11-07 06:01:05'),
(229, 'TBRH9W9CU8', 27, '2025-11-30', '2025-12-02', 25, 0, 25, NULL, 'pending', '2025-11-07 06:01:05', '2025-11-07 06:01:05'),
(242, 'TBR73T6XWQ', 28, '2025-11-10', '2025-11-11', 20, 0, 20, NULL, 'pending', '2025-11-07 06:14:53', '2025-11-07 06:14:53'),
(243, 'TBRR5MH7AP', 28, '2025-11-17', '2025-11-18', 20, 0, 20, NULL, 'pending', '2025-11-07 06:14:53', '2025-11-07 06:14:53'),
(244, 'TBR0ZJGQ2S', 28, '2025-11-24', '2025-11-25', 20, 0, 20, NULL, 'pending', '2025-11-07 06:14:53', '2025-11-07 06:14:53'),
(245, 'TBRZ4ZLDJQ', 29, '2025-11-08', '2025-11-10', 8, 0, 8, NULL, 'pending', '2025-11-07 06:28:39', '2025-11-07 06:28:39'),
(246, 'TBRYHR5PIV', 29, '2025-11-15', '2025-11-17', 8, 0, 8, NULL, 'pending', '2025-11-07 06:28:39', '2025-11-07 06:28:39'),
(247, 'TBRJ92M6HL', 29, '2025-11-22', '2025-11-24', 8, 0, 8, NULL, 'pending', '2025-11-07 06:28:39', '2025-11-07 06:28:39'),
(248, 'TBRIOG6O24', 29, '2025-11-29', '2025-12-01', 8, 0, 8, NULL, 'pending', '2025-11-07 06:28:39', '2025-11-07 06:28:39'),
(249, 'TBRL612LV7', 30, '2025-11-09', '2025-11-11', 30, 0, 30, NULL, 'pending', '2025-11-07 06:32:06', '2025-11-07 06:32:06'),
(250, 'TBRVXPGB22', 30, '2025-11-16', '2025-11-18', 30, 0, 30, NULL, 'pending', '2025-11-07 06:32:06', '2025-11-07 06:32:06'),
(251, 'TBRH55W4JU', 30, '2025-11-23', '2025-11-25', 30, 0, 30, NULL, 'pending', '2025-11-07 06:32:06', '2025-11-07 06:32:06'),
(252, 'TBRQRAH1LL', 30, '2025-11-30', '2025-12-02', 30, 0, 30, NULL, 'pending', '2025-11-07 06:32:06', '2025-11-07 06:32:06'),
(261, 'TBR9246J7M', 31, '2025-11-09', '2025-11-10', 25, 0, 25, NULL, 'pending', '2025-11-07 06:43:12', '2025-11-07 06:43:12'),
(262, 'TBRZYBU9Z4', 31, '2025-11-16', '2025-11-17', 25, 0, 25, NULL, 'pending', '2025-11-07 06:43:12', '2025-11-07 06:43:12'),
(263, 'TBRF395YVO', 31, '2025-11-23', '2025-11-24', 25, 0, 25, NULL, 'pending', '2025-11-07 06:43:12', '2025-11-07 06:43:12'),
(264, 'TBRH9SZASF', 31, '2025-11-30', '2025-12-01', 25, 0, 25, NULL, 'pending', '2025-11-07 06:43:12', '2025-11-07 06:43:12'),
(273, 'TBRWYDDKVZ', 32, '2025-11-09', '2025-11-10', 25, 0, 25, NULL, 'pending', '2025-11-07 06:51:52', '2025-11-07 06:51:52'),
(274, 'TBRQ6AU3YR', 32, '2025-11-16', '2025-11-17', 25, 0, 25, NULL, 'pending', '2025-11-07 06:51:52', '2025-11-07 06:51:52'),
(275, 'TBRNM6GWDH', 32, '2025-11-23', '2025-11-24', 25, 0, 25, NULL, 'pending', '2025-11-07 06:51:52', '2025-11-07 06:51:52'),
(276, 'TBRG2Z9OMB', 32, '2025-11-30', '2025-12-01', 25, 0, 25, NULL, 'pending', '2025-11-07 06:51:52', '2025-11-07 06:51:52'),
(309, 'TBRL5C09ST', 33, '2025-11-09', '2025-11-11', 10, 0, 10, NULL, 'pending', '2025-11-07 07:12:43', '2025-11-07 07:12:43'),
(310, 'TBREPTF0XN', 33, '2025-11-16', '2025-11-18', 10, 0, 10, NULL, 'pending', '2025-11-07 07:12:43', '2025-11-07 07:12:43'),
(311, 'TBRRDJZCBN', 33, '2025-11-23', '2025-11-25', 10, 0, 10, NULL, 'pending', '2025-11-07 07:12:43', '2025-11-07 07:12:43'),
(312, 'TBRR4AE984', 33, '2025-11-30', '2025-12-02', 10, 0, 10, NULL, 'pending', '2025-11-07 07:12:43', '2025-11-07 07:12:43'),
(321, 'TBRB1J44KB', 34, '2025-11-08', '2025-11-09', 14, 0, 14, NULL, 'pending', '2025-11-07 07:18:21', '2025-11-07 07:18:21'),
(322, 'TBRKZ91YG1', 34, '2025-11-15', '2025-11-16', 14, 0, 14, NULL, 'pending', '2025-11-07 07:18:21', '2025-11-07 07:18:21'),
(323, 'TBRCE8KFEW', 34, '2025-11-22', '2025-11-23', 14, 0, 14, NULL, 'pending', '2025-11-07 07:18:21', '2025-11-07 07:18:21'),
(324, 'TBRJAK9638', 34, '2025-11-29', '2025-11-30', 14, 0, 14, NULL, 'pending', '2025-11-07 07:18:21', '2025-11-07 07:18:21'),
(329, 'TBRWUOVQXJ', 35, '2025-11-08', '2025-11-10', 8, 0, 8, NULL, 'pending', '2025-11-07 07:24:24', '2025-11-07 07:24:24'),
(330, 'TBRR24GAC9', 35, '2025-11-15', '2025-11-17', 8, 0, 8, NULL, 'pending', '2025-11-07 07:24:24', '2025-11-07 07:24:24'),
(331, 'TBRDZC7AG3', 35, '2025-11-22', '2025-11-24', 8, 0, 8, NULL, 'pending', '2025-11-07 07:24:24', '2025-11-07 07:24:24'),
(332, 'TBRGE6JT7G', 35, '2025-11-29', '2025-12-01', 8, 0, 8, NULL, 'pending', '2025-11-07 07:24:24', '2025-11-07 07:24:24'),
(337, 'TBR3UFTTSF', 36, '2025-11-08', '2025-11-12', 20, 0, 20, NULL, 'pending', '2025-11-07 08:45:15', '2025-11-07 08:45:15'),
(338, 'TBR4UKYD8T', 36, '2025-11-15', '2025-11-19', 20, 0, 20, NULL, 'pending', '2025-11-07 08:45:15', '2025-11-07 08:45:15'),
(339, 'TBRM1TCPQA', 36, '2025-11-22', '2025-11-26', 20, 0, 20, NULL, 'pending', '2025-11-07 08:45:15', '2025-11-07 08:45:15'),
(340, 'TBR3TXX9MN', 36, '2025-11-29', '2025-12-03', 20, 0, 20, NULL, 'pending', '2025-11-07 08:45:15', '2025-11-07 08:45:15'),
(341, 'TBR1CND470', 37, '2025-11-09', '2025-11-11', 20, 0, 20, NULL, 'pending', '2025-11-07 08:45:20', '2025-11-07 08:45:20'),
(342, 'TBRZGITXE5', 37, '2025-11-16', '2025-11-18', 20, 0, 20, NULL, 'pending', '2025-11-07 08:45:20', '2025-11-07 08:45:20'),
(343, 'TBRRPXUD67', 37, '2025-11-23', '2025-11-25', 20, 0, 20, NULL, 'pending', '2025-11-07 08:45:20', '2025-11-07 08:45:20'),
(344, 'TBRCMRLL4L', 37, '2025-11-30', '2025-12-02', 20, 0, 20, NULL, 'pending', '2025-11-07 08:45:20', '2025-11-07 08:45:20'),
(348, 'TBRZ3SKLK8', 38, '2025-11-10', '2025-11-11', 22, 0, 22, NULL, 'pending', '2025-11-07 08:53:42', '2025-11-07 08:53:42'),
(349, 'TBRMTIN4XH', 38, '2025-11-17', '2025-11-18', 22, 0, 22, NULL, 'pending', '2025-11-07 08:53:42', '2025-11-07 08:53:42'),
(350, 'TBR8JS644W', 38, '2025-11-24', '2025-11-25', 22, 0, 22, NULL, 'pending', '2025-11-07 08:53:42', '2025-11-07 08:53:42'),
(351, 'TBRJT4D8ND', 39, '2025-11-09', '2025-11-12', 10, 0, 10, NULL, 'pending', '2025-11-07 08:55:29', '2025-11-07 08:55:29'),
(352, 'TBR7HFK62S', 39, '2025-11-16', '2025-11-19', 10, 0, 10, NULL, 'pending', '2025-11-07 08:55:29', '2025-11-07 08:55:29'),
(353, 'TBR2EN2BV2', 39, '2025-11-23', '2025-11-26', 10, 0, 10, NULL, 'pending', '2025-11-07 08:55:29', '2025-11-07 08:55:29'),
(354, 'TBRAOVPRJU', 39, '2025-11-30', '2025-12-03', 10, 0, 10, NULL, 'pending', '2025-11-07 08:55:29', '2025-11-07 08:55:29'),
(355, 'TBR7L0PBVH', 40, '2025-11-10', '2025-11-12', 25, 0, 25, NULL, 'pending', '2025-11-07 09:02:30', '2025-11-07 09:02:30'),
(356, 'TBRQ6U1329', 40, '2025-11-17', '2025-11-19', 25, 0, 25, NULL, 'pending', '2025-11-07 09:02:30', '2025-11-07 09:02:30'),
(357, 'TBRLHO2YG8', 40, '2025-11-24', '2025-11-26', 25, 0, 25, NULL, 'pending', '2025-11-07 09:02:30', '2025-11-07 09:02:30'),
(362, 'TBR54EIGZ2', 41, '2025-12-09', '2025-12-14', 18, 0, 18, NULL, 'pending', '2025-11-07 09:09:08', '2025-11-07 11:05:06'),
(363, 'TBRMK77A5Q', 41, '2025-12-16', '2025-12-21', 18, 0, 18, NULL, 'pending', '2025-11-07 09:09:08', '2025-11-07 09:09:08'),
(364, 'TBRJGNN3BL', 41, '2025-12-23', '2025-12-28', 18, 0, 18, NULL, 'pending', '2025-11-07 09:09:08', '2025-11-07 09:09:08'),
(365, 'TBRPR8I75W', 41, '2025-12-30', '2026-01-04', 18, 0, 18, NULL, 'pending', '2025-11-07 09:09:08', '2025-11-07 09:09:08'),
(366, 'TBRTV5U4D8', 42, '2025-11-08', '2025-11-10', 26, 0, 26, NULL, 'pending', '2025-11-07 09:11:31', '2025-11-07 09:11:31'),
(367, 'TBR5EK04S7', 42, '2025-11-15', '2025-11-17', 26, 0, 26, NULL, 'pending', '2025-11-07 09:11:31', '2025-11-07 09:11:31'),
(368, 'TBRSBB8034', 42, '2025-11-22', '2025-11-24', 26, 0, 26, NULL, 'pending', '2025-11-07 09:11:31', '2025-11-07 09:11:31'),
(369, 'TBR9UW146V', 42, '2025-11-29', '2025-12-01', 26, 0, 26, NULL, 'pending', '2025-11-07 09:11:31', '2025-11-07 09:11:31'),
(376, 'TBR1XXX0IY', 43, '2025-11-08', '2025-11-11', 12, 4, 8, NULL, 'pending', '2025-11-07 09:23:07', '2025-11-07 09:27:40'),
(377, 'TBR68ULP2G', 43, '2025-11-15', '2025-11-18', 12, 0, 12, NULL, 'pending', '2025-11-07 09:23:07', '2025-11-07 09:23:07'),
(378, 'TBRPQR9NHP', 43, '2025-11-22', '2025-11-25', 12, 0, 12, NULL, 'pending', '2025-11-07 09:23:07', '2025-11-07 09:23:07'),
(379, 'TBRZQRLXYG', 43, '2025-11-29', '2025-12-02', 12, 0, 12, NULL, 'pending', '2025-11-07 09:23:07', '2025-11-07 09:23:07'),
(383, 'TBR4E38F6F', 44, '2025-11-15', '2025-11-16', 10, 0, 10, NULL, 'pending', '2025-11-08 05:12:30', '2025-11-08 05:12:30'),
(384, 'TBR0Q6MWO9', 44, '2025-11-22', '2025-11-23', 10, 0, 10, NULL, 'pending', '2025-11-08 05:12:30', '2025-11-08 05:12:30'),
(385, 'TBR213W2MX', 44, '2025-11-29', '2025-11-30', 10, 0, 10, NULL, 'pending', '2025-11-08 05:12:30', '2025-11-08 05:12:30'),
(386, 'TBRBPSRWZ5', 45, '2026-01-03', '2026-01-04', 15, 0, 15, NULL, 'pending', '2026-01-02 07:23:14', '2026-01-02 07:23:14'),
(387, 'TBRUT3XUIN', 45, '2026-01-10', '2026-01-11', 15, 0, 15, NULL, 'pending', '2026-01-02 07:23:14', '2026-01-02 07:23:14'),
(388, 'TBR2W2UR9N', 45, '2026-01-17', '2026-01-18', 15, 0, 15, NULL, 'pending', '2026-01-02 07:23:14', '2026-01-02 07:23:14'),
(389, 'TBRFEXHW6E', 45, '2026-01-24', '2026-01-25', 15, 0, 15, NULL, 'pending', '2026-01-02 07:23:14', '2026-01-02 07:23:14'),
(390, 'TBR79RF30V', 45, '2026-01-31', '2026-02-01', 15, 0, 15, NULL, 'pending', '2026-01-02 07:23:14', '2026-01-02 07:23:14'),
(391, 'TBR39CBTMQ', 46, '2026-01-06', '2026-01-10', 20, 0, 20, NULL, 'pending', '2026-01-02 09:04:07', '2026-01-02 09:04:07'),
(392, 'TBR7078M33', 46, '2026-01-09', '2026-01-13', 20, 0, 20, NULL, 'pending', '2026-01-02 09:04:07', '2026-01-02 09:04:07'),
(393, 'TBRS8JZHI1', 46, '2026-01-10', '2026-01-14', 20, 0, 20, NULL, 'pending', '2026-01-02 09:04:07', '2026-01-02 09:04:07'),
(394, 'TBRSKJQW8Z', 46, '2026-01-16', '2026-01-20', 20, 0, 20, NULL, 'pending', '2026-01-02 09:04:07', '2026-01-02 09:04:07'),
(395, 'TBR6KYCNU8', 46, '2026-01-17', '2026-01-21', 20, 0, 20, NULL, 'pending', '2026-01-02 09:04:07', '2026-01-02 09:04:07'),
(396, 'TBR6BFZLVS', 46, '2026-01-23', '2026-01-27', 20, 0, 20, NULL, 'pending', '2026-01-02 09:04:07', '2026-01-02 09:04:07'),
(397, 'TBRZ7ZCMHR', 46, '2026-01-24', '2026-01-28', 20, 0, 20, NULL, 'pending', '2026-01-02 09:04:07', '2026-01-02 09:04:07'),
(398, 'TBR74QYSZI', 46, '2026-01-30', '2026-02-03', 20, 0, 20, NULL, 'pending', '2026-01-02 09:04:07', '2026-01-02 09:04:07'),
(399, 'TBRHL5F6CZ', 46, '2026-01-31', '2026-02-04', 20, 0, 20, NULL, 'pending', '2026-01-02 09:04:07', '2026-01-02 09:04:07'),
(400, 'TBRPRXQ0P0', 47, '2026-01-06', '2026-01-09', 28, 0, 28, NULL, 'pending', '2026-01-02 09:26:41', '2026-01-02 09:26:41'),
(401, 'TBR29MZCC5', 47, '2026-01-09', '2026-01-12', 28, 0, 28, NULL, 'pending', '2026-01-02 09:26:41', '2026-01-02 09:26:41'),
(402, 'TBRPHLVHJJ', 47, '2026-01-10', '2026-01-13', 28, 0, 28, NULL, 'pending', '2026-01-02 09:26:41', '2026-01-02 09:26:41'),
(403, 'TBR1R7TAOJ', 47, '2026-01-16', '2026-01-19', 28, 0, 28, NULL, 'pending', '2026-01-02 09:26:41', '2026-01-02 09:26:41'),
(404, 'TBRV116BS5', 47, '2026-01-17', '2026-01-20', 28, 0, 28, NULL, 'pending', '2026-01-02 09:26:41', '2026-01-02 09:26:41'),
(405, 'TBRN1MB0HY', 47, '2026-01-23', '2026-01-26', 28, 0, 28, NULL, 'pending', '2026-01-02 09:26:41', '2026-01-02 09:26:41'),
(406, 'TBRNW8J0UN', 47, '2026-01-24', '2026-01-27', 28, 0, 28, NULL, 'pending', '2026-01-02 09:26:41', '2026-01-02 09:26:41'),
(407, 'TBRBV9UH0N', 47, '2026-01-30', '2026-02-02', 28, 0, 28, NULL, 'pending', '2026-01-02 09:26:41', '2026-01-02 09:26:41'),
(408, 'TBRJUJP6E6', 47, '2026-01-31', '2026-02-03', 28, 0, 28, NULL, 'pending', '2026-01-02 09:26:41', '2026-01-02 09:26:41');

-- --------------------------------------------------------

--
-- Table structure for table `batch_cancellation_requests`
--

CREATE TABLE `batch_cancellation_requests` (
  `id` int NOT NULL,
  `batch_id` int NOT NULL,
  `vendor_id` int NOT NULL,
  `reason` text NOT NULL,
  `record_details` longtext CHARACTER SET utf8mb4 COLLATE utf8mb4_bin,
  `status` enum('pending','approved','rejected') DEFAULT 'pending',
  `admin_response` text,
  `processed_by` int DEFAULT NULL COMMENT 'ID of admin who processed the request',
  `processed_at` datetime DEFAULT NULL,
  `requested_at` datetime DEFAULT NULL,
  `created_at` datetime NOT NULL,
  `updated_at` datetime NOT NULL
) ;

--
-- Dumping data for table `batch_cancellation_requests`
--

INSERT INTO `batch_cancellation_requests` (`id`, `batch_id`, `vendor_id`, `reason`, `record_details`, `status`, `admin_response`, `processed_by`, `processed_at`, `requested_at`, `created_at`, `updated_at`) VALUES
(1, 401, 1, 'Not interest', '{\"serviceName\":\"Mumbai crocks\",\"totalBookings\":0}', 'pending', NULL, NULL, NULL, '2026-01-07 07:25:34', '2026-01-07 07:25:34', '2026-01-07 07:25:34'),
(2, 402, 1, 'not interested', '{\"serviceName\":\"Mumbai crocks\",\"totalBookings\":0}', 'pending', NULL, NULL, NULL, '2026-01-07 07:27:59', '2026-01-07 07:27:59', '2026-01-07 07:27:59');

-- --------------------------------------------------------

--
-- Table structure for table `boarding_points`
--

CREATE TABLE `boarding_points` (
  `id` int NOT NULL,
  `name` varchar(255) NOT NULL COMMENT 'Name of the pickup point',
  `city_id` int NOT NULL COMMENT 'Reference to the city',
  `created_at` datetime DEFAULT NULL,
  `updated_at` datetime DEFAULT NULL
) ENGINE=InnoDB DEFAULT CHARSET=utf8mb3;

--
-- Dumping data for table `boarding_points`
--

INSERT INTO `boarding_points` (`id`, `name`, `city_id`, `created_at`, `updated_at`) VALUES
(1, 'kempegowda railwaystation', 22, '2025-11-01 09:26:00', '2025-11-01 09:26:00'),
(2, 'bus stand', 22, '2025-11-01 10:32:02', '2025-11-01 10:32:02'),
(3, 'wdfsdf', 22, '2025-11-01 10:48:29', '2025-11-01 10:48:29'),
(4, 'Railway Station', 38, '2025-11-03 09:19:43', '2025-11-03 09:19:43'),
(5, 'Railway Station', 22, '2025-11-04 05:44:42', '2025-11-04 05:44:42'),
(12, 'Naharlagun Railway Station', 42, '2025-11-05 05:35:24', '2025-11-05 05:35:24'),
(13, '      National Flag - Itanagar Naharlagun Railway Station', 42, '2025-11-05 05:35:24', '2025-11-05 05:35:24'),
(14, '     Arunachal Pradesh State Transport Station', 42, '2025-11-05 05:35:24', '2025-11-05 05:35:24'),
(15, '    PHQ BUS STAND', 42, '2025-11-05 05:35:24', '2025-11-05 05:35:24'),
(16, '   LEKHI BUS COUNTER ', 42, '2025-11-05 05:35:24', '2025-11-05 05:35:24'),
(17, '  INTER-STATE Arunachal pradesh', 42, '2025-11-05 05:35:24', '2025-11-05 05:35:24'),
(18, '  LEKHI BUS COUNTER ', 42, '2025-11-05 05:35:24', '2025-11-05 05:35:24'),
(19, ' INTER-STATE Arunachal pradesh', 42, '2025-11-05 05:35:24', '2025-11-05 05:35:24'),
(20, ' APSTS Counter', 42, '2025-11-05 05:35:24', '2025-11-05 05:35:24'),
(21, 'Guntur Railway Station', 41, '2025-11-05 05:40:34', '2025-11-05 05:40:34'),
(22, '   Guntur Junction', 41, '2025-11-05 05:40:34', '2025-11-05 05:40:34'),
(23, '  NTR Bus Station', 41, '2025-11-05 05:40:34', '2025-11-05 05:40:34'),
(24, ' APSRTC', 41, '2025-11-05 05:40:34', '2025-11-05 05:40:34'),
(25, 'Pandit Nehru Bus Station (PNBS)', 40, '2025-11-05 05:43:47', '2025-11-05 05:43:47'),
(26, '    Andhra Pradesh State Road Transport Corporation (APSRTC)', 40, '2025-11-05 05:43:47', '2025-11-05 05:43:47'),
(27, '   Vijayawada bus stand', 40, '2025-11-05 05:43:47', '2025-11-05 05:43:47'),
(28, '  Vijayawada Junction railway station', 40, '2025-11-05 05:43:47', '2025-11-05 05:43:47'),
(29, ' Vijayawada Junction', 40, '2025-11-05 05:43:47', '2025-11-05 05:43:47'),
(30, 'Visakhapatnam Railway Station', 39, '2025-11-05 05:49:10', '2025-11-05 05:49:10'),
(31, '      Vizag Railway Station', 39, '2025-11-05 05:49:10', '2025-11-05 05:49:10'),
(32, '     railway station', 39, '2025-11-05 05:49:10', '2025-11-05 05:49:10'),
(33, '    Dwaraka Bus Station', 39, '2025-11-05 05:49:10', '2025-11-05 05:49:10'),
(34, '   RTC Complex', 39, '2025-11-05 05:49:10', '2025-11-05 05:49:10'),
(35, '  Central Bus Station (CBS)', 39, '2025-11-05 05:49:10', '2025-11-05 05:49:10'),
(36, ' Andhra Pradesh State Road Transport Corporation (APSRTC)', 39, '2025-11-05 05:49:10', '2025-11-05 05:49:10'),
(37, 'Guwahati', 43, '2025-11-05 05:53:03', '2025-11-05 05:53:03'),
(38, ' Pasighat Railway station (Proposed)', 43, '2025-11-05 05:53:03', '2025-11-05 05:53:03'),
(39, 'Railway station: Guwahati', 44, '2025-11-05 05:59:38', '2025-11-05 05:59:38'),
(40, '    Guwahati Railway Station', 44, '2025-11-05 05:59:38', '2025-11-05 05:59:38'),
(41, '   ISBT: Guwahati (Inter State Bus Terminus)', 44, '2025-11-05 05:59:38', '2025-11-05 05:59:38'),
(42, '  ISBT Guwahati', 44, '2025-11-05 05:59:38', '2025-11-05 05:59:38'),
(43, ' Inter State Bus Terminus', 44, '2025-11-05 05:59:38', '2025-11-05 05:59:38'),
(44, ' ISBT Khanapara', 44, '2025-11-05 05:59:38', '2025-11-05 05:59:38'),
(45, 'ASTC Chowkidingi Bus Stand', 45, '2025-11-05 06:02:01', '2025-11-05 06:02:01'),
(46, '  AMC Bus Stop', 45, '2025-11-05 06:02:01', '2025-11-05 06:02:01'),
(47, ' Dibrugarh railway station', 45, '2025-11-05 06:02:01', '2025-11-05 06:02:01'),
(48, 'Patna Junction railway station', 46, '2025-11-05 06:08:52', '2025-11-05 06:08:52'),
(49, '    Patliputra Inter-State Bus Terminal (ISBT)', 46, '2025-11-05 06:08:52', '2025-11-05 06:08:52'),
(50, '   Bairiya Bus Terminal', 46, '2025-11-05 06:08:52', '2025-11-05 06:08:52'),
(51, '  Gandhi Maidan', 46, '2025-11-05 06:08:52', '2025-11-05 06:08:52'),
(52, ' Mithapur bus stand', 46, '2025-11-05 06:08:52', '2025-11-05 06:08:52'),
(53, 'Inter-State Bus Terminus (ISBT)', 47, '2025-11-05 06:18:24', '2025-11-05 06:18:24'),
(54, 'Raipur Junction Railway Station', 48, '2025-11-05 06:27:14', '2025-11-05 06:27:14'),
(55, '     Raipur Junction Raipur Railway station', 48, '2025-11-05 06:27:14', '2025-11-05 06:27:14'),
(56, '    National Institute of Technology (NIT)', 48, '2025-11-05 06:27:14', '2025-11-05 06:27:14'),
(57, '   Raipur National Highway', 48, '2025-11-05 06:27:14', '2025-11-05 06:27:14'),
(58, '  National status', 48, '2025-11-05 06:27:14', '2025-11-05 06:27:14'),
(59, ' National Cave Research and Protection Organization (NCRPO)', 48, '2025-11-05 06:27:14', '2025-11-05 06:27:14'),
(60, 'New Bus Stand in Tifra', 49, '2025-11-05 06:30:13', '2025-11-05 06:30:13'),
(61, '    Hitech Bus Stand', 49, '2025-11-05 06:30:13', '2025-11-05 06:30:13'),
(62, '   Bilaspur junction Railway Station', 49, '2025-11-05 06:30:13', '2025-11-05 06:30:13'),
(63, '  Bilaspur Junction', 49, '2025-11-05 06:30:13', '2025-11-05 06:30:13'),
(64, ' Bilaspur station', 49, '2025-11-05 06:30:13', '2025-11-05 06:30:13'),
(65, 'Railway Station Durg', 50, '2025-11-05 06:35:46', '2025-11-05 06:35:46'),
(66, '   Durg Juction', 50, '2025-11-05 06:35:46', '2025-11-05 06:35:46'),
(67, '  Bhilai', 50, '2025-11-05 06:35:46', '2025-11-05 06:35:46'),
(68, ' Bhilai Bus Stand', 50, '2025-11-05 06:35:46', '2025-11-05 06:35:46'),
(69, 'Maharana Pratap Kashmiri Gate ISBT', 30, '2025-11-05 09:06:21', '2025-11-05 09:06:21'),
(70, '       National Stadium', 30, '2025-11-05 09:06:21', '2025-11-05 09:06:21'),
(71, '      Haryana Roadways', 30, '2025-11-05 09:06:21', '2025-11-05 09:06:21'),
(72, '     New Delhi Railway Station Gate 2', 30, '2025-11-05 09:06:21', '2025-11-05 09:06:21'),
(73, '    Dhaula Kuan', 30, '2025-11-05 09:06:21', '2025-11-05 09:06:21'),
(74, '   Delhi Private Bus Station', 30, '2025-11-05 09:06:21', '2025-11-05 09:06:21'),
(75, '  Delhi Junction', 30, '2025-11-05 09:06:21', '2025-11-05 09:06:21'),
(76, ' Nizamuddin Railway Station', 30, '2025-11-05 09:06:21', '2025-11-05 09:06:21'),
(77, 'Kadamba Transport Corporation (KTC)', 31, '2025-11-05 09:36:55', '2025-11-05 09:36:55'),
(78, '  Madgaon Junction (MAO)', 31, '2025-11-05 09:36:55', '2025-11-05 09:36:55'),
(79, ' Vasco da Gama (VSG) railway station', 31, '2025-11-05 09:36:55', '2025-11-05 09:36:55'),
(80, 'Thivim (Tivim) Railway Station', 51, '2025-11-05 09:42:21', '2025-11-05 09:42:21'),
(81, ' KTC (Kadamba Transport Corporation)', 51, '2025-11-05 09:42:21', '2025-11-05 09:42:21'),
(82, 'Ahmedabad Junction', 53, '2025-11-05 09:50:09', '2025-11-05 09:50:09'),
(83, '   Ahmedabad Junction railway station', 53, '2025-11-05 09:50:09', '2025-11-05 09:50:09'),
(84, '  Kalupur Bus Station', 53, '2025-11-05 09:50:09', '2025-11-05 09:50:09'),
(85, ' Gujarat State Road Transport Corporation (GSRTC)', 53, '2025-11-05 09:50:09', '2025-11-05 09:50:09'),
(86, 'Bhavnagar Bus stand', 54, '2025-11-05 09:52:45', '2025-11-05 09:52:45'),
(87, '   Bhavnagar Terminus', 54, '2025-11-05 09:52:45', '2025-11-05 09:52:45'),
(88, '  Bhavnagar Para', 54, '2025-11-05 09:52:45', '2025-11-05 09:52:45'),
(89, ' Nari Road Railway Station', 54, '2025-11-05 09:52:45', '2025-11-05 09:52:45'),
(90, 'Jamnagar', 55, '2025-11-05 09:56:23', '2025-11-05 09:56:23'),
(91, '  Jamnagar Railway Station', 55, '2025-11-05 09:56:23', '2025-11-05 09:56:23'),
(92, ' Jamnagar Bus stand', 55, '2025-11-05 09:56:23', '2025-11-05 09:56:23'),
(93, 'St Bus Depot', 56, '2025-11-05 09:59:04', '2025-11-05 09:59:04'),
(94, '  Rajkot Bus stand', 56, '2025-11-05 09:59:04', '2025-11-05 09:59:04'),
(95, ' Rajkot Junction railway station', 56, '2025-11-05 09:59:04', '2025-11-05 09:59:04'),
(96, 'Surat railway station', 57, '2025-11-05 10:23:57', '2025-11-05 10:23:57'),
(97, 'bus stop', 58, '2025-11-05 11:26:47', '2025-11-05 11:26:47'),
(98, 'kbhp', 38, '2025-11-05 11:26:59', '2025-11-05 11:26:59'),
(99, 'kempegowda bus stop', 22, '2025-11-05 11:33:18', '2025-11-05 11:33:18'),
(100, 'Railway station', 26, '2025-11-05 11:37:26', '2025-11-05 11:37:26'),
(101, 'bus stop', 38, '2025-11-05 12:06:22', '2025-11-05 12:06:22'),
(102, 'Railway station Faridabad', 59, '2025-11-06 04:43:39', '2025-11-06 04:43:39'),
(103, '  Old faridabad Railway Station', 59, '2025-11-06 04:43:39', '2025-11-06 04:43:39'),
(104, ' Dr. Mangal Sen Bus Port', 59, '2025-11-06 04:43:39', '2025-11-06 04:43:39'),
(105, 'Gurgaon Bus Stand', 60, '2025-11-06 04:47:43', '2025-11-06 04:47:43'),
(106, '   Gurugram Metropolitan City Bus Limited', 60, '2025-11-06 04:47:43', '2025-11-06 04:47:43'),
(107, '  Gurgaon Railway Station', 60, '2025-11-06 04:47:43', '2025-11-06 04:47:43'),
(108, ' Gurugram/Gurgaon Railway Station', 60, '2025-11-06 04:47:43', '2025-11-06 04:47:43'),
(109, 'bus stop', 26, '2025-11-06 04:52:41', '2025-11-06 04:52:41'),
(110, 'Karnal Railway Station', 61, '2025-11-06 04:57:52', '2025-11-06 04:57:52'),
(111, '    Karnal', 61, '2025-11-06 04:57:52', '2025-11-06 04:57:52'),
(112, '   New Bus Stand Karnal', 61, '2025-11-06 04:57:52', '2025-11-06 04:57:52'),
(113, '  Old Bus Stand', 61, '2025-11-06 04:57:52', '2025-11-06 04:57:52'),
(114, '  Karnal', 61, '2025-11-06 04:57:52', '2025-11-06 04:57:52'),
(115, ' Karnal bus stand', 61, '2025-11-06 04:57:52', '2025-11-06 04:57:52'),
(116, 'Inter State Bus Terminus (ISBT)', 8, '2025-11-06 05:07:10', '2025-11-06 05:07:10'),
(117, ' Kalka–Shimla Railway', 8, '2025-11-06 05:07:10', '2025-11-06 05:07:10'),
(118, 'Shimla Railway', 9, '2025-11-06 05:56:58', '2025-11-06 05:56:58'),
(119, ' Shimla bypass road', 9, '2025-11-06 05:56:58', '2025-11-06 05:56:58'),
(120, 'Airport', 18, '2025-11-06 10:39:26', '2025-11-06 10:39:26'),
(121, 'bus stand', 26, '2025-11-07 04:52:50', '2025-11-07 04:52:50'),
(122, 'Srinagar railway station', 13, '2025-11-07 04:57:16', '2025-11-07 04:57:16'),
(123, '   TRC Bus Station', 13, '2025-11-07 04:57:16', '2025-11-07 04:57:16'),
(124, '  TRC Bus Stand Srinagar', 13, '2025-11-07 04:57:16', '2025-11-07 04:57:16'),
(125, ' Firdous Colony Bus Stop', 13, '2025-11-07 04:57:16', '2025-11-07 04:57:16'),
(126, 'Jammu Central Bus Stand', 62, '2025-11-07 05:00:29', '2025-11-07 05:00:29'),
(127, '    Bus Stand', 62, '2025-11-07 05:00:29', '2025-11-07 05:00:29'),
(128, '    Jammu Tawi', 62, '2025-11-07 05:00:29', '2025-11-07 05:00:29'),
(129, '   Bus stand jammu', 62, '2025-11-07 05:00:29', '2025-11-07 05:00:29'),
(130, '  Jammu Tawi Railway Station', 62, '2025-11-07 05:00:29', '2025-11-07 05:00:29'),
(131, ' Railway station jammu tawi', 62, '2025-11-07 05:00:29', '2025-11-07 05:00:29'),
(132, 'Ranchi Junction', 63, '2025-11-07 05:06:03', '2025-11-07 05:06:03'),
(133, '    Ranchi Railway Station (RNC)', 63, '2025-11-07 05:06:03', '2025-11-07 05:06:03'),
(134, '   Ranchi Govt Bus Stand', 63, '2025-11-07 05:06:03', '2025-11-07 05:06:03'),
(135, '  Ranchi bus stand', 63, '2025-11-07 05:06:03', '2025-11-07 05:06:03'),
(136, ' Ranchi Kanta Toli Bus Stand', 63, '2025-11-07 05:06:03', '2025-11-07 05:06:03'),
(137, 'Bokaro Bus Stand', 64, '2025-11-07 05:08:29', '2025-11-07 05:08:29'),
(138, '    Bus stop', 64, '2025-11-07 05:08:29', '2025-11-07 05:08:29'),
(139, '   City Centre Bus Stand', 64, '2025-11-07 05:08:29', '2025-11-07 05:08:29'),
(140, '  Bokaro steel city railway station road', 64, '2025-11-07 05:08:29', '2025-11-07 05:08:29'),
(141, ' Bokaro Steel City Railway Station', 64, '2025-11-07 05:08:29', '2025-11-07 05:08:29'),
(142, 'Dhanbad Junction', 65, '2025-11-07 05:11:33', '2025-11-07 05:11:33'),
(143, '    DHANBAD RAILWAY STATION(South Side)', 65, '2025-11-07 05:11:33', '2025-11-07 05:11:33'),
(144, '   Dhanbad Railway Station', 65, '2025-11-07 05:11:33', '2025-11-07 05:11:33'),
(145, '  DHANBAD BUS STAND', 65, '2025-11-07 05:11:33', '2025-11-07 05:11:33'),
(146, ' Dhanbad bus stand (Station Road)', 65, '2025-11-07 05:11:33', '2025-11-07 05:11:33'),
(147, 'railway station', 58, '2025-11-07 05:13:39', '2025-11-07 05:13:39'),
(148, 'Mango Bus Stand', 66, '2025-11-07 05:15:29', '2025-11-07 05:15:29'),
(149, '     Bistupur Bus Stand', 66, '2025-11-07 05:15:29', '2025-11-07 05:15:29'),
(150, '    Mango Chowk', 66, '2025-11-07 05:15:29', '2025-11-07 05:15:29'),
(151, '   Tatanagar Railway Station', 66, '2025-11-07 05:15:29', '2025-11-07 05:15:29'),
(152, '   Jamshedpur', 66, '2025-11-07 05:15:29', '2025-11-07 05:15:29'),
(153, '  Tatanagar Junction', 66, '2025-11-07 05:15:29', '2025-11-07 05:15:29'),
(154, ' Tatanagar railway station platform 2', 66, '2025-11-07 05:15:29', '2025-11-07 05:15:29'),
(155, 'Mysore Junction railway station', 67, '2025-11-07 05:18:57', '2025-11-07 05:18:57'),
(156, '   KSRTC Bus Stand', 67, '2025-11-07 05:18:57', '2025-11-07 05:18:57'),
(157, '   Mysore', 67, '2025-11-07 05:18:57', '2025-11-07 05:18:57'),
(158, '  Mysore City Bus Stand', 67, '2025-11-07 05:18:57', '2025-11-07 05:18:57'),
(159, ' Mysore Bus Stand', 67, '2025-11-07 05:18:57', '2025-11-07 05:18:57'),
(160, 'Hubballi Bus Stand (Hosur)', 68, '2025-11-07 05:22:27', '2025-11-07 05:22:27'),
(161, '    Hubballi Central Bus Station', 68, '2025-11-07 05:22:27', '2025-11-07 05:22:27'),
(162, '   KSRTC NEW BUS STAND HUBBALLI', 68, '2025-11-07 05:22:27', '2025-11-07 05:22:27'),
(163, '  Shree Siddharoodha Swamiji Hubballi Junction', 68, '2025-11-07 05:22:27', '2025-11-07 05:22:27'),
(164, ' Dharwad railway station (DWR) in Dharwad', 68, '2025-11-07 05:22:27', '2025-11-07 05:22:27'),
(165, 'Central Railway Station', 69, '2025-11-07 05:25:30', '2025-11-07 05:25:30'),
(166, '     Mangaluru', 69, '2025-11-07 05:25:30', '2025-11-07 05:25:30'),
(167, '    Mangaluru Junction Railway Station [MAJN]', 69, '2025-11-07 05:25:30', '2025-11-07 05:25:30'),
(168, '   Mangaluru Bus Stand', 69, '2025-11-07 05:25:30', '2025-11-07 05:25:30'),
(169, '  Manglore Bus Stand', 69, '2025-11-07 05:25:30', '2025-11-07 05:25:30'),
(170, ' Mangaluru Bus Stand KSRTC', 69, '2025-11-07 05:25:30', '2025-11-07 05:25:30'),
(171, 'Belagavi Bus Stand', 70, '2025-11-07 05:30:27', '2025-11-07 05:30:27'),
(172, '   CBT Bus Stand Belagavi', 70, '2025-11-07 05:30:27', '2025-11-07 05:30:27'),
(173, '  Belagavi Railway Station [BGM]', 70, '2025-11-07 05:30:27', '2025-11-07 05:30:27'),
(174, ' Belgaum Railway Station', 70, '2025-11-07 05:30:27', '2025-11-07 05:30:27'),
(175, 'Shivamogga Town Railway Station (SMET)', 71, '2025-11-07 05:33:00', '2025-11-07 05:33:00'),
(176, '    Shivamogga Town', 71, '2025-11-07 05:33:00', '2025-11-07 05:33:00'),
(177, '   Shivamogga (Shimoga)', 71, '2025-11-07 05:33:00', '2025-11-07 05:33:00'),
(178, '  Shivamogga Bus Terminal', 71, '2025-11-07 05:33:00', '2025-11-07 05:33:00'),
(179, ' KSRTC Bus Stand', 71, '2025-11-07 05:33:00', '2025-11-07 05:33:00'),
(180, ' Shivamogga', 71, '2025-11-07 05:33:00', '2025-11-07 05:33:00'),
(181, 'Ernakulam KSRTC bus stand', 24, '2025-11-07 05:35:45', '2025-11-07 05:35:45'),
(182, '    Vytilla Hub Exit Bus Stop', 24, '2025-11-07 05:35:45', '2025-11-07 05:35:45'),
(183, '   ERNAKULAM SOUTH RAILWAY STATION', 24, '2025-11-07 05:35:45', '2025-11-07 05:35:45'),
(184, '  Ernakulam Town North Railway Station', 24, '2025-11-07 05:35:45', '2025-11-07 05:35:45'),
(185, ' Ernakulam Junction', 24, '2025-11-07 05:35:45', '2025-11-07 05:35:45'),
(186, 'Kozhikode Railway Station', 72, '2025-11-07 05:38:34', '2025-11-07 05:38:34'),
(187, '    Kozhikode railway station', 72, '2025-11-07 05:38:34', '2025-11-07 05:38:34'),
(188, '   Kozhikode New Bus Stand', 72, '2025-11-07 05:38:34', '2025-11-07 05:38:34'),
(189, '  KSRTC Bus Terminal - Kozhikode', 72, '2025-11-07 05:38:34', '2025-11-07 05:38:34'),
(190, ' KSRTC BusStand Kozhikode', 72, '2025-11-07 05:38:34', '2025-11-07 05:38:34'),
(191, 'Trivandrum Bus Stand', 73, '2025-11-07 05:39:57', '2025-11-07 05:39:57'),
(192, '  Thiruvananthapuram KSRTC Bus Terminal Complex', 73, '2025-11-07 05:39:57', '2025-11-07 05:39:57'),
(193, ' KSRTC Thiruvananthapuram Central Bus Terminal Complex', 73, '2025-11-07 05:39:57', '2025-11-07 05:39:57'),
(194, 'Padum', 74, '2025-11-07 05:45:48', '2025-11-07 05:45:48'),
(195, 'Bhopal Jn.', 75, '2025-11-07 05:53:00', '2025-11-07 05:53:00'),
(196, '     Bhopal Junction Railway Station', 75, '2025-11-07 05:53:00', '2025-11-07 05:53:00'),
(197, '    Bhopal Railway Station', 75, '2025-11-07 05:53:00', '2025-11-07 05:53:00'),
(198, '   Isbt bus stand', 75, '2025-11-07 05:53:00', '2025-11-07 05:53:00'),
(199, '  Bhopal Nadra Bus Stand', 75, '2025-11-07 05:53:00', '2025-11-07 05:53:00'),
(200, ' Nadra Bus Stand', 75, '2025-11-07 05:53:00', '2025-11-07 05:53:00'),
(201, 'Navlakha Bus Stand', 76, '2025-11-07 05:56:15', '2025-11-07 05:56:15'),
(202, '     Indore Bus Stand', 76, '2025-11-07 05:56:15', '2025-11-07 05:56:15'),
(203, '    Sarwate Bus Stand', 76, '2025-11-07 05:56:15', '2025-11-07 05:56:15'),
(204, '   Indore Junction', 76, '2025-11-07 05:56:15', '2025-11-07 05:56:15'),
(205, '  Indore Junction Railway Station', 76, '2025-11-07 05:56:15', '2025-11-07 05:56:15'),
(206, ' Indore Railway Station', 76, '2025-11-07 05:56:15', '2025-11-07 05:56:15'),
(207, 'Gwalior Junction Railway Station', 77, '2025-11-07 06:00:22', '2025-11-07 06:00:22'),
(208, '   Gwalior railway station', 77, '2025-11-07 06:00:22', '2025-11-07 06:00:22'),
(209, '  Gwalior bus stand', 77, '2025-11-07 06:00:22', '2025-11-07 06:00:22'),
(210, ' Gwalior Interstate Bus Stand', 77, '2025-11-07 06:00:22', '2025-11-07 06:00:22'),
(211, 'Bus Stand Jabalpur', 78, '2025-11-07 06:02:29', '2025-11-07 06:02:29'),
(212, '   deendyal bus stand jabalpur mp', 78, '2025-11-07 06:02:29', '2025-11-07 06:02:29'),
(213, '  Jabalpur Inter-State Bus Terminal (ISBT)', 78, '2025-11-07 06:02:29', '2025-11-07 06:02:29'),
(214, ' Jabalpur railway station', 78, '2025-11-07 06:02:29', '2025-11-07 06:02:29'),
(215, 'Ratlam Railway Station', 79, '2025-11-07 06:04:20', '2025-11-07 06:04:20'),
(216, '     Ratlam Junction Railway Station', 79, '2025-11-07 06:04:20', '2025-11-07 06:04:20'),
(217, '    Ratlam Junction', 79, '2025-11-07 06:04:20', '2025-11-07 06:04:20'),
(218, '   Ratlam bus stand', 79, '2025-11-07 06:04:20', '2025-11-07 06:04:20'),
(219, '  Ratlam Bus', 79, '2025-11-07 06:04:20', '2025-11-07 06:04:20'),
(220, ' Sailana Bus Stand', 79, '2025-11-07 06:04:20', '2025-11-07 06:04:20'),
(221, ' Ratlam', 79, '2025-11-07 06:04:20', '2025-11-07 06:04:20'),
(222, 'Nagpur Bus Stand', 80, '2025-11-07 06:27:14', '2025-11-07 06:27:14'),
(223, '  ST Bus Stand Nagpur', 80, '2025-11-07 06:27:14', '2025-11-07 06:27:14'),
(224, ' Nagpur Junction railway station', 80, '2025-11-07 06:27:14', '2025-11-07 06:27:14'),
(225, 'Nashik Road Railway Station', 81, '2025-11-07 06:29:35', '2025-11-07 06:29:35'),
(226, '     Nashik Road', 81, '2025-11-07 06:29:35', '2025-11-07 06:29:35'),
(227, '    Nasik Road Station', 81, '2025-11-07 06:29:35', '2025-11-07 06:29:35'),
(228, '   Nashik Bus Stand', 81, '2025-11-07 06:29:35', '2025-11-07 06:29:35'),
(229, '  Bus Stop Nashik', 81, '2025-11-07 06:29:35', '2025-11-07 06:29:35'),
(230, ' MSRTC - Nashik Road Bus Stand', 81, '2025-11-07 06:29:35', '2025-11-07 06:29:35'),
(231, 'Amravati bus stand', 82, '2025-11-07 06:31:53', '2025-11-07 06:31:53'),
(232, '   Amravati Main ST Bus Stand', 82, '2025-11-07 06:31:53', '2025-11-07 06:31:53'),
(233, '  Rajapeth MSRTC Bus Stand Amravati', 82, '2025-11-07 06:31:53', '2025-11-07 06:31:53'),
(234, ' Amravati railway station', 82, '2025-11-07 06:31:53', '2025-11-07 06:31:53'),
(235, 'Aurangabad Station', 83, '2025-11-07 06:35:57', '2025-11-07 06:35:57'),
(236, '   Central Bus स्टॅन्ड chhatrapati sambhajinagar', 83, '2025-11-07 06:35:57', '2025-11-07 06:35:57'),
(237, '  Cidco Bus Stand', 83, '2025-11-07 06:35:57', '2025-11-07 06:35:57'),
(238, ' Aurangabad Bus Stand', 83, '2025-11-07 06:35:57', '2025-11-07 06:35:57'),
(239, 'Solapur Railway station', 84, '2025-11-07 06:39:11', '2025-11-07 06:39:11'),
(240, '   CBS : Central Bus Stand Solapur', 84, '2025-11-07 06:39:11', '2025-11-07 06:39:11'),
(241, '  Solapur Near Bus Stand', 84, '2025-11-07 06:39:11', '2025-11-07 06:39:11'),
(242, ' Central Bus Stand', 84, '2025-11-07 06:39:11', '2025-11-07 06:39:11'),
(243, 'Bhiwandi Bus stand', 85, '2025-11-07 06:41:16', '2025-11-07 06:41:16'),
(244, '  Bhiwandi St', 85, '2025-11-07 06:41:16', '2025-11-07 06:41:16'),
(245, ' Bhiwandi Road railway station', 85, '2025-11-07 06:41:16', '2025-11-07 06:41:16'),
(246, 'Kolhapur Railway Station', 86, '2025-11-07 06:45:00', '2025-11-07 06:45:00'),
(247, '     Chatrapati Shahu Maharaj Kolhapur Railway Terminus', 86, '2025-11-07 06:45:00', '2025-11-07 06:45:00'),
(248, '    Kolhapur', 86, '2025-11-07 06:45:00', '2025-11-07 06:45:00'),
(249, '   Kolhapur Bus Stand (CBS)', 86, '2025-11-07 06:45:00', '2025-11-07 06:45:00'),
(250, '  Kolhapur Bus Stand', 86, '2025-11-07 06:45:00', '2025-11-07 06:45:00'),
(251, ' kolhapur bus stand', 86, '2025-11-07 06:45:00', '2025-11-07 06:45:00'),
(255, 'West Jaintia Hills', 87, '2025-11-07 07:10:41', '2025-11-07 07:10:41'),
(256, '    Hojai Railway Station', 87, '2025-11-07 07:10:41', '2025-11-07 07:10:41'),
(257, 'Nongpoh bus stand', 88, '2025-11-07 07:11:42', '2025-11-07 07:11:42'),
(258, 'MST Bus Station', 89, '2025-11-07 07:27:33', '2025-11-07 07:27:33'),
(259, '   BHSS Bus Stop', 89, '2025-11-07 07:27:33', '2025-11-07 07:27:33'),
(260, ' Lunglei MST Station', 89, '2025-11-07 07:27:33', '2025-11-07 07:27:33'),
(261, 'bangalore bus stop', 22, '2025-11-07 08:55:54', '2025-11-07 08:55:54'),
(262, 'Champhai bus stand', 90, '2025-11-07 09:57:46', '2025-11-07 09:57:46'),
(263, 'Dimapur Railway Station', 91, '2025-11-07 10:05:32', '2025-11-07 10:05:32'),
(264, '      Railway station Dimapur', 91, '2025-11-07 10:05:32', '2025-11-07 10:05:32'),
(265, '     Dimapur Bus Stand', 91, '2025-11-07 10:05:32', '2025-11-07 10:05:32'),
(266, '    Dimapur Inter State Bus Terminal (near NST Colony)', 91, '2025-11-07 10:05:32', '2025-11-07 10:05:32'),
(267, '   Dimapur Private Bus Station (Golaghat Road)', 91, '2025-11-07 10:05:32', '2025-11-07 10:05:32'),
(268, '  Blue Hill Bus Station', 91, '2025-11-07 10:05:32', '2025-11-07 10:05:32'),
(269, ' Jalukie Bus Stand', 91, '2025-11-07 10:05:32', '2025-11-07 10:05:32'),
(270, 'Kohima Bus Terminous', 92, '2025-11-07 10:17:30', '2025-11-07 10:17:30'),
(271, '         B.O.C / P.R. Hill Bus Stand', 92, '2025-11-07 10:17:30', '2025-11-07 10:17:30'),
(272, '        NST Kohima', 92, '2025-11-07 10:17:30', '2025-11-07 10:17:30'),
(273, '      Longkhum bus stand', 92, '2025-11-07 10:17:30', '2025-11-07 10:17:30'),
(274, '     Lim Travels', 92, '2025-11-07 10:17:30', '2025-11-07 10:17:30'),
(275, '    FAC bus stop', 92, '2025-11-07 10:17:30', '2025-11-07 10:17:30'),
(276, '   Ungma bus stand', 92, '2025-11-07 10:17:30', '2025-11-07 10:17:30'),
(277, 'bus terminal in the Tuensang district of Nagaland', 93, '2025-11-07 10:18:53', '2025-11-07 10:18:53'),
(278, 'Bhubaneswar Railway Station', 94, '2025-11-07 10:41:05', '2025-11-07 10:41:05'),
(279, '    Bhubaneswar New Junction', 94, '2025-11-07 10:41:05', '2025-11-07 10:41:05'),
(280, '   Baramunda Bus Stand', 94, '2025-11-07 10:41:05', '2025-11-07 10:41:05'),
(281, '  Bhubaneswar Baramunda Bus Stand', 94, '2025-11-07 10:41:05', '2025-11-07 10:41:05'),
(282, ' Inter state bus terminal', 94, '2025-11-07 10:41:05', '2025-11-07 10:41:05'),
(283, ' Baramunda. Bhubaneswar', 94, '2025-11-07 10:41:05', '2025-11-07 10:41:05'),
(284, 'Cuttack Bus Stand', 95, '2025-11-07 10:47:11', '2025-11-07 10:47:11'),
(285, '         New Govt Bus Stand Cuttack', 95, '2025-11-07 10:47:11', '2025-11-07 10:47:11'),
(286, '        CNBT(CUTTACK NETAJI BUS TERMINAL)', 95, '2025-11-07 10:47:11', '2025-11-07 10:47:11'),
(287, '       Netaji Bus Terminal', 95, '2025-11-07 10:47:11', '2025-11-07 10:47:11'),
(288, '      Badambadi Bus Stand', 95, '2025-11-07 10:47:11', '2025-11-07 10:47:11'),
(289, '     Cuttack Badambadi', 95, '2025-11-07 10:47:11', '2025-11-07 10:47:11'),
(290, '    Jagatpur Nankar Bus Stand', 95, '2025-11-07 10:47:11', '2025-11-07 10:47:11'),
(291, '   Cuttack Junction', 95, '2025-11-07 10:47:11', '2025-11-07 10:47:11'),
(292, '  Cuttack Railway Station', 95, '2025-11-07 10:47:11', '2025-11-07 10:47:11'),
(293, ' platform number 1', 95, '2025-11-07 10:47:11', '2025-11-07 10:47:11'),
(294, ' Cuttack Junction station', 95, '2025-11-07 10:47:11', '2025-11-07 10:47:11'),
(295, 'Rourkela railway station', 96, '2025-11-07 10:50:29', '2025-11-07 10:50:29'),
(296, 'Pondicherry Bus Main Station', 97, '2025-11-07 10:55:14', '2025-11-07 10:55:14'),
(297, '     PUDUCHERRY NEW BUS STAND', 97, '2025-11-07 10:55:14', '2025-11-07 10:55:14'),
(298, '    SETC Bus Depot', 97, '2025-11-07 10:55:14', '2025-11-07 10:55:14'),
(299, '   New Bus Stop Pondicherry', 97, '2025-11-07 10:55:14', '2025-11-07 10:55:14'),
(300, '  Pondicherry Main Bus stop (Kallada Travels) opp. Sri Krishna Bakery', 97, '2025-11-07 10:55:14', '2025-11-07 10:55:14'),
(301, '  New Bus Stand', 97, '2025-11-07 10:55:14', '2025-11-07 10:55:14'),
(302, ' Puducherry Railway Station', 97, '2025-11-07 10:55:14', '2025-11-07 10:55:14'),
(303, 'Jalandhar Railway Station (City)', 98, '2025-11-07 11:05:45', '2025-11-07 11:05:45'),
(304, '             Amritsar Junction', 98, '2025-11-07 11:05:45', '2025-11-07 11:05:45'),
(305, '            Ludhiana Junction', 98, '2025-11-07 11:05:45', '2025-11-07 11:05:45'),
(306, '           Ludhiana Railway Station', 98, '2025-11-07 11:05:45', '2025-11-07 11:05:45'),
(307, '          Phagwara Junction', 98, '2025-11-07 11:05:45', '2025-11-07 11:05:45'),
(308, '         Beas Junction', 98, '2025-11-07 11:05:45', '2025-11-07 11:05:45'),
(309, '        Patiala', 98, '2025-11-07 11:05:45', '2025-11-07 11:05:45'),
(310, '       Jalandhar Cantt Railway Station', 98, '2025-11-07 11:05:45', '2025-11-07 11:05:45'),
(311, '      Jalandhar Bus Stand', 98, '2025-11-07 11:05:45', '2025-11-07 11:05:45'),
(312, '     Mohali Bus Stand', 98, '2025-11-07 11:05:45', '2025-11-07 11:05:45'),
(313, '    Amritsar Bus Stand', 98, '2025-11-07 11:05:45', '2025-11-07 11:05:45'),
(314, '   Nangal Bus Station', 98, '2025-11-07 11:05:45', '2025-11-07 11:05:45'),
(315, '  Bus Stand', 98, '2025-11-07 11:05:45', '2025-11-07 11:05:45'),
(316, '  Patiala', 98, '2025-11-07 11:05:45', '2025-11-07 11:05:45'),
(317, ' Bus Stand', 98, '2025-11-07 11:05:45', '2025-11-07 11:05:45'),
(318, ' Nangal Dam', 98, '2025-11-07 11:05:45', '2025-11-07 11:05:45'),
(319, 'Amritsar Bus Stand', 99, '2025-11-07 11:12:08', '2025-11-07 11:12:08'),
(320, '   Amritsar Metrobus - ISBT', 99, '2025-11-07 11:12:08', '2025-11-07 11:12:08'),
(321, '  Amritsar Junction', 99, '2025-11-07 11:12:08', '2025-11-07 11:12:08'),
(322, ' Amritsar railway station', 99, '2025-11-07 11:12:08', '2025-11-07 11:12:08'),
(323, 'Jalandhar Bus Stand', 100, '2025-11-07 11:27:14', '2025-11-07 11:27:14'),
(324, '   Jalandhar Railway Station (City)', 100, '2025-11-07 11:27:14', '2025-11-07 11:27:14'),
(325, '  Jalandhar Cantt Railway Station', 100, '2025-11-07 11:27:14', '2025-11-07 11:27:14'),
(326, ' Jalandhar Cant', 100, '2025-11-07 11:27:14', '2025-11-07 11:27:14'),
(327, 'Jaipur Junction', 101, '2025-11-08 06:20:07', '2025-11-08 06:20:07'),
(328, '                         Jaipur railway station', 101, '2025-11-08 06:20:07', '2025-11-08 06:20:07'),
(329, '                        Bikaner Jn.', 101, '2025-11-08 06:20:07', '2025-11-08 06:20:07'),
(330, '                       Marwar Junction', 101, '2025-11-08 06:20:07', '2025-11-08 06:20:07'),
(331, '                      Jodhpur', 101, '2025-11-08 06:20:07', '2025-11-08 06:20:07'),
(332, '                     Jaisalmer', 101, '2025-11-08 06:20:07', '2025-11-08 06:20:07'),
(333, '                    Fatehpur Skhwti', 101, '2025-11-08 06:20:07', '2025-11-08 06:20:07'),
(334, '                   Sri Vijaynagar', 101, '2025-11-08 06:20:07', '2025-11-08 06:20:07'),
(335, '                  Khatipura Railway Station', 101, '2025-11-08 06:20:07', '2025-11-08 06:20:07'),
(336, '                 Kanakpura', 101, '2025-11-08 06:20:07', '2025-11-08 06:20:07'),
(337, '                Hindaun City', 101, '2025-11-08 06:20:07', '2025-11-08 06:20:07'),
(338, '               Pushkar Terminus', 101, '2025-11-08 06:20:07', '2025-11-08 06:20:07'),
(339, '              Srinagar Rajasthan', 101, '2025-11-08 06:20:07', '2025-11-08 06:20:07'),
(340, '             Durgapura', 101, '2025-11-08 06:20:07', '2025-11-08 06:20:07'),
(341, '            Ringas Junction', 101, '2025-11-08 06:20:07', '2025-11-08 06:20:07'),
(342, '           Khatu', 101, '2025-11-08 06:20:07', '2025-11-08 06:20:07'),
(343, '          Degana Junction', 101, '2025-11-08 06:20:07', '2025-11-08 06:20:07'),
(344, '         Luni Junction', 101, '2025-11-08 06:20:07', '2025-11-08 06:20:07'),
(345, '        Samdari Junction', 101, '2025-11-08 06:20:07', '2025-11-08 06:20:07'),
(346, '       Jodhpur Bus Stand', 101, '2025-11-08 06:20:07', '2025-11-08 06:20:07'),
(347, '      Sindhi Camp Bus Station Jaipur', 101, '2025-11-08 06:20:07', '2025-11-08 06:20:07'),
(348, '     RSRTC Luxury Bus Service', 101, '2025-11-08 06:20:07', '2025-11-08 06:20:07'),
(349, '    Ajmer Bus stand', 101, '2025-11-08 06:20:07', '2025-11-08 06:20:07'),
(350, '   RSRTC Bus Stop', 101, '2025-11-08 06:20:07', '2025-11-08 06:20:07'),
(351, '  Central Bus Stand Jalore', 101, '2025-11-08 06:20:07', '2025-11-08 06:20:07'),
(352, ' Rajasthan Roadways Stand', 101, '2025-11-08 06:20:07', '2025-11-08 06:20:07'),
(353, 'Ajmer Junction Railway Station', 102, '2025-11-08 06:28:37', '2025-11-08 06:28:37'),
(354, '   Ajmer Junction', 102, '2025-11-08 06:28:37', '2025-11-08 06:28:37'),
(355, '  Ajmer Railway Station', 102, '2025-11-08 06:28:37', '2025-11-08 06:28:37'),
(356, ' Ajmer Bus stand Near Railway Colony', 102, '2025-11-08 06:28:37', '2025-11-08 06:28:37'),
(357, 'Roadways Bus Stand Bikaner', 103, '2025-11-08 06:37:02', '2025-11-08 06:37:02'),
(358, '       Bikaner Bus Stand', 103, '2025-11-08 06:37:02', '2025-11-08 06:37:02'),
(359, '       Reengus', 103, '2025-11-08 06:37:02', '2025-11-08 06:37:02'),
(360, '      Rajasthan State Road Transport Corporation', 103, '2025-11-08 06:37:02', '2025-11-08 06:37:02'),
(361, '     khetri bus stand', 103, '2025-11-08 06:37:02', '2025-11-08 06:37:02'),
(362, '    Ganganagar chauraha bus stop', 103, '2025-11-08 06:37:02', '2025-11-08 06:37:02'),
(363, '   Bikaner Jn.', 103, '2025-11-08 06:37:02', '2025-11-08 06:37:02'),
(364, '  Bikaner Railway Station', 103, '2025-11-08 06:37:02', '2025-11-08 06:37:02'),
(365, ' Bikaner East Railway Station', 103, '2025-11-08 06:37:02', '2025-11-08 06:37:02'),
(366, 'bus stand', 104, '2025-11-08 10:36:49', '2025-11-08 10:36:49'),
(367, 'EX station road', 24, '2025-12-31 09:17:08', '2025-12-31 09:17:08'),
(368, 'St marry road', 22, '2025-12-31 09:20:25', '2025-12-31 09:20:25'),
(369, 'Dy patil road', 3, '2025-12-31 09:20:39', '2025-12-31 09:20:39'),
(370, 'Central mall', 4, '2026-01-02 07:13:16', '2026-01-02 07:13:16');

-- --------------------------------------------------------

--
-- Table structure for table `bookings`
--

CREATE TABLE `bookings` (
  `id` int NOT NULL,
  `customer_id` int NOT NULL,
  `trek_id` int NOT NULL,
  `vendor_id` int NOT NULL,
  `batch_id` int DEFAULT NULL,
  `coupon_id` int DEFAULT NULL,
  `total_travelers` int NOT NULL DEFAULT '1',
  `total_amount` decimal(10,2) NOT NULL,
  `discount_amount` decimal(10,2) NOT NULL DEFAULT '0.00',
  `final_amount` decimal(10,2) NOT NULL,
  `payment_status` enum('pending','partial','completed','failed','refunded','advance_only','full_paid') DEFAULT 'pending',
  `status` enum('pending','confirmed','cancelled','completed') DEFAULT 'pending',
  `booking_date` datetime DEFAULT NULL,
  `special_requests` text,
  `booking_source` enum('web','mobile','phone','walk_in') DEFAULT 'web',
  `primary_contact_traveler_id` int DEFAULT NULL,
  `city_id` int DEFAULT NULL COMMENT 'City ID for boarding point location',
  `cancellation_policy_type` enum('flexible','standard') DEFAULT NULL COMMENT 'Type of cancellation policy selected by customer',
  `advance_amount` decimal(10,2) DEFAULT '0.00' COMMENT 'Amount paid as advance payment',
  `remaining_amount` decimal(10,2) DEFAULT '0.00' COMMENT 'Remaining amount to be paid',
  `policy_version` varchar(255) DEFAULT NULL COMMENT 'Version/snapshot of policy at booking time',
  `deduction_amount` decimal(10,2) DEFAULT NULL COMMENT 'Calculated deduction amount for cancellation',
  `refund_amount` decimal(10,2) DEFAULT NULL COMMENT 'Calculated refund amount for cancellation',
  `cancellation_rule` text COMMENT 'Rule applied for cancellation calculation',
  `payment_failed` tinyint(1) NOT NULL DEFAULT '0' COMMENT 'True when payment succeeded but booking confirmation failed',
  `payment_issue_reason` varchar(255) DEFAULT NULL COMMENT 'Short reason for booking failure after payment (e.g., capacity_exhausted)',
  `total_basic_cost` decimal(10,2) DEFAULT NULL COMMENT 'Basic cost before any discounts or fees',
  `vendor_discount` decimal(10,2) DEFAULT '0.00' COMMENT 'Discount provided by vendor',
  `coupon_discount` decimal(10,2) DEFAULT '0.00' COMMENT 'Discount from coupon code',
  `platform_fees` decimal(10,2) DEFAULT '0.00' COMMENT 'Platform service fees',
  `gst_amount` decimal(10,2) DEFAULT '0.00' COMMENT 'GST amount on booking',
  `insurance_amount` decimal(10,2) DEFAULT '0.00' COMMENT 'Insurance amount',
  `free_cancellation_amount` decimal(10,2) DEFAULT '0.00' COMMENT 'Free cancellation coverage amount',
  `created_at` datetime NOT NULL,
  `updated_at` datetime NOT NULL,
  `user_id` int DEFAULT NULL,
  `cancelled_by` enum('customer','vendor','admin','not_declare') DEFAULT NULL COMMENT 'Indicates who initiated the cancellation'
) ENGINE=InnoDB DEFAULT CHARSET=utf8mb3;

--
-- Dumping data for table `bookings`
--

INSERT INTO `bookings` (`id`, `customer_id`, `trek_id`, `vendor_id`, `batch_id`, `coupon_id`, `total_travelers`, `total_amount`, `discount_amount`, `final_amount`, `payment_status`, `status`, `booking_date`, `special_requests`, `booking_source`, `primary_contact_traveler_id`, `city_id`, `cancellation_policy_type`, `advance_amount`, `remaining_amount`, `policy_version`, `deduction_amount`, `refund_amount`, `cancellation_rule`, `payment_failed`, `payment_issue_reason`, `total_basic_cost`, `vendor_discount`, `coupon_discount`, `platform_fees`, `gst_amount`, `insurance_amount`, `free_cancellation_amount`, `created_at`, `updated_at`, `user_id`, `cancelled_by`) VALUES
(1, 1, 3, 1, 42, NULL, 2, 10000.00, 499.99, 9990.01, 'full_paid', 'confirmed', '2025-11-01 11:39:43', NULL, 'web', NULL, 22, NULL, 9990.01, 0.00, NULL, NULL, NULL, NULL, 0, NULL, 10000.00, 499.99, 0.00, 15.00, 475.00, 0.00, 0.00, '2025-11-01 11:39:43', '2025-12-31 09:02:37', NULL, 'vendor'),
(2, 1, 3, 1, 42, NULL, 2, 10000.00, 499.99, 9990.01, 'full_paid', 'confirmed', '2025-11-01 11:50:27', NULL, 'web', NULL, 22, NULL, 9990.01, 0.00, NULL, NULL, NULL, NULL, 0, NULL, 10000.00, 499.99, 0.00, 15.00, 475.00, 0.00, 0.00, '2025-11-01 11:50:27', '2025-11-01 11:50:27', NULL, NULL),
(3, 1, 1, 1, 2, NULL, 1, 6000.00, 0.00, 1484.00, 'partial', 'confirmed', '2025-11-03 05:46:22', NULL, 'web', NULL, 22, NULL, 1484.00, 5001.00, NULL, NULL, NULL, NULL, 0, NULL, 6000.00, 0.00, 0.00, 15.00, 300.00, 80.00, 90.00, '2025-11-03 05:46:22', '2025-11-03 05:46:22', NULL, NULL),
(4, 1, 5, 1, 67, NULL, 2, 2000.00, 0.00, 2455.00, 'full_paid', 'confirmed', '2025-11-03 06:07:00', NULL, 'web', NULL, 22, NULL, 2455.00, 0.00, NULL, NULL, NULL, NULL, 0, NULL, 2000.00, 0.00, 0.00, 15.00, 100.00, 160.00, 180.00, '2025-11-03 06:07:00', '2025-11-03 06:07:00', NULL, NULL),
(5, 1, 2, 1, 23, NULL, 1, 4999.98, 500.00, 4739.98, 'full_paid', 'confirmed', '2025-11-03 06:13:52', NULL, 'web', NULL, 22, NULL, 4739.98, 0.00, NULL, NULL, NULL, NULL, 0, NULL, 4999.98, 500.00, 0.00, 15.00, 225.00, 0.00, 0.00, '2025-11-03 06:13:52', '2025-11-03 06:13:52', NULL, NULL),
(6, 1, 5, 1, 72, NULL, 1, 1000.00, 0.00, 1065.00, 'full_paid', 'confirmed', '2025-11-03 06:19:23', NULL, 'web', NULL, 22, NULL, 1065.00, 0.00, NULL, NULL, NULL, NULL, 0, NULL, 1000.00, 0.00, 0.00, 15.00, 50.00, 0.00, 0.00, '2025-11-03 06:19:23', '2025-11-03 06:19:23', NULL, NULL),
(7, 1, 5, 1, 72, NULL, 2, 2000.00, 0.00, 2115.00, 'full_paid', 'confirmed', '2025-11-03 06:21:19', NULL, 'web', NULL, 22, NULL, 2115.00, 0.00, NULL, NULL, NULL, NULL, 0, NULL, 2000.00, 0.00, 0.00, 15.00, 100.00, 0.00, 0.00, '2025-11-03 06:21:19', '2025-11-03 06:21:19', NULL, NULL),
(8, 1, 5, 1, 73, NULL, 1, 1000.00, 0.00, 1155.00, 'full_paid', 'confirmed', '2025-11-03 06:21:26', NULL, 'web', NULL, 22, NULL, 1155.00, 0.00, NULL, NULL, NULL, NULL, 0, NULL, 1000.00, 0.00, 0.00, 15.00, 50.00, 0.00, 90.00, '2025-11-03 06:21:26', '2025-11-03 06:21:26', NULL, NULL),
(9, 1, 1, 1, 1, NULL, 1, 6000.00, 0.00, 1314.00, 'partial', 'confirmed', '2025-11-03 06:22:03', NULL, 'web', NULL, 22, NULL, 1314.00, 5001.00, NULL, NULL, NULL, NULL, 0, NULL, 6000.00, 0.00, 0.00, 15.00, 300.00, 0.00, 0.00, '2025-11-03 06:22:03', '2025-11-03 06:22:03', NULL, NULL),
(10, 1, 5, 1, 72, NULL, 6, 6000.00, 0.00, 6315.00, 'full_paid', 'cancelled', '2025-11-03 06:22:49', NULL, 'web', NULL, 22, NULL, 6315.00, 0.00, NULL, NULL, NULL, NULL, 0, NULL, 6000.00, 0.00, 0.00, 15.00, 300.00, 0.00, 0.00, '2025-11-03 06:22:49', '2025-11-12 04:51:56', NULL, NULL),
(11, 1, 4, 1, 51, NULL, 1, 122222.00, 0.00, 128348.10, 'full_paid', 'confirmed', '2025-11-03 06:23:25', NULL, 'web', NULL, 22, NULL, 128348.10, 0.00, NULL, NULL, NULL, NULL, 0, NULL, 122222.00, 0.00, 0.00, 15.00, 6111.10, 0.00, 0.00, '2025-11-03 06:23:25', '2025-11-03 06:23:25', NULL, NULL),
(12, 1, 2, 1, 33, NULL, 5, 24999.90, 2499.99, 24089.91, 'full_paid', 'confirmed', '2025-11-03 06:24:25', NULL, 'web', NULL, 22, NULL, 24089.91, 0.00, NULL, NULL, NULL, NULL, 0, NULL, 24999.90, 2499.99, 0.00, 15.00, 1125.00, 0.00, 450.00, '2025-11-03 06:24:25', '2025-11-03 06:24:25', NULL, NULL),
(13, 1, 1, 1, 1, NULL, 1, 6000.00, 0.00, 6315.00, 'full_paid', 'confirmed', '2025-11-03 06:25:35', NULL, 'web', NULL, 22, NULL, 6315.00, 0.00, NULL, NULL, NULL, NULL, 0, NULL, 6000.00, 0.00, 0.00, 15.00, 300.00, 0.00, 0.00, '2025-11-03 06:25:35', '2025-11-03 06:25:35', NULL, NULL),
(14, 1, 5, 1, 73, NULL, 4, 4000.00, 0.00, 4895.00, 'full_paid', 'confirmed', '2025-11-03 06:33:19', NULL, 'web', NULL, 22, NULL, 4895.00, 0.00, NULL, NULL, NULL, NULL, 0, NULL, 4000.00, 0.00, 0.00, 15.00, 200.00, 320.00, 360.00, '2025-11-03 06:33:19', '2025-11-03 06:33:19', NULL, NULL),
(15, 1, 1, 1, 2, NULL, 2, 12000.00, 0.00, 2773.00, 'partial', 'confirmed', '2025-11-03 06:33:24', NULL, 'web', NULL, 22, NULL, 2773.00, 10002.00, NULL, NULL, NULL, NULL, 0, NULL, 12000.00, 0.00, 0.00, 15.00, 600.00, 160.00, 0.00, '2025-11-03 06:33:24', '2025-11-03 06:33:24', NULL, NULL),
(16, 1, 1, 1, 1, NULL, 1, 6000.00, 0.00, 6315.00, 'full_paid', 'confirmed', '2025-11-03 06:40:47', NULL, 'web', NULL, 22, NULL, 6315.00, 0.00, NULL, NULL, NULL, NULL, 0, NULL, 6000.00, 0.00, 0.00, 15.00, 300.00, 0.00, 0.00, '2025-11-03 06:40:47', '2025-11-03 06:40:47', NULL, NULL),
(17, 1, 1, 1, 2, NULL, 1, 6000.00, 0.00, 6315.00, 'full_paid', 'confirmed', '2025-11-03 06:41:05', NULL, 'web', NULL, 22, NULL, 6315.00, 0.00, NULL, NULL, NULL, NULL, 0, NULL, 6000.00, 0.00, 0.00, 15.00, 300.00, 0.00, 0.00, '2025-11-03 06:41:05', '2025-11-03 06:41:05', NULL, NULL),
(18, 1, 1, 1, 1, NULL, 4, 24000.00, 0.00, 5211.00, 'partial', 'confirmed', '2025-11-03 06:45:35', NULL, 'web', NULL, 22, NULL, 5211.00, 20004.00, NULL, NULL, NULL, NULL, 0, NULL, 24000.00, 0.00, 0.00, 15.00, 1200.00, 0.00, 0.00, '2025-11-03 06:45:35', '2025-11-03 06:45:35', NULL, NULL),
(19, 1, 4, 1, 51, NULL, 2, 244444.00, 0.00, 256841.20, 'full_paid', 'cancelled', '2025-11-03 06:48:07', NULL, 'web', NULL, 22, NULL, 256841.20, 0.00, NULL, NULL, NULL, NULL, 0, NULL, 244444.00, 0.00, 0.00, 15.00, 12222.20, 160.00, 0.00, '2025-11-03 06:48:07', '2025-11-03 07:22:49', NULL, NULL),
(20, 1, 1, 1, 2, NULL, 1, 6000.00, 0.00, 1314.00, 'partial', 'cancelled', '2025-11-03 07:03:15', NULL, 'web', NULL, 22, NULL, 1314.00, 5001.00, NULL, NULL, NULL, NULL, 0, NULL, 6000.00, 0.00, 0.00, 15.00, 300.00, 0.00, 0.00, '2025-11-03 07:03:15', '2025-11-03 07:07:09', NULL, NULL),
(21, 1, 1, 1, 1, NULL, 2, 12000.00, 0.00, 12615.00, 'full_paid', 'confirmed', '2025-11-03 09:04:19', NULL, 'web', NULL, 22, NULL, 12615.00, 0.00, NULL, NULL, NULL, NULL, 0, NULL, 12000.00, 0.00, 0.00, 15.00, 600.00, 0.00, 0.00, '2025-11-03 09:04:19', '2025-11-03 09:04:19', NULL, NULL),
(22, 1, 7, 1, 83, NULL, 2, 8999.00, 0.00, 9543.95, 'full_paid', 'confirmed', '2025-11-04 08:09:53', NULL, 'web', NULL, 22, NULL, 9543.95, 0.00, NULL, NULL, NULL, NULL, 0, NULL, 8999.00, 0.00, 0.00, 15.00, 449.95, 80.00, 0.00, '2025-11-04 08:09:53', '2025-11-04 08:09:53', NULL, NULL),
(23, 1, 7, 1, 84, NULL, 2, 17998.00, 0.00, 19252.90, 'full_paid', 'cancelled', '2025-11-05 11:00:52', NULL, 'web', NULL, 38, NULL, 19252.90, 0.00, NULL, NULL, NULL, NULL, 0, NULL, 17998.00, 0.00, 0.00, 15.00, 899.90, 160.00, 180.00, '2025-11-05 11:00:52', '2025-11-06 12:13:29', NULL, NULL),
(24, 1, 17, 1, 176, NULL, 1, 5000.00, 500.00, 4820.00, 'full_paid', 'confirmed', '2025-11-05 13:01:28', NULL, 'web', NULL, 22, NULL, 4820.00, 0.00, NULL, NULL, NULL, NULL, 0, NULL, 5000.00, 500.00, 0.00, 15.00, 225.00, 80.00, 0.00, '2025-11-05 13:01:28', '2025-11-05 13:01:28', NULL, NULL),
(25, 1, 17, 1, 176, NULL, 1, 5000.00, 500.00, 4740.00, 'full_paid', 'confirmed', '2025-11-05 13:04:45', NULL, 'web', NULL, 22, NULL, 4740.00, 0.00, NULL, NULL, NULL, NULL, 0, NULL, 5000.00, 500.00, 0.00, 15.00, 225.00, 0.00, 0.00, '2025-11-05 13:04:45', '2025-11-05 13:04:45', NULL, NULL),
(26, 1, 17, 1, 176, NULL, 1, 5000.00, 500.00, 4740.00, 'full_paid', 'cancelled', '2025-11-05 13:06:33', NULL, 'web', NULL, 22, NULL, 4740.00, 0.00, NULL, NULL, NULL, NULL, 0, NULL, 5000.00, 500.00, 0.00, 15.00, 225.00, 0.00, 0.00, '2025-11-05 13:06:33', '2025-11-05 13:10:14', NULL, NULL),
(27, 1, 18, 1, 191, NULL, 5, 74995.00, 3749.75, 75672.51, 'full_paid', 'cancelled', '2025-11-06 06:05:02', NULL, 'web', NULL, 22, NULL, 75672.51, 0.00, NULL, NULL, NULL, NULL, 0, NULL, 74995.00, 3749.75, 0.00, 15.00, 3562.26, 400.00, 450.00, '2025-11-06 06:05:02', '2025-11-06 06:06:15', NULL, NULL),
(28, 1, 12, 1, 104, NULL, 2, 14000.00, 700.00, 13980.00, 'full_paid', 'cancelled', '2025-11-06 06:12:16', NULL, 'web', NULL, 22, NULL, 13980.00, 0.00, NULL, NULL, NULL, NULL, 0, NULL, 14000.00, 700.00, 0.00, 15.00, 665.00, 0.00, 0.00, '2025-11-06 06:12:16', '2025-11-06 06:15:46', NULL, NULL),
(29, 1, 12, 1, 104, NULL, 1, 7000.00, 350.00, 6997.50, 'full_paid', 'cancelled', '2025-11-06 10:04:55', NULL, 'web', NULL, 22, NULL, 6997.50, 0.00, NULL, NULL, NULL, NULL, 0, NULL, 7000.00, 350.00, 0.00, 15.00, 332.50, 0.00, 0.00, '2025-11-06 10:04:55', '2025-11-06 10:17:02', NULL, NULL),
(30, 1, 23, 1, 212, NULL, 6, 90000.00, 1791.00, 93654.45, 'full_paid', 'confirmed', '2025-11-06 11:29:22', NULL, 'web', NULL, 18, NULL, 93654.45, 0.00, NULL, NULL, NULL, NULL, 0, NULL, 90000.00, 1791.00, 0.00, 15.00, 4410.45, 480.00, 540.00, '2025-11-06 11:29:22', '2025-11-06 11:29:22', NULL, NULL),
(31, 1, 43, 1, 376, NULL, 4, 27996.00, 839.88, 29208.93, 'full_paid', 'confirmed', '2025-11-07 09:27:40', NULL, 'web', NULL, 22, NULL, 29208.93, 0.00, NULL, NULL, NULL, NULL, 0, NULL, 27996.00, 839.88, 0.00, 15.00, 1357.81, 320.00, 360.00, '2025-11-07 09:27:40', '2025-11-07 09:27:40', NULL, NULL),
(32, 1, 41, 1, 362, NULL, 5, 100000.00, 5000.00, 100615.00, 'full_paid', 'cancelled', '2025-11-07 09:32:45', NULL, 'web', NULL, 22, NULL, 100615.00, 0.00, NULL, NULL, NULL, NULL, 0, NULL, 100000.00, 5000.00, 0.00, 15.00, 4750.00, 400.00, 450.00, '2025-11-07 09:32:45', '2025-11-07 11:05:06', NULL, NULL),
(33, 1, 26, 1, 222, NULL, 8, 24000.00, 0.00, 10567.00, 'partial', 'confirmed', '2025-11-07 09:40:18', NULL, 'web', NULL, 58, NULL, 10567.00, 16008.00, NULL, NULL, NULL, NULL, 0, NULL, 24000.00, 0.00, 0.00, 15.00, 1200.00, 640.00, 720.00, '2025-11-07 09:40:18', '2025-11-07 09:40:18', NULL, NULL),
(34, 1, 24, 1, 216, NULL, 3, 13500.00, 0.00, 14190.00, 'full_paid', 'confirmed', '2025-11-07 10:32:31', NULL, 'web', NULL, 26, NULL, 14190.00, 0.00, NULL, NULL, NULL, NULL, 0, NULL, 13500.00, 0.00, 0.00, 15.00, 675.00, 0.00, 0.00, '2025-11-07 10:32:31', '2025-11-07 10:32:31', NULL, NULL),
(35, 1, 25, 1, 219, NULL, 4, 32000.00, 0.00, 33975.00, 'full_paid', 'confirmed', '2025-11-07 11:04:16', NULL, 'web', NULL, 22, NULL, 33975.00, 0.00, NULL, NULL, NULL, NULL, 0, NULL, 32000.00, 0.00, 0.00, 15.00, 1600.00, 0.00, 360.00, '2025-11-07 11:04:16', '2025-11-07 11:04:16', NULL, NULL),
(36, 1, 21, 1, 205, NULL, 1, 8000.00, 100.00, 8390.00, 'full_paid', 'confirmed', '2025-11-08 11:50:09', NULL, 'web', NULL, 22, NULL, 8390.00, 0.00, NULL, NULL, NULL, NULL, 0, NULL, 8000.00, 100.00, 0.00, 15.00, 395.00, 80.00, 0.00, '2025-11-08 11:50:09', '2025-11-08 11:50:09', NULL, NULL),
(37, 1, 5, 1, 74, NULL, 1, 1000.00, 0.00, 1155.00, 'full_paid', 'confirmed', '2025-11-10 08:28:22', NULL, 'web', NULL, 22, NULL, 1155.00, 0.00, NULL, NULL, NULL, NULL, 0, NULL, 1000.00, 0.00, 0.00, 15.00, 50.00, 0.00, 90.00, '2025-11-10 08:28:22', '2025-11-10 08:28:22', NULL, NULL),
(38, 1, 7, 1, 84, NULL, 2, 17998.00, 0.00, 18912.90, 'full_paid', 'confirmed', '2025-11-12 09:21:11', NULL, 'web', NULL, 38, NULL, 18912.90, 0.00, NULL, NULL, NULL, NULL, 0, NULL, 17998.00, 0.00, 0.00, 15.00, 899.90, 0.00, 0.00, '2025-11-12 09:21:11', '2025-11-12 09:21:11', NULL, NULL),
(39, 1, 7, 1, 84, NULL, 2, 17998.00, 0.00, 19072.90, 'full_paid', 'confirmed', '2025-11-12 09:42:54', NULL, 'web', NULL, 22, NULL, 19072.90, 0.00, NULL, NULL, NULL, NULL, 0, NULL, 17998.00, 0.00, 0.00, 15.00, 899.90, 160.00, 0.00, '2025-11-12 09:42:54', '2025-11-12 09:42:54', NULL, NULL),
(40, 1, 12, 1, 104, NULL, 2, 14000.00, 700.00, 14140.00, 'full_paid', 'confirmed', '2025-11-12 09:44:34', NULL, 'web', NULL, 22, NULL, 14140.00, 0.00, NULL, NULL, NULL, NULL, 0, NULL, 14000.00, 700.00, 0.00, 15.00, 665.00, 160.00, 0.00, '2025-11-12 09:44:34', '2025-11-12 09:44:34', NULL, NULL),
(41, 1, 12, 1, 104, NULL, 2, 14000.00, 700.00, 14140.00, 'full_paid', 'cancelled', '2025-11-12 09:47:18', NULL, 'web', NULL, 38, NULL, 14140.00, 0.00, NULL, NULL, NULL, NULL, 0, NULL, 14000.00, 700.00, 0.00, 15.00, 665.00, 160.00, 0.00, '2025-11-12 09:47:18', '2025-11-12 11:53:37', NULL, NULL),
(42, 1, 12, 1, 104, NULL, 2, 14000.00, 700.00, 13980.00, 'full_paid', 'confirmed', '2025-11-12 10:08:57', NULL, 'web', NULL, 22, NULL, 13980.00, 0.00, NULL, NULL, NULL, NULL, 0, NULL, 14000.00, 700.00, 0.00, 15.00, 665.00, 0.00, 0.00, '2025-11-12 10:08:57', '2025-11-12 10:08:57', NULL, NULL),
(43, 1, 14, 1, 148, NULL, 1, 9999.00, 0.00, 10593.95, 'full_paid', 'confirmed', '2025-11-12 10:18:27', NULL, 'web', NULL, 38, NULL, 10593.95, 0.00, NULL, NULL, NULL, NULL, 0, NULL, 9999.00, 0.00, 0.00, 15.00, 499.95, 80.00, 0.00, '2025-11-12 10:18:27', '2025-11-12 10:18:27', NULL, NULL),
(44, 1, 14, 1, 148, NULL, 1, 9999.00, 0.00, 10513.95, 'full_paid', 'confirmed', '2025-11-12 10:49:00', NULL, 'web', NULL, 38, NULL, 10513.95, 0.00, NULL, NULL, NULL, NULL, 0, NULL, 9999.00, 0.00, 0.00, 15.00, 499.95, 0.00, 0.00, '2025-11-12 10:49:00', '2025-11-12 10:49:00', NULL, NULL),
(45, 1, 16, 1, 164, NULL, 2, 12000.00, 0.00, 12775.00, 'full_paid', 'confirmed', '2025-11-12 11:24:07', NULL, 'web', NULL, 38, NULL, 12775.00, 0.00, NULL, NULL, NULL, NULL, 0, NULL, 12000.00, 0.00, 0.00, 15.00, 600.00, 160.00, 0.00, '2025-11-12 11:24:07', '2025-11-12 11:24:07', NULL, NULL),
(46, 1, 5, 1, 74, NULL, 2, 2000.00, 0.00, 2275.00, 'full_paid', 'cancelled', '2025-11-12 11:48:34', NULL, 'web', NULL, 22, NULL, 2275.00, 0.00, NULL, NULL, NULL, NULL, 0, NULL, 2000.00, 0.00, 0.00, 15.00, 100.00, 160.00, 0.00, '2025-11-12 11:48:34', '2025-11-12 11:49:45', NULL, NULL),
(47, 1, 9, 1, 92, NULL, 2, 29998.00, 4499.70, 26948.22, 'full_paid', 'confirmed', '2025-11-12 12:17:13', NULL, 'web', NULL, 38, NULL, 26948.22, 0.00, NULL, NULL, NULL, NULL, 0, NULL, 29998.00, 4499.70, 0.00, 15.00, 1274.92, 160.00, 0.00, '2025-11-12 12:17:13', '2025-11-12 12:17:13', NULL, NULL),
(48, 1, 9, 1, 92, NULL, 1, 14999.00, 2249.85, 13401.61, 'full_paid', 'confirmed', '2025-11-12 12:23:03', NULL, 'web', NULL, 22, NULL, 13401.61, 0.00, NULL, NULL, NULL, NULL, 0, NULL, 14999.00, 2249.85, 0.00, 15.00, 637.46, 0.00, 0.00, '2025-11-12 12:23:03', '2025-11-12 12:23:03', NULL, NULL),
(49, 1, 9, 1, 92, NULL, 2, 29998.00, 4499.70, 26948.22, 'full_paid', 'confirmed', '2025-11-12 12:24:09', NULL, 'web', NULL, 38, NULL, 26948.22, 0.00, NULL, NULL, NULL, NULL, 0, NULL, 29998.00, 4499.70, 0.00, 15.00, 1274.92, 160.00, 0.00, '2025-11-12 12:24:09', '2025-11-12 12:24:09', NULL, NULL),
(50, 1, 13, 1, 108, NULL, 1, 5000.00, 100.00, 5240.00, 'full_paid', 'confirmed', '2025-11-14 05:14:58', NULL, 'web', NULL, 58, NULL, 5240.00, 0.00, NULL, NULL, NULL, NULL, 0, NULL, 5000.00, 100.00, 0.00, 15.00, 245.00, 80.00, 0.00, '2025-11-14 05:14:58', '2025-11-14 05:14:58', NULL, NULL);

-- --------------------------------------------------------

--
-- Table structure for table `booking_travelers`
--

CREATE TABLE `booking_travelers` (
  `id` int NOT NULL,
  `booking_id` int NOT NULL,
  `traveler_id` int NOT NULL,
  `is_primary` tinyint(1) DEFAULT '0',
  `special_requirements` text,
  `accommodation_preference` enum('single','shared','family','any') DEFAULT 'any',
  `meal_preference` enum('veg','non_veg','vegan','jain') DEFAULT 'veg',
  `status` enum('confirmed','cancelled','no_show') DEFAULT 'confirmed',
  `created_at` datetime NOT NULL,
  `updated_at` datetime NOT NULL
) ENGINE=InnoDB DEFAULT CHARSET=utf8mb3;

--
-- Dumping data for table `booking_travelers`
--

INSERT INTO `booking_travelers` (`id`, `booking_id`, `traveler_id`, `is_primary`, `special_requirements`, `accommodation_preference`, `meal_preference`, `status`, `created_at`, `updated_at`) VALUES
(1, 1, 1, 1, NULL, 'any', 'veg', 'confirmed', '2025-11-01 11:39:43', '2025-11-01 11:39:43'),
(2, 1, 2, 0, NULL, 'any', 'veg', 'confirmed', '2025-11-01 11:39:43', '2025-11-01 11:39:43'),
(3, 2, 1, 1, NULL, 'any', 'veg', 'confirmed', '2025-11-01 11:50:27', '2025-11-01 11:50:27'),
(4, 2, 2, 0, NULL, 'any', 'veg', 'confirmed', '2025-11-01 11:50:27', '2025-11-01 11:50:27'),
(5, 3, 2, 1, NULL, 'any', 'veg', 'confirmed', '2025-11-03 05:46:22', '2025-11-03 05:46:22'),
(6, 4, 2, 1, NULL, 'any', 'veg', 'confirmed', '2025-11-03 06:07:00', '2025-11-03 06:07:00'),
(7, 4, 1, 0, NULL, 'any', 'veg', 'confirmed', '2025-11-03 06:07:00', '2025-11-03 06:07:00'),
(8, 5, 6, 1, NULL, 'any', 'veg', 'confirmed', '2025-11-03 06:13:52', '2025-11-03 06:13:52'),
(9, 6, 6, 1, NULL, 'any', 'veg', 'confirmed', '2025-11-03 06:19:23', '2025-11-03 06:19:23'),
(10, 7, 6, 1, NULL, 'any', 'veg', 'confirmed', '2025-11-03 06:21:19', '2025-11-03 06:21:19'),
(11, 7, 5, 0, NULL, 'any', 'veg', 'confirmed', '2025-11-03 06:21:19', '2025-11-03 06:21:19'),
(12, 8, 2, 1, NULL, 'any', 'veg', 'confirmed', '2025-11-03 06:21:26', '2025-11-03 06:21:26'),
(13, 9, 8, 1, NULL, 'any', 'veg', 'confirmed', '2025-11-03 06:22:03', '2025-11-03 06:22:03'),
(14, 10, 1, 1, NULL, 'any', 'veg', 'confirmed', '2025-11-03 06:22:49', '2025-11-03 06:22:49'),
(15, 10, 3, 0, NULL, 'any', 'veg', 'confirmed', '2025-11-03 06:22:49', '2025-11-03 06:22:49'),
(16, 10, 4, 0, NULL, 'any', 'veg', 'confirmed', '2025-11-03 06:22:49', '2025-11-03 06:22:49'),
(17, 10, 2, 0, NULL, 'any', 'veg', 'confirmed', '2025-11-03 06:22:49', '2025-11-03 06:22:49'),
(18, 10, 5, 0, NULL, 'any', 'veg', 'confirmed', '2025-11-03 06:22:49', '2025-11-03 06:22:49'),
(19, 10, 6, 0, NULL, 'any', 'veg', 'confirmed', '2025-11-03 06:22:49', '2025-11-03 06:22:49'),
(20, 11, 7, 1, NULL, 'any', 'veg', 'confirmed', '2025-11-03 06:23:25', '2025-11-03 06:23:25'),
(21, 12, 3, 1, NULL, 'any', 'veg', 'confirmed', '2025-11-03 06:24:25', '2025-11-03 06:24:25'),
(22, 12, 2, 0, NULL, 'any', 'veg', 'confirmed', '2025-11-03 06:24:25', '2025-11-03 06:24:25'),
(23, 12, 1, 0, NULL, 'any', 'veg', 'confirmed', '2025-11-03 06:24:25', '2025-11-03 06:24:25'),
(24, 12, 5, 0, NULL, 'any', 'veg', 'confirmed', '2025-11-03 06:24:25', '2025-11-03 06:24:25'),
(25, 12, 6, 0, NULL, 'any', 'veg', 'confirmed', '2025-11-03 06:24:25', '2025-11-03 06:24:25'),
(26, 13, 8, 1, NULL, 'any', 'veg', 'confirmed', '2025-11-03 06:25:35', '2025-11-03 06:25:35'),
(27, 14, 6, 1, NULL, 'any', 'veg', 'confirmed', '2025-11-03 06:33:20', '2025-11-03 06:33:20'),
(28, 14, 5, 0, NULL, 'any', 'veg', 'confirmed', '2025-11-03 06:33:20', '2025-11-03 06:33:20'),
(29, 14, 7, 0, NULL, 'any', 'veg', 'confirmed', '2025-11-03 06:33:20', '2025-11-03 06:33:20'),
(30, 14, 8, 0, NULL, 'any', 'veg', 'confirmed', '2025-11-03 06:33:20', '2025-11-03 06:33:20'),
(31, 15, 7, 1, NULL, 'any', 'veg', 'confirmed', '2025-11-03 06:33:24', '2025-11-03 06:33:24'),
(32, 15, 8, 0, NULL, 'any', 'veg', 'confirmed', '2025-11-03 06:33:24', '2025-11-03 06:33:24'),
(33, 16, 9, 1, NULL, 'any', 'veg', 'confirmed', '2025-11-03 06:40:47', '2025-11-03 06:40:47'),
(34, 17, 7, 1, NULL, 'any', 'veg', 'confirmed', '2025-11-03 06:41:05', '2025-11-03 06:41:05'),
(35, 18, 2, 1, NULL, 'any', 'veg', 'confirmed', '2025-11-03 06:45:35', '2025-11-03 06:45:35'),
(36, 18, 3, 0, NULL, 'any', 'veg', 'confirmed', '2025-11-03 06:45:35', '2025-11-03 06:45:35'),
(37, 18, 4, 0, NULL, 'any', 'veg', 'confirmed', '2025-11-03 06:45:35', '2025-11-03 06:45:35'),
(38, 18, 5, 0, NULL, 'any', 'veg', 'confirmed', '2025-11-03 06:45:35', '2025-11-03 06:45:35'),
(39, 19, 8, 1, NULL, 'any', 'veg', 'confirmed', '2025-11-03 06:48:07', '2025-11-03 06:48:07'),
(40, 19, 7, 0, NULL, 'any', 'veg', 'confirmed', '2025-11-03 06:48:07', '2025-11-03 06:48:07'),
(41, 20, 7, 1, NULL, 'any', 'veg', 'confirmed', '2025-11-03 07:03:15', '2025-11-03 07:03:15'),
(42, 21, 7, 1, NULL, 'any', 'veg', 'confirmed', '2025-11-03 09:04:19', '2025-11-03 09:04:19'),
(43, 21, 8, 0, NULL, 'any', 'veg', 'confirmed', '2025-11-03 09:04:19', '2025-11-03 09:04:19'),
(44, 22, 1, 1, NULL, 'any', 'veg', 'confirmed', '2025-11-04 08:09:53', '2025-11-04 08:09:53'),
(45, 22, 3, 0, NULL, 'any', 'veg', 'confirmed', '2025-11-04 08:09:53', '2025-11-04 08:09:53'),
(46, 23, 1, 1, NULL, 'any', 'veg', 'confirmed', '2025-11-05 11:00:52', '2025-11-05 11:00:52'),
(47, 23, 2, 0, NULL, 'any', 'veg', 'confirmed', '2025-11-05 11:00:52', '2025-11-05 11:00:52'),
(48, 24, 1, 1, NULL, 'any', 'veg', 'confirmed', '2025-11-05 13:01:28', '2025-11-05 13:01:28'),
(49, 25, 3, 1, NULL, 'any', 'veg', 'confirmed', '2025-11-05 13:04:45', '2025-11-05 13:04:45'),
(50, 26, 2, 1, NULL, 'any', 'veg', 'confirmed', '2025-11-05 13:06:33', '2025-11-05 13:06:33'),
(51, 27, 1, 1, NULL, 'any', 'veg', 'confirmed', '2025-11-06 06:05:02', '2025-11-06 06:05:02'),
(52, 27, 2, 0, NULL, 'any', 'veg', 'confirmed', '2025-11-06 06:05:02', '2025-11-06 06:05:02'),
(53, 27, 4, 0, NULL, 'any', 'veg', 'confirmed', '2025-11-06 06:05:02', '2025-11-06 06:05:02'),
(54, 27, 3, 0, NULL, 'any', 'veg', 'confirmed', '2025-11-06 06:05:02', '2025-11-06 06:05:02'),
(55, 27, 5, 0, NULL, 'any', 'veg', 'confirmed', '2025-11-06 06:05:02', '2025-11-06 06:05:02'),
(56, 28, 2, 1, NULL, 'any', 'veg', 'confirmed', '2025-11-06 06:12:16', '2025-11-06 06:12:16'),
(57, 28, 3, 0, NULL, 'any', 'veg', 'confirmed', '2025-11-06 06:12:16', '2025-11-06 06:12:16'),
(58, 29, 1, 1, NULL, 'any', 'veg', 'confirmed', '2025-11-06 10:04:55', '2025-11-06 10:04:55'),
(59, 30, 2, 0, NULL, 'any', 'veg', 'confirmed', '2025-11-06 11:29:22', '2025-11-06 11:29:22'),
(60, 30, 1, 1, NULL, 'any', 'veg', 'confirmed', '2025-11-06 11:29:22', '2025-11-06 11:29:22'),
(61, 30, 6, 0, NULL, 'any', 'veg', 'confirmed', '2025-11-06 11:29:22', '2025-11-06 11:29:22'),
(62, 30, 5, 0, NULL, 'any', 'veg', 'confirmed', '2025-11-06 11:29:22', '2025-11-06 11:29:22'),
(63, 30, 3, 0, NULL, 'any', 'veg', 'confirmed', '2025-11-06 11:29:22', '2025-11-06 11:29:22'),
(64, 30, 4, 0, NULL, 'any', 'veg', 'confirmed', '2025-11-06 11:29:22', '2025-11-06 11:29:22'),
(65, 31, 2, 1, NULL, 'any', 'veg', 'confirmed', '2025-11-07 09:27:40', '2025-11-07 09:27:40'),
(66, 31, 1, 0, NULL, 'any', 'veg', 'confirmed', '2025-11-07 09:27:40', '2025-11-07 09:27:40'),
(67, 31, 3, 0, NULL, 'any', 'veg', 'confirmed', '2025-11-07 09:27:40', '2025-11-07 09:27:40'),
(68, 31, 5, 0, NULL, 'any', 'veg', 'confirmed', '2025-11-07 09:27:40', '2025-11-07 09:27:40'),
(69, 32, 1, 1, NULL, 'any', 'veg', 'confirmed', '2025-11-07 09:32:45', '2025-11-07 09:32:45'),
(70, 32, 2, 0, NULL, 'any', 'veg', 'confirmed', '2025-11-07 09:32:45', '2025-11-07 09:32:45'),
(71, 32, 4, 0, NULL, 'any', 'veg', 'confirmed', '2025-11-07 09:32:45', '2025-11-07 09:32:45'),
(72, 32, 3, 0, NULL, 'any', 'veg', 'confirmed', '2025-11-07 09:32:45', '2025-11-07 09:32:45'),
(73, 32, 5, 0, NULL, 'any', 'veg', 'confirmed', '2025-11-07 09:32:45', '2025-11-07 09:32:45'),
(74, 33, 1, 1, NULL, 'any', 'veg', 'confirmed', '2025-11-07 09:40:18', '2025-11-07 09:40:18'),
(75, 33, 2, 0, NULL, 'any', 'veg', 'confirmed', '2025-11-07 09:40:18', '2025-11-07 09:40:18'),
(76, 33, 3, 0, NULL, 'any', 'veg', 'confirmed', '2025-11-07 09:40:18', '2025-11-07 09:40:18'),
(77, 33, 6, 0, NULL, 'any', 'veg', 'confirmed', '2025-11-07 09:40:18', '2025-11-07 09:40:18'),
(78, 33, 4, 0, NULL, 'any', 'veg', 'confirmed', '2025-11-07 09:40:18', '2025-11-07 09:40:18'),
(79, 33, 10, 0, NULL, 'any', 'veg', 'confirmed', '2025-11-07 09:40:18', '2025-11-07 09:40:18'),
(80, 33, 8, 0, NULL, 'any', 'veg', 'confirmed', '2025-11-07 09:40:18', '2025-11-07 09:40:18'),
(81, 33, 7, 0, NULL, 'any', 'veg', 'confirmed', '2025-11-07 09:40:18', '2025-11-07 09:40:18'),
(82, 34, 1, 1, NULL, 'any', 'veg', 'confirmed', '2025-11-07 10:32:31', '2025-11-07 10:32:31'),
(83, 34, 2, 0, NULL, 'any', 'veg', 'confirmed', '2025-11-07 10:32:31', '2025-11-07 10:32:31'),
(84, 34, 4, 0, NULL, 'any', 'veg', 'confirmed', '2025-11-07 10:32:31', '2025-11-07 10:32:31'),
(85, 35, 3, 1, NULL, 'any', 'veg', 'confirmed', '2025-11-07 11:04:16', '2025-11-07 11:04:16'),
(86, 35, 1, 0, NULL, 'any', 'veg', 'confirmed', '2025-11-07 11:04:16', '2025-11-07 11:04:16'),
(87, 35, 2, 0, NULL, 'any', 'veg', 'confirmed', '2025-11-07 11:04:16', '2025-11-07 11:04:16'),
(88, 35, 4, 0, NULL, 'any', 'veg', 'confirmed', '2025-11-07 11:04:16', '2025-11-07 11:04:16'),
(89, 36, 1, 1, NULL, 'any', 'veg', 'confirmed', '2025-11-08 11:50:09', '2025-11-08 11:50:09'),
(90, 37, 1, 1, NULL, 'any', 'veg', 'confirmed', '2025-11-10 08:28:22', '2025-11-10 08:28:22'),
(91, 38, 1, 1, NULL, 'any', 'veg', 'confirmed', '2025-11-12 09:21:11', '2025-11-12 09:21:11'),
(92, 38, 2, 0, NULL, 'any', 'veg', 'confirmed', '2025-11-12 09:21:11', '2025-11-12 09:21:11'),
(93, 39, 6, 1, NULL, 'any', 'veg', 'confirmed', '2025-11-12 09:42:54', '2025-11-12 09:42:54'),
(94, 39, 9, 0, NULL, 'any', 'veg', 'confirmed', '2025-11-12 09:42:54', '2025-11-12 09:42:54'),
(95, 40, 1, 1, NULL, 'any', 'veg', 'confirmed', '2025-11-12 09:44:34', '2025-11-12 09:44:34'),
(96, 40, 2, 0, NULL, 'any', 'veg', 'confirmed', '2025-11-12 09:44:34', '2025-11-12 09:44:34'),
(97, 41, 10, 1, NULL, 'any', 'veg', 'confirmed', '2025-11-12 09:47:18', '2025-11-12 09:47:18'),
(98, 41, 11, 0, NULL, 'any', 'veg', 'confirmed', '2025-11-12 09:47:18', '2025-11-12 09:47:18'),
(99, 42, 1, 1, NULL, 'any', 'veg', 'confirmed', '2025-11-12 10:08:57', '2025-11-12 10:08:57'),
(100, 42, 2, 0, NULL, 'any', 'veg', 'confirmed', '2025-11-12 10:08:57', '2025-11-12 10:08:57'),
(101, 43, 1, 1, NULL, 'any', 'veg', 'confirmed', '2025-11-12 10:18:27', '2025-11-12 10:18:27'),
(102, 44, 1, 1, NULL, 'any', 'veg', 'confirmed', '2025-11-12 10:49:00', '2025-11-12 10:49:00'),
(103, 45, 1, 1, NULL, 'any', 'veg', 'confirmed', '2025-11-12 11:24:07', '2025-11-12 11:24:07'),
(104, 45, 2, 0, NULL, 'any', 'veg', 'confirmed', '2025-11-12 11:24:07', '2025-11-12 11:24:07'),
(105, 46, 1, 1, NULL, 'any', 'veg', 'confirmed', '2025-11-12 11:48:34', '2025-11-12 11:48:34'),
(106, 46, 2, 0, NULL, 'any', 'veg', 'confirmed', '2025-11-12 11:48:34', '2025-11-12 11:48:34'),
(107, 47, 1, 1, NULL, 'any', 'veg', 'confirmed', '2025-11-12 12:17:13', '2025-11-12 12:17:13'),
(108, 47, 2, 0, NULL, 'any', 'veg', 'confirmed', '2025-11-12 12:17:13', '2025-11-12 12:17:13'),
(109, 48, 1, 1, NULL, 'any', 'veg', 'confirmed', '2025-11-12 12:23:03', '2025-11-12 12:23:03'),
(110, 49, 1, 1, NULL, 'any', 'veg', 'confirmed', '2025-11-12 12:24:09', '2025-11-12 12:24:09'),
(111, 49, 2, 0, NULL, 'any', 'veg', 'confirmed', '2025-11-12 12:24:09', '2025-11-12 12:24:09'),
(112, 50, 1, 1, NULL, 'any', 'veg', 'confirmed', '2025-11-14 05:14:58', '2025-11-14 05:14:58');

-- --------------------------------------------------------

--
-- Table structure for table `campaigns`
--

CREATE TABLE `campaigns` (
  `id` int NOT NULL,
  `name` varchar(255) NOT NULL,
  `description` text,
  `start_date` datetime NOT NULL,
  `end_date` datetime NOT NULL,
  `status` enum('draft','active','paused','completed') DEFAULT 'draft',
  `created_at` datetime NOT NULL,
  `updated_at` datetime NOT NULL
) ENGINE=InnoDB DEFAULT CHARSET=utf8mb3;

-- --------------------------------------------------------

--
-- Table structure for table `cancellations`
--

CREATE TABLE `cancellations` (
  `id` int NOT NULL,
  `booking_id` int NOT NULL,
  `reason` text,
  `refund_amount` decimal(10,2) DEFAULT NULL,
  `cancelled_at` datetime DEFAULT NULL,
  `created_at` datetime NOT NULL,
  `updated_at` datetime NOT NULL
) ENGINE=InnoDB DEFAULT CHARSET=utf8mb3;

-- --------------------------------------------------------

--
-- Table structure for table `cancellation_bookings`
--

CREATE TABLE `cancellation_bookings` (
  `id` int NOT NULL,
  `booking_id` int NOT NULL COMMENT 'Reference to the cancelled booking',
  `customer_id` int NOT NULL COMMENT 'Reference to the customer who cancelled',
  `trek_id` int NOT NULL COMMENT 'Reference to the trek that was cancelled',
  `batch_id` int DEFAULT NULL COMMENT 'Reference to the batch that was cancelled',
  `total_refundable_amount` decimal(10,2) NOT NULL COMMENT 'Total amount that will be refunded to the customer',
  `deduction` decimal(10,2) DEFAULT '0.00' COMMENT 'Total deduction amount',
  `deduction_admin` decimal(10,2) DEFAULT '0.00' COMMENT 'Admin share of deduction (50% of total deduction)',
  `deduction_vendor` decimal(10,2) DEFAULT '0.00' COMMENT 'Vendor share of deduction (50% of total deduction)',
  `status` enum('pending','confirmed','processed','completed') NOT NULL DEFAULT 'confirmed' COMMENT 'Status of the cancellation request',
  `reason` text COMMENT 'Optional reason for cancellation provided by customer',
  `cancellation_date` datetime NOT NULL COMMENT 'Date and time when cancellation was confirmed',
  `processed_date` datetime DEFAULT NULL COMMENT 'Date and time when refund was processed',
  `refund_transaction_id` varchar(255) DEFAULT NULL COMMENT 'Transaction ID of the refund payment',
  `notes` text COMMENT 'Internal notes for the cancellation',
  `created_at` datetime NOT NULL,
  `updated_at` datetime NOT NULL
) ENGINE=InnoDB DEFAULT CHARSET=utf8mb3;

--
-- Dumping data for table `cancellation_bookings`
--

INSERT INTO `cancellation_bookings` (`id`, `booking_id`, `customer_id`, `trek_id`, `batch_id`, `total_refundable_amount`, `deduction`, `deduction_admin`, `deduction_vendor`, `status`, `reason`, `cancellation_date`, `processed_date`, `refund_transaction_id`, `notes`, `created_at`, `updated_at`) VALUES
(1, 20, 1, 1, 2, 300.00, 1014.00, 507.00, 507.00, 'confirmed', 'plan changed ', '2025-11-03 07:07:09', NULL, NULL, NULL, '2025-11-03 07:07:09', '2025-11-03 07:07:09'),
(2, 19, 1, 4, 51, 77052.36, 179788.84, 89894.42, 89894.42, 'confirmed', 'health issue', '2025-11-03 07:22:49', NULL, NULL, NULL, '2025-11-03 07:22:49', '2025-11-03 07:22:49'),
(3, 26, 1, 17, 176, 225.00, 4515.00, 2257.50, 2257.50, 'confirmed', NULL, '2025-11-05 13:10:14', NULL, NULL, NULL, '2025-11-05 13:10:14', '2025-11-05 13:10:14'),
(4, 27, 1, 18, 191, 60538.01, 15134.50, 7567.25, 7567.25, 'confirmed', 'some personal issues ', '2025-11-06 06:06:15', NULL, NULL, NULL, '2025-11-06 06:06:15', '2025-11-06 06:06:15'),
(5, 28, 1, 12, 104, 12966.00, 1014.00, 507.00, 507.00, 'confirmed', 'health issues \n', '2025-11-06 06:15:46', NULL, NULL, NULL, '2025-11-06 06:15:46', '2025-11-06 06:15:46'),
(6, 29, 1, 12, 104, 5983.50, 1014.00, 507.00, 507.00, 'confirmed', NULL, '2025-11-06 10:17:02', NULL, NULL, NULL, '2025-11-06 10:17:02', '2025-11-06 10:17:02'),
(7, 23, 1, 7, 84, 15402.32, 12328.46, 12328.46, 12328.46, 'confirmed', NULL, '2025-11-06 12:13:29', NULL, NULL, NULL, '2025-11-06 12:13:29', '2025-11-06 12:13:29'),
(8, 32, 1, 41, 362, 80492.00, 66867.40, 66867.40, 66867.40, 'confirmed', NULL, '2025-11-07 11:05:06', NULL, NULL, NULL, '2025-11-07 11:05:06', '2025-11-07 11:05:06'),
(9, 10, 1, 5, 72, 3157.50, 2231.63, 2231.63, 2231.63, 'confirmed', NULL, '2025-11-12 04:51:56', NULL, NULL, NULL, '2025-11-12 04:51:56', '2025-11-12 04:51:56'),
(10, 46, 1, 5, 74, 1820.00, 1473.00, 1473.00, 1473.00, 'confirmed', NULL, '2025-11-12 11:49:45', NULL, NULL, NULL, '2025-11-12 11:49:45', '2025-11-12 11:49:45'),
(11, 41, 1, 12, 104, 665.00, -981.05, -981.05, -981.05, 'confirmed', NULL, '2025-11-12 11:53:37', NULL, NULL, NULL, '2025-11-12 11:53:37', '2025-11-12 11:53:37');

-- --------------------------------------------------------

--
-- Table structure for table `cancellation_policies`
--

CREATE TABLE `cancellation_policies` (
  `id` int NOT NULL,
  `title` varchar(255) NOT NULL,
  `description` text,
  `rules` longtext CHARACTER SET utf8mb4 COLLATE utf8mb4_bin NOT NULL,
  `description_points` longtext CHARACTER SET utf8mb4 COLLATE utf8mb4_bin,
  `is_active` tinyint(1) NOT NULL DEFAULT '1',
  `sort_order` int NOT NULL DEFAULT '0',
  `created_at` datetime NOT NULL,
  `updated_at` datetime NOT NULL
) ;

--
-- Dumping data for table `cancellation_policies`
--

INSERT INTO `cancellation_policies` (`id`, `title`, `description`, `rules`, `description_points`, `is_active`, `sort_order`, `created_at`, `updated_at`) VALUES
(1, 'Flexible Policy', 'Most flexible cancellation policy with minimal deductions', '[{\"rule\":\"Advance Payment (₹999) Non-refundable\",\"deduction\":999,\"deduction_type\":\"fixed\"},{\"rule\":\"Full Payment Made ₹999 held, refund processed\",\"deduction\":999,\"deduction_type\":\"fixed\"},{\"rule\":\"Cancellation Notice 1 day before trek\",\"deduction\":0,\"deduction_type\":\"percentage\"}]', '[\"Advance payment is non-refundable under any circumstances\",\"Full refund minus advance payment if cancelled 24+ hours before\",\"No refund for same-day cancellations\",\"Refunds processed within 3-5 business days\"]', 1, 1, '2025-11-01 07:12:44', '2025-11-01 07:12:44'),
(2, 'Standard Policy', 'Standard cancellation policy with time-based deductions', '[{\"rule\":\"Cancellation 30+ days before\",\"deduction\":10,\"deduction_type\":\"percentage\"},{\"rule\":\"Cancellation 15-29 days before\",\"deduction\":25,\"deduction_type\":\"percentage\"},{\"rule\":\"Cancellation 7-14 days before\",\"deduction\":50,\"deduction_type\":\"percentage\"},{\"rule\":\"Cancellation less than 7 days\",\"deduction\":100,\"deduction_type\":\"percentage\"}]', '[\"Cancellation must be made in writing\",\"Refunds processed within 5-7 business days\",\"Force majeure events may affect cancellation terms\",\"Partial refunds based on time of cancellation\"]', 1, 2, '2025-11-01 07:12:44', '2025-11-01 07:12:44');

-- --------------------------------------------------------

--
-- Table structure for table `cancellation_policy_settings`
--

CREATE TABLE `cancellation_policy_settings` (
  `id` int NOT NULL,
  `policy_type` enum('flexible','standard') NOT NULL COMMENT 'Type of cancellation policy',
  `flexible_advance_non_refundable` tinyint(1) NOT NULL DEFAULT '1' COMMENT 'Whether advance payment is non-refundable in flexible policy',
  `flexible_full_payment_24h_deduction` int NOT NULL DEFAULT '100' COMMENT 'Deduction percentage for full payment within 24h (flexible policy)',
  `standard_72h_plus_deduction` int NOT NULL DEFAULT '20' COMMENT 'Deduction percentage for 72h+ before trek (standard policy)',
  `standard_48_72h_deduction` int NOT NULL DEFAULT '50' COMMENT 'Deduction percentage for 48-72h before trek (standard policy)',
  `standard_24_48h_deduction` int NOT NULL DEFAULT '70' COMMENT 'Deduction percentage for 24-48h before trek (standard policy)',
  `standard_under_24h_deduction` int NOT NULL DEFAULT '100' COMMENT 'Deduction percentage for under 24h before trek (standard policy)',
  `is_active` tinyint(1) NOT NULL DEFAULT '1' COMMENT 'Whether this policy setting is active',
  `created_at` datetime NOT NULL,
  `updated_at` datetime NOT NULL
) ENGINE=InnoDB DEFAULT CHARSET=utf8mb3;

-- --------------------------------------------------------

--
-- Table structure for table `categories`
--

CREATE TABLE `categories` (
  `id` int NOT NULL,
  `trek_id` int NOT NULL,
  `name` varchar(255) NOT NULL,
  `created_at` datetime NOT NULL,
  `updated_at` datetime NOT NULL
) ENGINE=InnoDB DEFAULT CHARSET=utf8mb3;

-- --------------------------------------------------------

--
-- Table structure for table `chats`
--

CREATE TABLE `chats` (
  `id` int NOT NULL,
  `customer_id` int NOT NULL,
  `admin_id` int DEFAULT NULL COMMENT 'Admin user assigned to this chat',
  `status` enum('active','closed','archived') DEFAULT 'active',
  `last_message_at` datetime DEFAULT NULL,
  `unread_customer_count` int DEFAULT '0' COMMENT 'Unread messages count for customer',
  `unread_admin_count` int DEFAULT '0' COMMENT 'Unread messages count for admin',
  `created_at` datetime NOT NULL,
  `updated_at` datetime NOT NULL
) ENGINE=InnoDB DEFAULT CHARSET=utf8mb3;

--
-- Dumping data for table `chats`
--

INSERT INTO `chats` (`id`, `customer_id`, `admin_id`, `status`, `last_message_at`, `unread_customer_count`, `unread_admin_count`, `created_at`, `updated_at`) VALUES
(1, 1, NULL, 'active', NULL, 0, 0, '2025-11-08 12:39:18', '2025-11-08 12:39:18');

-- --------------------------------------------------------

--
-- Table structure for table `cities`
--

CREATE TABLE `cities` (
  `id` int NOT NULL,
  `city_name` varchar(255) NOT NULL,
  `is_popular` tinyint(1) NOT NULL DEFAULT '0',
  `state_id` int NOT NULL,
  `created_at` datetime NOT NULL,
  `updated_at` datetime NOT NULL
) ENGINE=InnoDB DEFAULT CHARSET=utf8mb3;

--
-- Dumping data for table `cities`
--

INSERT INTO `cities` (`id`, `city_name`, `is_popular`, `state_id`, `created_at`, `updated_at`) VALUES
(1, 'Dehradun', 1, 1, '2025-11-01 07:12:09', '2025-11-01 07:12:09'),
(2, 'Rishikesh', 1, 1, '2025-11-01 07:12:09', '2025-11-01 07:12:09'),
(3, 'Haridwar', 1, 1, '2025-11-01 07:12:09', '2025-11-01 07:12:09'),
(4, 'Mussoorie', 1, 1, '2025-11-01 07:12:09', '2025-11-01 07:12:09'),
(5, 'Nainital', 1, 1, '2025-11-01 07:12:09', '2025-11-01 07:12:09'),
(6, 'Almora', 0, 1, '2025-11-01 07:12:09', '2025-11-01 07:12:09'),
(7, 'Ranikhet', 0, 1, '2025-11-01 07:12:09', '2025-11-01 07:12:09'),
(8, 'Manali', 1, 2, '2025-11-01 07:12:09', '2025-11-01 07:12:09'),
(9, 'Shimla', 1, 2, '2025-11-01 07:12:09', '2025-11-01 07:12:09'),
(13, 'Srinagar', 1, 3, '2025-11-01 07:12:09', '2025-11-01 07:12:09'),
(16, 'Gangtok', 1, 11, '2025-11-01 07:12:09', '2025-11-01 07:12:09'),
(17, 'Lachung', 0, 11, '2025-11-01 07:12:09', '2025-11-01 07:12:09'),
(18, 'Mumbai', 0, 24, '2025-11-01 07:12:09', '2025-11-07 06:25:45'),
(22, 'Bangalore', 1, 19, '2025-11-01 07:12:09', '2025-11-07 05:16:28'),
(24, 'Kochi', 1, 20, '2025-11-01 07:12:09', '2025-11-01 07:12:09'),
(26, 'Chennai', 1, 21, '2025-11-01 07:12:09', '2025-11-01 07:12:09'),
(27, 'Ooty', 0, 21, '2025-11-01 07:12:09', '2025-11-01 07:12:09'),
(28, 'Jaipur', 1, 9, '2025-11-01 07:12:09', '2025-11-01 07:12:09'),
(29, 'Udaipur', 0, 9, '2025-11-01 07:12:09', '2025-11-01 07:12:09'),
(30, 'New Delhi', 1, 7, '2025-11-01 07:12:09', '2025-11-01 07:12:09'),
(31, 'Panaji', 1, 26, '2025-11-01 07:12:09', '2025-11-01 07:12:09'),
(38, 'Hyderabad', 0, 23, '2025-11-03 09:17:45', '2025-11-03 09:17:45'),
(39, 'Vizag', 0, 22, '2025-11-05 05:23:29', '2025-11-05 05:23:29'),
(40, 'vijayawada', 0, 22, '2025-11-05 05:24:26', '2025-11-05 05:24:26'),
(41, 'Guntur', 0, 22, '2025-11-05 05:26:10', '2025-11-05 05:26:10'),
(42, 'Itanagar', 0, 12, '2025-11-05 05:35:24', '2025-11-05 05:35:24'),
(43, 'Pasighat', 0, 12, '2025-11-05 05:53:03', '2025-11-05 05:53:03'),
(44, 'Guwahati', 0, 13, '2025-11-05 05:59:38', '2025-11-05 05:59:38'),
(45, 'Dibrugarh', 0, 13, '2025-11-05 06:02:01', '2025-11-05 06:02:01'),
(46, 'Patna', 0, 30, '2025-11-05 06:08:52', '2025-11-05 06:08:52'),
(47, 'Chandigarh', 0, 8, '2025-11-05 06:18:24', '2025-11-05 06:18:24'),
(48, 'Raipur', 0, 28, '2025-11-05 06:27:14', '2025-11-05 06:27:14'),
(49, 'Bilaspur', 0, 28, '2025-11-05 06:30:13', '2025-11-05 06:30:13'),
(50, 'Durg-Bhilai', 0, 28, '2025-11-05 06:35:46', '2025-11-05 06:35:46'),
(51, 'Mapusa', 0, 26, '2025-11-05 09:42:21', '2025-11-05 09:42:21'),
(52, 'Siolim', 0, 26, '2025-11-05 09:45:25', '2025-11-05 09:45:25'),
(53, 'Ahmedabad', 0, 25, '2025-11-05 09:50:09', '2025-11-05 09:50:09'),
(54, 'Bhavnagar', 0, 25, '2025-11-05 09:52:45', '2025-11-05 09:52:45'),
(55, 'Jamnagar', 0, 25, '2025-11-05 09:56:23', '2025-11-05 09:56:23'),
(56, 'Rajkot', 0, 25, '2025-11-05 09:59:04', '2025-11-05 09:59:04'),
(57, 'Surat', 0, 25, '2025-11-05 10:23:57', '2025-11-05 10:23:57'),
(58, 'nellore', 0, 22, '2025-11-05 11:12:04', '2025-11-05 11:12:04'),
(59, 'Faridabad', 0, 6, '2025-11-06 04:43:39', '2025-11-06 04:43:39'),
(60, 'Gurugram', 0, 6, '2025-11-06 04:47:43', '2025-11-06 04:47:43'),
(61, 'Karnal', 0, 6, '2025-11-06 04:57:52', '2025-11-06 04:57:52'),
(62, 'Jammu', 0, 3, '2025-11-07 05:00:29', '2025-11-07 05:00:29'),
(63, 'Ranchi', 0, 29, '2025-11-07 05:06:03', '2025-11-07 05:06:03'),
(64, 'Bokaro Steel City', 0, 29, '2025-11-07 05:08:29', '2025-11-07 05:08:29'),
(65, 'Dhanbad', 0, 29, '2025-11-07 05:11:33', '2025-11-07 05:11:33'),
(66, 'Jamshedpur', 0, 29, '2025-11-07 05:15:29', '2025-11-07 05:15:29'),
(67, 'Mysore', 1, 19, '2025-11-07 05:18:57', '2025-11-07 05:18:57'),
(68, 'Hubballi-Dharwad', 0, 19, '2025-11-07 05:22:27', '2025-11-07 05:22:27'),
(69, 'Mangaluru', 0, 19, '2025-11-07 05:25:30', '2025-11-07 05:25:30'),
(70, 'Belagavi', 0, 19, '2025-11-07 05:30:27', '2025-11-07 05:30:27'),
(71, 'Shivamogga', 0, 19, '2025-11-07 05:33:00', '2025-11-07 05:33:00'),
(72, 'Kozhikode', 0, 20, '2025-11-07 05:38:34', '2025-11-07 05:38:34'),
(73, 'Thiruvananthapuram', 0, 20, '2025-11-07 05:39:57', '2025-11-07 05:39:57'),
(74, 'Zanskar', 0, 4, '2025-11-07 05:45:48', '2025-11-07 05:45:48'),
(75, 'Bhopal', 0, 27, '2025-11-07 05:53:00', '2025-11-07 05:53:00'),
(76, 'Indore', 0, 27, '2025-11-07 05:56:15', '2025-11-07 05:56:15'),
(77, 'Gwalior', 0, 27, '2025-11-07 06:00:22', '2025-11-07 06:00:22'),
(78, 'Jabalpur', 0, 27, '2025-11-07 06:02:29', '2025-11-07 06:02:29'),
(79, 'Ratlam', 0, 27, '2025-11-07 06:04:20', '2025-11-07 06:04:20'),
(80, 'Nagpur', 0, 24, '2025-11-07 06:27:14', '2025-11-07 06:27:14'),
(81, 'Nashik', 0, 24, '2025-11-07 06:29:35', '2025-11-07 06:29:35'),
(82, 'Amravati', 0, 24, '2025-11-07 06:31:53', '2025-11-07 06:31:53'),
(83, 'Aurangabad', 0, 24, '2025-11-07 06:35:57', '2025-11-07 06:35:57'),
(84, 'Solapur', 0, 24, '2025-11-07 06:39:11', '2025-11-07 06:39:11'),
(85, 'Bhiwandi', 0, 24, '2025-11-07 06:41:16', '2025-11-07 06:41:16'),
(86, 'Kolhapur', 0, 24, '2025-11-07 06:45:00', '2025-11-07 06:45:00'),
(87, 'jowai', 0, 15, '2025-11-07 07:10:12', '2025-11-07 07:10:12'),
(88, 'nongpoh', 0, 15, '2025-11-07 07:11:42', '2025-11-07 07:11:42'),
(89, 'Lunglei', 0, 16, '2025-11-07 07:27:33', '2025-11-07 07:27:33'),
(90, 'Champhai', 0, 16, '2025-11-07 09:57:46', '2025-11-07 09:57:46'),
(91, 'Dimapur', 0, 17, '2025-11-07 10:05:32', '2025-11-07 10:05:32'),
(92, 'Kohima', 0, 17, '2025-11-07 10:17:30', '2025-11-07 10:17:30'),
(93, 'Tuensang', 0, 17, '2025-11-07 10:18:53', '2025-11-07 10:18:53'),
(94, 'Bhubaneswar', 0, 32, '2025-11-07 10:41:05', '2025-11-07 10:41:05'),
(95, 'Cuttack', 0, 32, '2025-11-07 10:47:11', '2025-11-07 10:47:11'),
(96, 'Rourkela', 0, 17, '2025-11-07 10:50:29', '2025-11-07 10:50:29'),
(97, 'Pondicherry', 1, 33, '2025-11-07 10:55:14', '2025-11-07 10:55:14'),
(98, 'Punjab', 0, 5, '2025-11-07 11:05:45', '2025-11-07 11:05:45'),
(99, 'Amritsar', 0, 5, '2025-11-07 11:12:08', '2025-11-07 11:12:08'),
(100, 'Jalandhar', 0, 5, '2025-11-07 11:27:14', '2025-11-07 11:27:14'),
(101, 'Rajasthan', 0, 9, '2025-11-08 06:20:07', '2025-11-08 06:20:07'),
(102, 'Ajmer', 0, 9, '2025-11-08 06:28:37', '2025-11-08 06:28:37'),
(103, 'Bikaner', 0, 9, '2025-11-08 06:37:02', '2025-11-08 06:37:02'),
(104, 'Hydrabad', 0, 23, '2025-11-08 10:36:49', '2025-11-08 10:36:49');

-- --------------------------------------------------------

--
-- Table structure for table `coupons`
--

CREATE TABLE `coupons` (
  `id` int NOT NULL,
  `title` varchar(255) NOT NULL COMMENT 'Display title for the coupon',
  `vendor_id` int NOT NULL COMMENT 'Reference to the vendor who created this coupon',
  `color` varchar(255) DEFAULT '#3B82F6' COMMENT 'Hex color code for UI display',
  `code` varchar(255) NOT NULL,
  `description` varchar(255) DEFAULT NULL,
  `discount_type` enum('fixed','percentage','conditional','group') NOT NULL,
  `discount_value` decimal(10,2) NOT NULL,
  `min_amount` decimal(10,2) DEFAULT NULL,
  `max_discount_amount` decimal(10,2) DEFAULT NULL,
  `max_uses` int DEFAULT NULL,
  `current_uses` int DEFAULT '0',
  `valid_from` datetime NOT NULL,
  `valid_until` datetime NOT NULL,
  `status` enum('active','inactive','expired') DEFAULT 'active',
  `approval_status` enum('pending','approved','rejected') DEFAULT 'pending' COMMENT 'Admin approval status for the coupon',
  `admin_notes` text COMMENT 'Admin notes for approval/rejection',
  `terms_and_conditions` text COMMENT 'Terms and conditions for the coupon',
  `assigned_trek_id` int DEFAULT NULL COMMENT 'Specific trek this coupon is assigned to (null for general coupons)',
  `created_at` datetime NOT NULL,
  `updated_at` datetime NOT NULL
) ENGINE=InnoDB DEFAULT CHARSET=utf8mb3;

--
-- Dumping data for table `coupons`
--

INSERT INTO `coupons` (`id`, `title`, `vendor_id`, `color`, `code`, `description`, `discount_type`, `discount_value`, `min_amount`, `max_discount_amount`, `max_uses`, `current_uses`, `valid_from`, `valid_until`, `status`, `approval_status`, `admin_notes`, `terms_and_conditions`, `assigned_trek_id`, `created_at`, `updated_at`) VALUES
(1, 'new year', 1, '#3B82F6', '7098', 'new year', 'percentage', 20.00, NULL, NULL, NULL, 0, '2026-01-15 00:00:00', '2026-01-26 00:00:00', 'inactive', 'pending', NULL, '[\"new year\"]', 47, '2026-01-08 10:00:46', '2026-01-08 10:00:46');

-- --------------------------------------------------------

--
-- Table structure for table `coupons_audit_logs`
--

CREATE TABLE `coupons_audit_logs` (
  `id` int NOT NULL,
  `coupon_id` int NOT NULL,
  `vendor_id` int NOT NULL,
  `action` enum('create','update','delete','assign','unassign','reassign','expire','approve','reject','applied','status_change') NOT NULL,
  `details` text COMMENT 'JSON string containing action-specific details',
  `previous_values` text COMMENT 'JSON string containing previous values for updates',
  `new_values` text COMMENT 'JSON string containing new values for updates',
  `trek_id` int DEFAULT NULL,
  `previous_trek_id` int DEFAULT NULL,
  `ip_address` varchar(45) DEFAULT NULL,
  `user_agent` text,
  `created_at` datetime NOT NULL,
  `updated_at` datetime NOT NULL
) ENGINE=InnoDB DEFAULT CHARSET=utf8mb3;

--
-- Dumping data for table `coupons_audit_logs`
--

INSERT INTO `coupons_audit_logs` (`id`, `coupon_id`, `vendor_id`, `action`, `details`, `previous_values`, `new_values`, `trek_id`, `previous_trek_id`, `ip_address`, `user_agent`, `created_at`, `updated_at`) VALUES
(1, 1, 1, 'create', '{\"coupon_code\":\"7098\",\"title\":\"new year\",\"discount_type\":\"percentage\",\"discount_value\":\"20.00\",\"valid_from\":\"2026-01-15T00:00:00.000Z\",\"valid_until\":\"2026-01-26T00:00:00.000Z\"}', NULL, NULL, NULL, NULL, '::ffff:106.219.86.149', 'Mozilla/5.0 (Windows NT 10.0; Win64; x64) AppleWebKit/537.36 (KHTML, like Gecko) Chrome/143.0.0.0 Safari/537.36', '2026-01-08 10:00:46', '2026-01-08 10:00:46'),
(2, 1, 1, 'assign', '{\"coupon_code\":\"7098\",\"trek_name\":\"Mumbai crocks\"}', NULL, NULL, 47, NULL, '::ffff:106.219.86.149', 'Mozilla/5.0 (Windows NT 10.0; Win64; x64) AppleWebKit/537.36 (KHTML, like Gecko) Chrome/143.0.0.0 Safari/537.36', '2026-01-08 10:00:46', '2026-01-08 10:00:46');

-- --------------------------------------------------------

--
-- Table structure for table `coupon_assignments`
--

CREATE TABLE `coupon_assignments` (
  `id` int NOT NULL,
  `coupon_id` int NOT NULL,
  `customer_id` int NOT NULL,
  `booking_id` int DEFAULT NULL COMMENT 'Booking where this coupon was applied',
  `assigned_at` datetime DEFAULT NULL,
  `used_at` datetime DEFAULT NULL,
  `created_at` datetime NOT NULL,
  `updated_at` datetime NOT NULL
) ENGINE=InnoDB DEFAULT CHARSET=utf8mb3;

-- --------------------------------------------------------

--
-- Table structure for table `customers`
--

CREATE TABLE `customers` (
  `id` int NOT NULL,
  `name` varchar(255) DEFAULT NULL,
  `email` varchar(255) DEFAULT NULL,
  `phone` varchar(255) NOT NULL,
  `firebase_uid` varchar(255) DEFAULT NULL,
  `age` int DEFAULT NULL,
  `gender` enum('Male','Female','Other') DEFAULT NULL,
  `emergency_contact` longtext CHARACTER SET utf8mb4 COLLATE utf8mb4_bin,
  `verification_status` enum('pending','verified') DEFAULT 'pending',
  `profile_completed` tinyint(1) DEFAULT '0',
  `last_login` datetime DEFAULT NULL,
  `status` enum('active','inactive','suspended','banned') DEFAULT 'active',
  `is_active` tinyint(1) DEFAULT '1',
  `city_id` int DEFAULT NULL,
  `state_id` int DEFAULT NULL,
  `created_at` datetime NOT NULL,
  `updated_at` datetime NOT NULL,
  `last_email` varchar(255) DEFAULT NULL,
  `refred_by` varchar(255) DEFAULT NULL,
  `dob` date DEFAULT NULL
) ;

--
-- Dumping data for table `customers`
--

INSERT INTO `customers` (`id`, `name`, `email`, `phone`, `firebase_uid`, `age`, `gender`, `emergency_contact`, `verification_status`, `profile_completed`, `last_login`, `status`, `is_active`, `city_id`, `state_id`, `created_at`, `updated_at`, `last_email`, `refred_by`, `dob`) VALUES
(1, 'krishna', 'test89@gmail.com', '+919898933987', 'lg3hp8Hl1afLk7h6puaXrOV0Y4z1', 22, 'Male', NULL, 'verified', 1, '2025-11-14 05:11:48', 'active', 1, NULL, 25, '2025-11-01 08:41:18', '2025-11-14 05:11:48', NULL, NULL, NULL),
(3, 'Amit', 'Amit@gmail.com', '+9187709456789', 'lg3hp8Hl1afLk7h6puaXrOV0Y4000', 22, 'Male', NULL, 'verified', 1, '2025-11-14 05:11:48', 'active', 1, NULL, 25, '2025-11-01 08:41:18', '2025-11-14 05:11:48', NULL, NULL, NULL);

-- --------------------------------------------------------

--
-- Table structure for table `destinations`
--

CREATE TABLE `destinations` (
  `id` int NOT NULL,
  `name` varchar(255) NOT NULL,
  `state` varchar(255) DEFAULT NULL,
  `is_popular` tinyint(1) NOT NULL DEFAULT '0',
  `status` enum('active','inactive','planning') NOT NULL DEFAULT 'active',
  `created_at` datetime NOT NULL,
  `updated_at` datetime NOT NULL
) ENGINE=InnoDB DEFAULT CHARSET=utf8mb3;

--
-- Dumping data for table `destinations`
--

INSERT INTO `destinations` (`id`, `name`, `state`, `is_popular`, `status`, `created_at`, `updated_at`) VALUES
(2, 'Kedarnath Temple', 'Uttarakhand', 0, 'active', '2025-11-01 07:13:10', '2025-11-01 07:13:10'),
(3, 'Badrinath Temple', 'Uttarakhand', 0, 'active', '2025-11-01 07:13:10', '2025-11-01 07:13:10'),
(17, 'Triund Trek', 'Himachal Pradesh', 0, 'active', '2025-11-01 07:13:10', '2025-11-01 07:13:10'),
(20, 'Pahalgam', 'Jammu and Kashmir', 0, 'active', '2025-11-01 07:13:10', '2025-11-01 07:13:10'),
(29, 'Lonavala Caves', 'Maharashtra', 0, 'active', '2025-11-01 07:13:10', '2025-11-01 07:13:10'),
(30, 'Mahabaleshwar Hills', 'Maharashtra', 0, 'active', '2025-11-01 07:13:10', '2025-11-01 07:13:10'),
(32, 'Mysore Palace', 'Karnataka', 0, 'active', '2025-11-01 07:13:10', '2025-11-01 07:13:10'),
(34, 'Munnar', 'Kerala', 0, 'active', '2025-11-01 07:13:10', '2025-11-03 10:18:33'),
(35, 'Marina Beach', 'Tamil Nadu', 0, 'active', '2025-11-01 07:13:10', '2025-11-01 07:13:10'),
(39, 'Red Fort', 'Delhi', 0, 'active', '2025-11-01 07:13:10', '2025-11-01 07:13:10'),
(43, 'Chikamagaluru', 'Karnataka', 0, 'active', '2025-11-01 10:28:07', '2025-11-03 10:15:03'),
(46, 'Manali', 'Himachal Pradesh', 0, 'active', '2025-11-01 10:33:00', '2025-11-01 11:28:30'),
(47, 'Leh Ladakh', 'Jammu and Kashmir', 0, 'active', '2025-11-01 10:33:48', '2025-11-04 04:39:24'),
(48, 'Ooty', 'Tamil Nadu', 0, 'active', '2025-11-01 10:43:12', '2025-11-01 11:21:49'),
(49, 'Gokarna', 'Karnataka', 0, 'active', '2025-11-03 06:49:13', '2025-11-03 06:49:13'),
(50, 'Alleppey', 'Kerala', 0, 'active', '2025-11-03 12:06:33', '2025-11-03 12:06:33'),
(51, 'Anathagri', 'Telangana', 0, 'active', '2025-11-03 12:07:05', '2025-11-03 12:07:05'),
(52, 'Araku Valley', 'Andhra Pradesh', 0, 'active', '2025-11-03 12:07:28', '2025-11-03 12:07:28'),
(53, 'Badrinath', 'Uttarakhand', 0, 'active', '2025-11-03 12:09:20', '2025-11-03 12:09:20'),
(54, 'Chardham Yatra', 'Uttarakhand', 0, 'active', '2025-11-03 12:09:40', '2025-11-03 12:09:40'),
(55, 'Coonoor', 'Tamil Nadu', 0, 'active', '2025-11-03 12:11:01', '2025-11-03 12:11:01'),
(56, 'Coorg', 'Karnataka', 0, 'active', '2025-11-03 12:11:43', '2025-11-03 12:11:43'),
(57, 'Dandeli', 'Karnataka', 0, 'active', '2025-11-03 12:12:23', '2025-11-03 12:12:23'),
(58, 'Devkund', 'Maharashtra', 0, 'active', '2025-11-03 12:22:31', '2025-11-03 12:22:31'),
(59, 'Dho Dham Yatra', 'Uttarakhand', 0, 'active', '2025-11-03 12:24:06', '2025-11-03 12:24:06'),
(60, 'Gangtok', 'Sikkim', 0, 'active', '2025-11-03 12:24:57', '2025-11-03 12:24:57'),
(61, 'Goa', 'Goa', 0, 'active', '2025-11-03 12:25:13', '2025-11-03 12:25:13'),
(62, 'Hampi', 'Karnataka', 0, 'active', '2025-11-03 12:25:42', '2025-11-03 12:25:42'),
(63, 'Isha', 'Tamil Nadu', 0, 'active', '2025-11-03 12:26:56', '2025-11-03 12:26:56'),
(64, 'Jaipur', 'Rajasthan', 0, 'active', '2025-11-03 12:27:24', '2025-11-03 12:27:24'),
(65, 'Jammu & Kashmir', 'Jammu and Kashmir', 0, 'active', '2025-11-03 12:27:55', '2025-11-03 12:27:55'),
(66, 'Kanyakumari', 'Tamil Nadu', 0, 'active', '2025-11-03 12:28:39', '2025-11-03 12:28:39'),
(67, 'Kashmir', 'Jammu and Kashmir', 0, 'active', '2025-11-03 12:29:13', '2025-11-03 12:29:13'),
(68, 'Kedarnath', 'Uttarakhand', 0, 'active', '2025-11-03 12:29:46', '2025-11-03 12:29:46'),
(69, 'Kerala', 'Kerala', 0, 'active', '2025-11-03 12:30:10', '2025-11-03 12:30:10'),
(70, 'Kochi', 'Kerala', 0, 'active', '2025-11-03 12:31:08', '2025-11-03 12:31:08'),
(71, 'Kodaikanal', 'Tamil Nadu', 0, 'active', '2025-11-03 12:31:39', '2025-11-03 12:31:39'),
(72, 'Kullu', 'Himachal Pradesh', 0, 'active', '2025-11-03 12:32:16', '2025-11-03 12:32:16'),
(73, 'Lamabasingi', 'Andhra Pradesh', 0, 'active', '2025-11-03 12:32:35', '2025-11-03 12:32:35'),
(74, 'Lonavala', 'Maharashtra', 0, 'active', '2025-11-03 12:33:00', '2025-11-03 12:33:00'),
(75, 'Mahabalipuram', 'Tamil Nadu', 0, 'active', '2025-11-03 12:34:17', '2025-11-03 12:34:17'),
(76, 'Pondicherry', 'Pondicherry', 0, 'active', '2025-11-04 04:42:12', '2025-11-04 04:42:12'),
(77, 'Rajasthan', 'Rajasthan', 0, 'active', '2025-11-04 04:42:44', '2025-11-04 04:42:44'),
(78, 'Shimla', 'Himachal Pradesh', 0, 'active', '2025-11-04 04:43:20', '2025-11-04 04:43:20'),
(79, 'Spiti Valley', 'Himachal Pradesh', 0, 'active', '2025-11-04 04:43:41', '2025-11-04 04:43:41'),
(80, 'Udupi', 'Karnataka', 0, 'active', '2025-11-04 04:44:20', '2025-11-04 04:44:20'),
(81, 'Wayanad', 'Kerala', 0, 'active', '2025-11-04 04:44:55', '2025-11-04 04:44:55'),
(82, 'Aa drai forest trek + Kalu falls + Harishchandragad', 'Maharashtra', 0, 'active', '2025-11-04 05:02:52', '2025-11-04 05:02:52'),
(83, 'Alleppey + Varkala', 'Kerala', 0, 'active', '2025-11-04 05:03:24', '2025-11-04 05:03:24'),
(84, 'Andharban + Devkund waterfalls', 'Maharashtra', 0, 'active', '2025-11-04 05:04:27', '2025-11-04 05:04:27'),
(85, 'Araku + Vizag', 'Andhra Pradesh', 0, 'active', '2025-11-04 05:04:54', '2025-11-04 05:04:54'),
(86, 'Ayodhya + Varanasi + Mathura', 'Uttar Pradesh', 0, 'active', '2025-11-04 05:06:15', '2025-11-04 05:06:15'),
(87, 'Coorg + Chikmagalur', 'Karnataka', 0, 'active', '2025-11-04 05:06:47', '2025-11-04 05:06:47'),
(88, 'Coorg + Chikmagalur + Mysore', 'Karnataka', 0, 'active', '2025-11-04 05:07:09', '2025-11-04 05:07:09'),
(89, 'Dandeli + Dudhsagar', 'Karnataka', 0, 'active', '2025-11-04 05:08:25', '2025-11-04 05:08:25'),
(90, 'Gokarna + Dandeli', 'Karnataka', 0, 'active', '2025-11-04 05:09:01', '2025-11-04 05:09:01'),
(91, 'Gokarna + Dandeli + Murudeshwar', 'Karnataka', 0, 'active', '2025-11-04 05:09:29', '2025-11-04 05:09:29'),
(92, 'Gokarna + Honnavar', 'Karnataka', 0, 'active', '2025-11-04 05:09:53', '2025-11-04 05:09:53'),
(93, 'Gokarna + Murudeshwar', 'Karnataka', 0, 'active', '2025-11-04 05:10:49', '2025-11-04 05:10:49'),
(94, 'Gokarna + Murudeshwar + Vibhuthi Falls', 'Karnataka', 0, 'active', '2025-11-04 05:11:35', '2025-11-04 05:11:35'),
(95, 'Gokarna + Udupi', 'Karnataka', 0, 'active', '2025-11-04 05:11:57', '2025-11-04 05:11:57'),
(96, 'Isha + Ooty + Coonoor', 'Tamil Nadu', 0, 'active', '2025-11-04 05:12:48', '2025-11-04 05:12:48'),
(97, 'kashmir + Jammu + Amritsar Trip', 'Jammu and Kashmir', 0, 'active', '2025-11-04 05:14:31', '2025-11-04 05:14:31'),
(98, 'Kedarnath + Badrinath + Tungnath temple', 'Uttarakhand', 0, 'active', '2025-11-04 05:15:50', '2025-11-04 05:15:50'),
(99, 'Kerala + Kanyakumari', 'Kerala', 0, 'active', '2025-11-04 05:16:37', '2025-11-04 05:16:37'),
(100, 'Kumbhe + Nanemachi + Lingyaghat waterfalls', 'Maharashtra', 0, 'active', '2025-11-04 05:18:46', '2025-11-04 05:18:46'),
(101, 'Lonavala + Andharban + Devkund waterfalls', 'Maharashtra', 0, 'active', '2025-11-04 05:19:20', '2025-11-04 05:19:20'),
(102, 'Lonavala + Visapur Fort', 'Maharashtra', 0, 'active', '2025-11-04 05:20:31', '2025-11-04 05:20:31'),
(103, 'Magical Himachal', 'Himachal Pradesh', 0, 'active', '2025-11-04 05:21:00', '2025-11-04 05:21:00'),
(104, 'Mahabaleshwar + Panchgani + Pratapgarh fort', 'Maharashtra', 0, 'active', '2025-11-04 05:21:47', '2025-11-04 05:21:47'),
(105, 'Manali + Kasol + Kheerganga', 'Himachal Pradesh', 0, 'active', '2025-11-04 05:22:31', '2025-11-04 05:22:31'),
(106, 'Manali Kasol', 'Himachal Pradesh', 0, 'active', '2025-11-04 05:23:14', '2025-11-04 05:23:14'),
(107, 'Matheran + Lonavala', 'Maharashtra', 0, 'active', '2025-11-04 05:24:14', '2025-11-04 05:24:14'),
(108, 'Mathura + Agra + Ayodhya + Nepal', 'Uttarakhand', 0, 'active', '2025-11-04 05:25:01', '2025-11-04 05:25:01'),
(109, 'Munnar + Kollukumalai', 'Kerala', 0, 'active', '2025-11-04 05:26:27', '2025-11-04 05:26:27'),
(110, 'Ooty + Coonoor', 'Tamil Nadu', 0, 'active', '2025-11-04 05:27:09', '2025-11-04 05:27:09'),
(111, 'Ooty + Coonoor + Isha', 'Tamil Nadu', 0, 'active', '2025-11-04 05:27:49', '2025-11-04 05:27:49'),
(112, 'Ooty + Coonoor + Mysore', 'Tamil Nadu', 0, 'active', '2025-11-04 05:28:09', '2025-11-04 05:28:09'),
(113, 'Ooty + Isha Foundation', 'Tamil Nadu', 0, 'active', '2025-11-04 05:28:44', '2025-11-04 05:28:44'),
(114, 'Pondicherry + Mahabalipuram', 'Pondicherry', 0, 'active', '2025-11-04 05:29:10', '2025-11-04 05:29:10'),
(115, 'Pondicherry + Pichavaram Mangrove forest', 'Pondicherry', 0, 'active', '2025-11-04 05:29:32', '2025-11-04 05:29:32'),
(116, 'Rajmachi + Visapu', 'Maharashtra', 0, 'active', '2025-11-04 05:30:22', '2025-11-04 05:30:22'),
(117, 'Rajmachi + Visapur trek', 'Maharashtra', 0, 'active', '2025-11-04 05:31:43', '2025-11-04 05:31:43'),
(118, 'Shimla + Manali', 'Himachal Pradesh', 0, 'active', '2025-11-04 05:33:02', '2025-11-04 05:33:02'),
(119, 'Sikkim + Gangtok', 'Sikkim', 0, 'active', '2025-11-04 05:34:26', '2025-11-04 05:34:26'),
(120, 'Trimbakeshwar + Grisneswar + Shiridi', 'Maharashtra', 0, 'active', '2025-11-04 05:35:00', '2025-11-04 05:35:00'),
(121, 'Visapur fort + Lohagad fort', 'Maharashtra', 0, 'active', '2025-11-04 05:35:28', '2025-11-04 05:35:28'),
(122, 'Wayanad + Coorg', 'Karnataka', 0, 'active', '2025-11-04 05:36:01', '2025-11-04 05:36:01'),
(123, 'Wayanad + Ooty', 'Karnataka', 0, 'active', '2025-11-04 05:36:18', '2025-11-04 05:36:18'),
(124, 'haldighati', 'Rajasthan', 0, 'active', '2025-11-04 07:41:30', '2025-11-04 07:41:30'),
(125, 'Darjeeling', 'West Bengal', 0, 'active', '2025-11-05 11:45:12', '2025-11-05 11:45:12');

-- --------------------------------------------------------

--
-- Table structure for table `email_templates`
--

CREATE TABLE `email_templates` (
  `id` int NOT NULL,
  `name` varchar(255) NOT NULL,
  `subject` varchar(255) NOT NULL,
  `body` text NOT NULL,
  `created_at` datetime NOT NULL,
  `updated_at` datetime NOT NULL
) ENGINE=InnoDB DEFAULT CHARSET=utf8mb3;

-- --------------------------------------------------------

--
-- Table structure for table `emergency_contacts`
--

CREATE TABLE `emergency_contacts` (
  `id` int NOT NULL,
  `customer_id` int NOT NULL,
  `name` varchar(255) NOT NULL,
  `phone` varchar(255) NOT NULL,
  `relationship` varchar(255) DEFAULT NULL,
  `priority` int DEFAULT '1',
  `is_active` tinyint(1) DEFAULT '1',
  `created_at` datetime NOT NULL,
  `updated_at` datetime NOT NULL
) ENGINE=InnoDB DEFAULT CHARSET=utf8mb3;

--
-- Dumping data for table `emergency_contacts`
--

INSERT INTO `emergency_contacts` (`id`, `customer_id`, `name`, `phone`, `relationship`, `priority`, `is_active`, `created_at`, `updated_at`) VALUES
(1, 1, 'Chintan Bhai', '98989 33987', 'Chintan Bhai', 1, 0, '2025-11-07 11:53:22', '2025-11-07 11:54:10'),
(2, 1, 'Nikhil Drs', '83473 22743', 'Nikhil Drs', 2, 1, '2025-11-07 11:53:46', '2025-11-07 11:53:46'),
(3, 1, 'Vanraj Bhai', '+917600517544', 'Vanraj Bhai', 3, 1, '2025-11-07 11:54:03', '2025-11-07 11:54:03'),
(4, 1, 'Aayush Domadiya', '+91 97147 00752', 'Aayush Domadiya', 3, 1, '2025-11-07 11:54:16', '2025-11-07 11:54:16');

-- --------------------------------------------------------

--
-- Table structure for table `exclusions`
--

CREATE TABLE `exclusions` (
  `id` int NOT NULL,
  `name` varchar(255) NOT NULL COMMENT 'Name of the exclusion item',
  `description` text COMMENT 'Optional description of the exclusion',
  `usage_count` int DEFAULT '0' COMMENT 'Number of times this exclusion has been used',
  `is_active` tinyint(1) DEFAULT '1' COMMENT 'Whether this exclusion is active',
  `created_at` datetime DEFAULT NULL,
  `updated_at` datetime DEFAULT NULL
) ENGINE=InnoDB DEFAULT CHARSET=utf8mb3;

--
-- Dumping data for table `exclusions`
--

INSERT INTO `exclusions` (`id`, `name`, `description`, `usage_count`, `is_active`, `created_at`, `updated_at`) VALUES
(1, 'Personal Expenses', 'Personal expenses like shopping, tips, etc.', 95, 1, '2025-11-01 07:13:19', '2025-11-01 07:13:19'),
(2, 'Airfare', 'Flight tickets to and from the trek location', 90, 1, '2025-11-01 07:13:19', '2025-11-01 07:13:19'),
(3, 'Personal Equipment', 'Personal trekking gear and equipment', 85, 1, '2025-11-01 07:13:19', '2025-11-01 07:13:19'),
(4, 'Alcoholic Beverages', 'Any alcoholic drinks during the trek', 80, 1, '2025-11-01 07:13:19', '2025-11-01 07:13:19'),
(5, 'Extra Meals', 'Meals outside the scheduled trek meals', 75, 1, '2025-11-01 07:13:19', '2025-11-01 07:13:19'),
(6, 'Emergency Evacuation', 'Emergency helicopter evacuation costs', 70, 1, '2025-11-01 07:13:19', '2025-11-01 07:13:19'),
(7, 'Personal Insurance', 'Personal travel insurance coverage', 65, 1, '2025-11-01 07:13:19', '2025-11-01 07:13:19'),
(8, 'Visa Fees', 'International visa fees if applicable', 60, 1, '2025-11-01 07:13:19', '2025-11-01 07:13:19'),
(9, 'Extra Accommodation', 'Additional accommodation before or after trek', 55, 1, '2025-11-01 07:13:19', '2025-11-01 07:13:19'),
(10, 'Transportation to Base', 'Transportation to trek starting point', 50, 1, '2025-11-01 07:13:19', '2025-11-01 07:13:19'),
(11, 'Laundry expenses, tips, camera fees or dry clean expenses.', NULL, 0, 1, '2025-11-01 09:29:07', '2025-11-01 09:29:07'),
(12, 'All Entry Tickets, Activities & Jeep Rides', NULL, 0, 1, '2025-11-01 09:29:21', '2025-11-01 09:29:21'),
(13, 'Anything not mentioned in the inclusions.', NULL, 0, 1, '2025-11-01 09:29:36', '2025-11-01 09:29:36'),
(14, 'Entry tickets', NULL, 0, 1, '2025-11-01 09:50:04', '2025-11-01 09:50:04'),
(15, 'Foodexpenses', NULL, 0, 1, '2025-11-01 09:50:20', '2025-11-01 09:50:20'),
(16, 'Food expenses', NULL, 0, 1, '2025-11-03 09:30:55', '2025-11-03 09:30:55'),
(18, 'Others which are not mentioned in the inclusions', NULL, 0, 1, '2025-11-03 09:31:27', '2025-11-03 09:31:27'),
(19, 'GST CHARGE 5%.', NULL, 0, 1, '2025-11-03 09:31:39', '2025-11-03 09:31:39'),
(20, 'Boating at Banasura Dam and Pookode Lake  ( If at all you\'re going)', NULL, 0, 1, '2025-11-04 06:00:38', '2025-11-04 06:00:38'),
(21, 'Entery tickets at 900 kandi , Activities at 900 kandi  and also activities at Zip Line', NULL, 0, 1, '2025-11-04 06:00:57', '2025-11-04 06:00:57'),
(22, 'Kalari and Kathakali shows tickets', NULL, 0, 1, '2025-11-04 11:25:29', '2025-11-04 11:25:29'),
(23, 'Anything not mentioned in package includes.', NULL, 0, 1, '2025-11-04 11:25:46', '2025-11-04 11:25:46'),
(24, 'Anything not mentioned in inclusions', NULL, 0, 1, '2025-11-04 11:51:27', '2025-11-04 11:51:27'),
(25, 'Activities not mentioned in the inclusions.', NULL, 0, 1, '2025-11-04 12:31:37', '2025-11-04 12:31:37'),
(26, 'All Entery Tickets  .', NULL, 0, 1, '2025-11-05 10:52:28', '2025-11-05 10:52:28');

-- --------------------------------------------------------

--
-- Table structure for table `faqs`
--

CREATE TABLE `faqs` (
  `id` int NOT NULL,
  `category_name` varchar(255) NOT NULL,
  `question` text NOT NULL,
  `answer` text NOT NULL,
  `role_type` enum('vendor','customer') NOT NULL,
  `status` tinyint(1) DEFAULT '1',
  `created_at` timestamp NULL DEFAULT CURRENT_TIMESTAMP,
  `updated_at` timestamp NULL DEFAULT CURRENT_TIMESTAMP ON UPDATE CURRENT_TIMESTAMP
) ENGINE=InnoDB DEFAULT CHARSET=utf8mb4 COLLATE=utf8mb4_unicode_ci;

--
-- Dumping data for table `faqs`
--

INSERT INTO `faqs` (`id`, `category_name`, `question`, `answer`, `role_type`, `status`, `created_at`, `updated_at`) VALUES
(2, 'Booking', 'How to book a trek?', 'You can book a trek from the app or website.', 'customer', 1, '2026-01-12 07:08:09', '2026-01-12 07:08:09');

-- --------------------------------------------------------

--
-- Table structure for table `hold_requests`
--

CREATE TABLE `hold_requests` (
  `id` int NOT NULL,
  `vendor_id` int NOT NULL COMMENT 'Reference to the vendor making the request',
  `trek_ids` longtext CHARACTER SET utf8mb4 COLLATE utf8mb4_bin COMMENT 'JSON array of trek IDs for multiple trek holds',
  `batch_ids` longtext CHARACTER SET utf8mb4 COLLATE utf8mb4_bin COMMENT 'JSON array of batch IDs for multiple batch holds',
  `request_type` enum('slot_hold','date_hold','capacity_hold') NOT NULL DEFAULT 'slot_hold' COMMENT 'Type of hold request',
  `status` enum('pending','approved','rejected','expired') NOT NULL DEFAULT 'pending' COMMENT 'Current status of the hold request',
  `hold_start_date` datetime NOT NULL COMMENT 'Start date of the hold period',
  `hold_end_date` datetime NOT NULL COMMENT 'End date of the hold period',
  `reason` text COMMENT 'Reason for the hold request',
  `admin_notes` text COMMENT 'Admin notes on the request',
  `expires_at` datetime NOT NULL COMMENT 'When the hold request expires',
  `approved_at` datetime DEFAULT NULL COMMENT 'When the request was approved',
  `approved_by` int DEFAULT NULL COMMENT 'Admin who approved the request',
  `created_at` datetime DEFAULT NULL,
  `updated_at` datetime DEFAULT NULL
) ;

-- --------------------------------------------------------

--
-- Table structure for table `inclusions`
--

CREATE TABLE `inclusions` (
  `id` int NOT NULL,
  `name` varchar(255) NOT NULL COMMENT 'Name of the inclusion item',
  `description` text COMMENT 'Optional description of the inclusion',
  `usage_count` int DEFAULT '0' COMMENT 'Number of times this inclusion has been used',
  `is_active` tinyint(1) DEFAULT '1' COMMENT 'Whether this inclusion is active',
  `created_at` datetime DEFAULT NULL,
  `updated_at` datetime DEFAULT NULL
) ENGINE=InnoDB DEFAULT CHARSET=utf8mb3;

--
-- Dumping data for table `inclusions`
--

INSERT INTO `inclusions` (`id`, `name`, `description`, `usage_count`, `is_active`, `created_at`, `updated_at`) VALUES
(1, 'Accommodation', 'Hotel or camping accommodation during the trek', 95, 1, '2025-11-01 07:13:57', '2025-11-01 07:13:57'),
(2, 'Meals', 'All meals (breakfast, lunch, dinner) during the trek', 90, 1, '2025-11-01 07:13:57', '2025-11-01 07:13:57'),
(3, 'Transportation', 'Pickup and drop from designated points', 85, 1, '2025-11-01 07:13:57', '2025-11-01 07:13:57'),
(4, 'Guide', 'Professional trek guide throughout the journey', 80, 1, '2025-11-01 07:13:57', '2025-11-01 07:13:57'),
(5, 'Permits', 'All necessary permits and entry fees', 75, 1, '2025-11-01 07:13:57', '2025-11-01 07:13:57'),
(6, 'Equipment', 'Trekking equipment and safety gear', 70, 1, '2025-11-01 07:13:57', '2025-11-01 07:13:57'),
(7, 'First Aid', 'Basic first aid kit and medical support', 65, 1, '2025-11-01 07:13:57', '2025-11-01 07:13:57'),
(8, 'Photography', 'Professional photography services', 60, 1, '2025-11-01 07:13:57', '2025-11-01 07:13:57'),
(9, 'Insurance', 'Travel and trek insurance coverage', 55, 1, '2025-11-01 07:13:57', '2025-11-01 07:13:57'),
(10, 'Certificate', 'Trek completion certificate', 50, 1, '2025-11-01 07:13:57', '2025-11-01 07:13:57'),
(11, 'Green tax, fuel charges and driver allowances.', NULL, 0, 1, '2025-11-01 09:29:53', '2025-11-01 09:29:53'),
(12, 'Hyderabad-Hyderabad sleeper class train', NULL, 0, 1, '2025-11-03 09:29:53', '2025-11-03 09:29:53'),
(13, 'Entry tickets and fares', NULL, 0, 1, '2025-11-03 09:30:17', '2025-11-03 09:30:17'),
(14, 'Permits ( Inter state tax included)', NULL, 0, 1, '2025-11-04 05:59:08', '2025-11-04 05:59:08'),
(15, 'Jeep ride cost at 900 Kandi', NULL, 0, 1, '2025-11-04 05:59:55', '2025-11-04 05:59:55'),
(16, 'Swift desire or Etios or tempo traveler vehicle for', NULL, 0, 1, '2025-11-04 11:24:21', '2025-11-04 11:24:21'),
(17, 'Pickup & Drop from Srinagar Airport', NULL, 0, 1, '2025-11-04 11:49:17', '2025-11-04 11:49:17'),
(18, 'Sleeper class train up and down', NULL, 0, 1, '2025-11-05 10:51:20', '2025-11-05 10:51:20'),
(19, 'Ac vehicle transportation from', NULL, 0, 1, '2025-11-05 10:51:29', '2025-11-05 10:51:29'),
(20, 'Mysore - Wayanad - Mysore', NULL, 0, 1, '2025-11-05 10:51:37', '2025-11-05 10:51:37');

-- --------------------------------------------------------

--
-- Table structure for table `issue_reports`
--

CREATE TABLE `issue_reports` (
  `id` int NOT NULL,
  `booking_id` int NOT NULL COMMENT 'TIN/Trip ID from the form',
  `customer_id` int DEFAULT NULL COMMENT 'Customer who reported the issue',
  `name` varchar(255) NOT NULL COMMENT 'Name of the person reporting the issue',
  `phone_number` varchar(20) NOT NULL COMMENT 'Phone number of the reporter',
  `email` varchar(255) NOT NULL COMMENT 'Email ID of the reporter',
  `issue_type` enum('accommodation_issue','trek_services_issue','transportation_issue','other') NOT NULL COMMENT 'Type of issue reported',
  `issue_category` enum('drunken_driving','rash_unsafe_driving','sexual_harassment','verbal_abuse_assault','others') DEFAULT NULL COMMENT 'Specific category of the issue',
  `description` text COMMENT 'Detailed description of the issue',
  `status` enum('pending','open','in_progress','resolved','closed') DEFAULT 'pending' COMMENT 'Status of the issue report',
  `priority` enum('low','medium','high','urgent') DEFAULT 'medium' COMMENT 'Priority level of the issue',
  `sla` varchar(100) DEFAULT NULL COMMENT 'SLA information or deadline for resolving the issue',
  `assigned_to` int DEFAULT NULL COMMENT 'Admin user assigned to handle this issue',
  `disputed_amount` decimal(10,2) DEFAULT NULL COMMENT 'Amount disputed by the customer - updated',
  `resolution_notes` text COMMENT 'Notes about how the issue was resolved',
  `resolved_at` datetime DEFAULT NULL COMMENT 'Timestamp when the issue was resolved',
  `created_at` datetime DEFAULT NULL COMMENT 'When the issue was reported',
  `updated_at` datetime DEFAULT NULL COMMENT 'Last updated timestamp',
  `favoue_status` enum('Adjustment','vendor Favour','Customer Favour','Processing','No Action') DEFAULT NULL COMMENT 'Favour status based on disputed amount comparison',
  `favour_amount` decimal(10,2) DEFAULT NULL COMMENT 'Favour amount from API disputed_amount'
) ENGINE=InnoDB DEFAULT CHARSET=utf8mb3;

--
-- Dumping data for table `issue_reports`
--

INSERT INTO `issue_reports` (`id`, `booking_id`, `customer_id`, `name`, `phone_number`, `email`, `issue_type`, `issue_category`, `description`, `status`, `priority`, `sla`, `assigned_to`, `disputed_amount`, `resolution_notes`, `resolved_at`, `created_at`, `updated_at`, `favoue_status`, `favour_amount`) VALUES
(1, 21, 1, 'krishna', '+919898933987', 'test89@gmail.com', 'trek_services_issue', 'rash_unsafe_driving', 'test', 'resolved', 'high', '72h', NULL, 0.00, 'Resolution completed after expiry', '2025-11-11 13:04:43', '2025-11-04 12:58:03', '2025-11-11 13:04:43', NULL, NULL),
(2, 16, 1, 'krishna', '+919898933987', 'test89@gmail.com', 'transportation_issue', 'sexual_harassment', 'test2', 'resolved', 'medium', '96h', NULL, 0.00, 'Resolution completed after expiry', '2025-11-11 13:04:43', '2025-11-04 13:17:21', '2025-11-11 13:04:43', 'Adjustment', 5.00),
(3, 13, 1, 'krishna', '+919898933987', 'test89@gmail.com', 'accommodation_issue', 'sexual_harassment', 'sefsd xdfsd', 'resolved', 'low', '168h', NULL, 0.00, 'Resolution completed after expiry', '2025-11-12 13:17:39', '2025-11-04 13:33:20', '2025-11-12 13:17:39', NULL, NULL),
(4, 18, 1, 'krishna', '+919898933987', 'test89@gmail.com', 'trek_services_issue', 'verbal_abuse_assault', 'hgfhgf', 'resolved', 'high', '72h', NULL, 0.00, 'Resolution completed after expiry', '2025-11-11 13:04:43', '2025-11-04 13:43:18', '2025-11-11 13:04:43', NULL, NULL),
(5, 2, 1, 'krishna', '+919898933987', 'test89@gmail.com', 'accommodation_issue', 'rash_unsafe_driving', 'hgvhg', 'resolved', 'low', '168h', NULL, 0.00, 'Resolution completed after expiry', '2025-11-12 13:17:39', '2025-11-04 13:43:46', '2025-11-12 13:17:39', NULL, NULL),
(7, 3, 1, 'krishna', '+919898933987', 'test89@gmail.com', 'transportation_issue', 'rash_unsafe_driving', 'not good', 'resolved', 'medium', '96h', NULL, 0.00, 'Resolution completed after expiry', '2025-11-11 13:04:43', '2025-11-06 06:20:03', '2025-11-11 13:04:43', 'No Action', NULL),
(8, 25, 1, 'krishna', '+919898933987', 'test89@gmail.com', 'trek_services_issue', 'sexual_harassment', 'not good', 'resolved', 'high', '72h', NULL, 0.00, 'Resolution completed after expiry', '2025-11-11 13:04:43', '2025-11-06 06:21:33', '2025-11-11 13:04:43', 'No Action', NULL),
(9, 3, 1, 'krishna', '+919898933987', 'test89@gmail.com', 'accommodation_issue', 'verbal_abuse_assault', 'not good, need to improve no proper care for women. no proper home stay', 'resolved', 'low', '168h', NULL, 0.00, 'Resolution completed after expiry', '2025-11-13 08:36:32', '2025-11-06 06:23:35', '2025-11-13 08:36:32', 'No Action', NULL),
(12, 22, 1, 'krishna', '+919898933987', 'test89@gmail.com', 'transportation_issue', 'rash_unsafe_driving', 'tfrydd', 'resolved', 'medium', '96h', NULL, 0.00, 'Resolution completed after expiry', '2025-11-11 13:04:43', '2025-11-06 08:30:02', '2025-11-11 13:04:43', 'No Action', NULL),
(13, 3, 1, 'krishna', '+919898933987', 'test89@gmail.com', 'trek_services_issue', 'rash_unsafe_driving', NULL, 'resolved', 'high', '72h', NULL, 0.00, 'Resolution completed after expiry', '2025-11-11 13:04:43', '2025-11-06 08:44:00', '2025-11-11 13:04:43', 'No Action', NULL),
(14, 25, 1, 'krishna', '+919898933987', 'test89@gmail.com', 'trek_services_issue', 'sexual_harassment', 'not good', 'resolved', 'high', '72h', NULL, 0.00, 'Resolution completed after expiry', '2025-11-11 13:04:43', '2025-11-07 11:56:00', '2025-11-11 13:04:43', 'No Action', NULL);

-- --------------------------------------------------------

--
-- Table structure for table `itinerary_items`
--

CREATE TABLE `itinerary_items` (
  `id` int NOT NULL,
  `trek_id` int NOT NULL,
  `activities` longtext CHARACTER SET utf8mb4 COLLATE utf8mb4_bin,
  `created_at` datetime NOT NULL,
  `updated_at` datetime NOT NULL
) ;

--
-- Dumping data for table `itinerary_items`
--

INSERT INTO `itinerary_items` (`id`, `trek_id`, `activities`, `created_at`, `updated_at`) VALUES
(1, 1, '[\"start to location\",\"breakfast and trek location\",\"lunch and Short Trek to Secret Water Falls\",\"Return to Homestay, relax\",\"hotel stay\"]', '2025-11-01 09:48:29', '2025-11-01 09:48:29'),
(2, 1, '[\"Check in to the Homestay Freshen Up\",\" breakfast \",\"trek location\",\"Return to Homestay, relax\",\"campfire\"]', '2025-11-01 09:48:29', '2025-11-01 09:48:29'),
(3, 1, '[\"freshup and breakfast \",\"trek location\",\"lunch\",\"Return to Homestay, relax\",\"tent stay\"]', '2025-11-01 09:48:29', '2025-11-01 09:48:29'),
(4, 1, '[\"freshup and breakfast \",\"trek location\",\"lunch\",\"trek location\",\"Return to Homestay, relax\"]', '2025-11-01 09:48:29', '2025-11-01 09:48:29'),
(5, 1, '[\"freshup and breakfast\",\"trek location\",\"lunch \",\"checkin from hotel\",\"return home journey\"]', '2025-11-01 09:48:29', '2025-11-01 09:48:29'),
(6, 2, '[\"start to location\",\"breakfast\",\"trek start\",\"reach to location\",\"lunch\"]', '2025-11-01 09:49:04', '2025-11-01 09:49:04'),
(7, 2, '[\"brakfast\",\"start to loction\",\"tea break\",\"reach to location\",\"reach to rooms\"]', '2025-11-01 09:49:04', '2025-11-01 09:49:04'),
(8, 2, '[\"start to trek\",\"break fast \",\"site visiting\",\"fire camp\",\"dinner\"]', '2025-11-01 09:49:04', '2025-11-01 09:49:04'),
(9, 2, '[\"morning trek\",\"trek to reach point\",\"breakfast\",\"games\",\"rest\"]', '2025-11-01 09:49:04', '2025-11-01 09:49:04'),
(10, 2, '[\"leave the trek location\",\"reach to rooms \",\"lunch\",\"packing everything\",\"retrun\"]', '2025-11-01 09:49:04', '2025-11-01 09:49:04'),
(11, 3, '[\"*7:00 AM* - Reach Hubli Station and get into our pre-hired vehicle.,*Breakfast* - Enjoy a delicious breakfast on our way.\",\".11:00 AM* - It\'s time for the highlight of the day.,*Vibhuthi Falls* - Take a refreshing dip in the crystal-clear waters.,*Lunch* on our way\",\"2:00 PM* - Proceed to the Scenic Honnavar Mangrove Board Walk.,*Mangrove Forest* - Take a walk into the beautiful forest and also,Boating in the Backwaters (If available).\",\"*4:30 PM* - Proceed to the magnificent Murudeshwar Temple,*Sunset View* - Witness the breathtaking sunset at the beach after darshan.\",\"*7:30 PM* - Head to our beachside camp by Nirvana Beach,*Campfire & Music* - Enjoy an evening of camaraderie under the starlit sky.\"]', '2025-11-01 10:34:46', '2025-11-01 10:34:46'),
(12, 3, '[\"Temples and Tranquility**,*6:00 AM* - Rise early and soak in the morning tranquility,*Mahabaleshwar Temple* - Visit this sacred place,*Om Beach* - Explore the stunning Om Beach.\",\"*12:30 PM* - Recharge with a sumptuous lunch,*Mirzan Fort* - Discover the historic Mirzan Fort.\",\"*6:00 PM* - Begin our journey back to the railway station.\",\"*8:50 PM* - Catch the train back to Hyderabad.\",\"*Monday, 10:30 AM* - Arrive in Hyderabad, enriched with memories.\"]', '2025-11-01 10:34:46', '2025-11-01 10:34:46'),
(13, 4, '[\"sdsds\"]', '2025-11-01 10:49:47', '2025-11-01 10:49:47'),
(14, 4, '[\"sdsd\"]', '2025-11-01 10:49:47', '2025-11-01 10:49:47'),
(15, 4, '[\"sdfsd\"]', '2025-11-01 10:49:47', '2025-11-01 10:49:47'),
(16, 5, '[\"Quo porro architecto\",\"Ab illo alias nulla \",\"Et ea est autem cons\",\"Animi reprehenderit\",\"Sunt voluptatem blan\"]', '2025-11-01 12:50:18', '2025-11-01 12:50:18'),
(17, 5, '[\"Natus sed et aut qua\",\"Maiores dolor facili\",\"Qui sint sit est ei\",\"Et quia nulla est e\",\"Sint saepe velit si\"]', '2025-11-01 12:50:18', '2025-11-01 12:50:18'),
(18, 6, '[\"Reach Bangalore , Get into the tempo\",\"Head to rooms for freshening up , Have breakfast\",\"Proceed to Kemmanagundi\",\"Start the Z point trek , Have lunch\",\"Hirekolale lake\"]', '2025-11-03 09:35:13', '2025-11-03 09:35:13'),
(19, 6, '[\"Head towards stay  , Stay in camping tents\",\"Have dinner\",\"Wake up by 4:00 AM , Freshen up , Have breakfast\",\"Head to Mullayangiri peak\",\"Jhari waterfalls , Lunch\"]', '2025-11-03 09:35:13', '2025-11-03 09:35:13'),
(20, 6, '[\"Start back to Mysore railway station\",\"Catch the train by 3:00 pm and reach Hyderabad \",\"by Monday 5:40 AM\"]', '2025-11-03 09:35:13', '2025-11-03 09:35:13'),
(21, 7, '[\"For Hyderabad 7 Pm\",\"Start to Mysore from Kacheguda ( By Train )\"]', '2025-11-04 06:05:28', '2025-11-04 06:05:28'),
(22, 7, '[\"For Bengaluru 9:30 AM Reach Mysore (Breakfast at A2B Restaurant) and  board the hired vehicle\",\"Drive through Bandipur Reserve forest and Mudumalai Tiger reserve\",\"Visit Banasura Dam ( Can do boating here depending on the  time we will reach there)\",\"Reach Wayanad and check in to hotel\",\"If time permits visit Market places.\"]', '2025-11-04 06:05:28', '2025-11-04 06:05:28'),
(23, 7, '[\"Places  to be covered\",\"900 Kandi Glass Bridge ,  Soochipara Waterfalls\",\"Longest Zipline and Highest Sky Cycle Attamala ,  View point  Pookode Lake\",\"Start to Mysore by 7:30 Am , Visit one of the oldest Jain temple in Wayanad.\",\"Visit Assumption Forane Church. Visit Mysore palace (If time permits)\"]', '2025-11-04 06:05:28', '2025-11-04 06:05:28'),
(24, 7, '[\"3 PM - Board train to Hyderabad  For Bengaluru\",\"05:30 PM Reach KSR Bengaluru \",\"6 AM - Reach Kacheguda\"]', '2025-11-04 06:05:28', '2025-11-04 06:05:28'),
(25, 8, '[\"Freshen up Have breakfast\",\"Start to Munnar Cover these places on the way:- Cheeyappara waterfalls\",\"Valara waterfalls View point Mattupetti dam\",\"Kundala lake\",\"Head to stay in Munnar Candle light dinner\"]', '2025-11-04 10:14:28', '2025-11-04 10:14:28'),
(26, 8, '[\"Freshen up Have breakfast\",\"Start to Tekkedy Elephant ride Enjoy seeing Kerala art forms\",\"Kalaripayattu Bharatanatyam\",\"Laser show Head to stay in Thekkady Dinner\"]', '2025-11-04 10:14:28', '2025-11-04 10:14:28'),
(27, 8, '[\"Freshen up Breakfast\",\"Start to Alleppey Head to Houseboat\",\"Enjoy the backwaters of Alleppey\",\"Stay in houseboat at night Dinner\"]', '2025-11-04 10:14:28', '2025-11-04 10:14:28'),
(28, 9, '[\"Kochi-Munnar\",\"Pick up from kochi airport transfer to munnar enroute\",\"visit Athirapally waterfalls, check in to hotel night stay.\"]', '2025-11-04 11:29:51', '2025-11-04 11:29:51'),
(29, 9, '[\"Munnar: Morning proceed to visit Flower garden, Echo point,\",\"Mattupetty dam ,  lock heart gap view point, Shooting point\",\"Kerala farm spice garden back to hotel night stay.\"]', '2025-11-04 11:29:51', '2025-11-04 11:29:51'),
(30, 9, '[\"Munnar-Thekkady: This day morning proceed to Thekkady visit\",\"Periyar wild life sanctuary enjoy boating in Periyar lake \",\"evening visit kalari and Kathakali shows after that check in to hotel night stay.\"]', '2025-11-04 11:29:51', '2025-11-04 11:29:51'),
(31, 9, '[\"Thekkady - Alleppey: Morning transfer to Alleppey enjoy boat\",\"ride in Vembanad lake through paddy fields and lagoons \",\"evening visit Alleppey beach check in to hotel night stay\"]', '2025-11-04 11:29:51', '2025-11-04 11:29:51'),
(32, 9, '[\"Morning departure to Cochin enroute visit Marari beach after\",\"reaching kochi visit fort kochi and beach, Jewish synagogue and\",\"Chinese fishing nets later drop at airport for back to home.\"]', '2025-11-04 11:29:51', '2025-11-04 11:29:51'),
(33, 10, '[\"Srinagar Sightseeing*\",\"Dal Lake Nishat Bagh\",\"Shalimar Bagh\",\"Tulip Garden/Botanical Garden Shikara Ride at Dal Lake\",\"Overnight at Srinagar\"]', '2025-11-04 12:00:33', '2025-11-04 12:00:33'),
(34, 10, '[\"Gulmarg Exploration*\",\"Gulmarg Gondola Ride\",\"Kongdori/Apharwat Peak Snow Activities (Skiing, Snowboarding) - (Dec - June)\",\"Horse Riding (July - Nov) Drung Waterfall\",\"Overnight at Srinagar\"]', '2025-11-04 12:00:33', '2025-11-04 12:00:33'),
(35, 10, '[\"Sonmarg Exploration*\",\"Thajiwas Glacier\",\"Baltal Sindh River\",\"Sonmarg Grasslands\",\"Overnight Stay at Srinagar\"]', '2025-11-04 12:00:33', '2025-11-04 12:00:33'),
(36, 10, '[\"Pahalgam Exploration*\",\"Chandanwari Anantnag Springs\",\"Lidder River Betaab Valley\",\"Baisaran Valley\",\"Stay at Houseboat\"]', '2025-11-04 12:00:33', '2025-11-04 12:00:33'),
(37, 10, '[\"Srinagar Local & Shopping*\",\"Srinagar Markets\",\"Old City Stroll\",\"Local Sightseeing\",\"Departure from Srinagar\"]', '2025-11-04 12:00:33', '2025-11-04 12:00:33'),
(38, 11, '[\"Coastal Adventure Begins\",\"3:30 PM* - Gather at Nampally Railway Station. 4:00 PM* - Board the train, and our voyage to Gokarna begins. Onboard - Relax, get to know your fellow adventurers.\",\"Beach Delights** *Morning* - Wake up to the gentle rocking of the train.\",\"*7:00 AM* - Reach Hubli Station and get into our pre-hired vehicle. *Breakfast* - Enjoy a delicious breakfast on our way.\",\"*11:00 AM* - It\'s time for the highlight of the day. *Vibhuthi Falls* - Take a refreshing dip in the crystal-clear waters. *Lunch* on our way\"]', '2025-11-04 12:36:51', '2025-11-04 12:36:51'),
(39, 11, '[\"*2:00 PM* - Proceed to the Scenic Honnavar Mangrove Board Walk. *Mangrove Forest* - Take a walk into the beautiful forest and also Boating in the Backwaters (If available).\",\"*4:30 PM* - Proceed to the magnificent Murudeshwar Temple. *Sunset View* - Witness the breathtaking sunset at the beach after darshan.\",\"*7:30 PM* - Head to our beachside camp by Nirvana Beach. *Campfire & Music* - Enjoy an evening of camaraderie under the starlit sky.\",\"Temples and Tranquility**\",\"*6:00 AM* - Rise early and soak in the morning tranquility. *Mahabaleshwar Temple* - Visit this sacred place. *Om Beach* - Explore the stunning Om Beach.\"]', '2025-11-04 12:36:51', '2025-11-04 12:36:51'),
(40, 12, '[\"Pick-up from BMC, bangalore\",\"Check in to the Homestay Freshen Up\",\"Short Trek to Secret Water Falls\",\"02:00 PM - Lunch will be served\",\"Return to Homestay, relax\"]', '2025-11-05 11:23:36', '2025-11-05 11:23:36'),
(41, 12, '[\"07:00 AM - Have breakfast and check out\",\"Visit Kelagur Tea Estate\",\"Visit Kodige Falls\",\"camp fire\",\"return to homestay and dinner\"]', '2025-11-05 11:23:36', '2025-11-05 11:23:36'),
(42, 12, '[\"Have breakfast and check out\",\"Short Trek to Secret Water Falls\",\"trek location\",\" Lunch will be served\",\" Arrive back in Bangalore and hydrabad\"]', '2025-11-05 11:23:36', '2025-11-05 11:23:36'),
(43, 13, '[\"09:30 PM: Pick-up from BMC, Indiranagar\",\"09:45 PM: Pick-up from Domlur Sky Walk, Opp to Domlur Bus Stop\",\"11:00 AM - Visit Rani Jhari\",\"games\",\"camp fire\"]', '2025-11-05 11:34:07', '2025-11-05 11:34:07'),
(44, 13, '[\"07:00 AM - Have breakfast and check out\",\"sun rise view\",\"beach games\",\"sunset view\",\"camp fire\"]', '2025-11-05 11:34:07', '2025-11-05 11:34:07'),
(45, 13, '[\"Kailas Giri view\",\"rope jurney\",\"lunch\",\"packing\",\"return\"]', '2025-11-05 11:34:07', '2025-11-05 11:34:07'),
(46, 14, '[\"lhgrtlkqmw\'egj;wo\",\"kjkfbkhsohgkwqh\",\"hoowehgkuwhsh\",\"iihohp\"]', '2025-11-05 11:56:55', '2025-11-05 11:56:55'),
(47, 14, '[\"ohog iujgoyguh\",\"ohhihgiyylhi\",\"gihiygvkj\",\"ugiyyigiui\"]', '2025-11-05 11:56:55', '2025-11-05 11:56:55'),
(48, 14, '[\"giuifhhiofog\",\"uofgiggklkg\",\"gtiofio\"]', '2025-11-05 11:56:55', '2025-11-05 11:56:55'),
(49, 15, '[\"Breakfast Check out & proceed to Srinagar Enroute visit Various \",\"Tunnel which excellence the Beauty and Show Engineering \",\"Marvel of India. Check in and rest in leisure Dinner Stay at Srinagar\",\"gathering together\",\"campfire\"]', '2025-11-05 12:02:04', '2025-11-05 12:02:04'),
(50, 15, '[\"break fast\",\"some games\",\"lunch\",\"evening activities\",\"dinner\"]', '2025-11-05 12:02:04', '2025-11-05 12:02:04'),
(51, 15, '[\"sunrise view\",\"dance\",\"site visiting\",\"snacks\",\"group discussing\"]', '2025-11-05 12:02:04', '2025-11-05 12:02:04'),
(52, 15, '[\"morning \",\"afternoon lunch\",\"some activities\",\"packing\",\"return\"]', '2025-11-05 12:02:04', '2025-11-05 12:02:04'),
(53, 16, '[\"Have Break fast\",\"Reach Isha Foundation\",\"Evening Sunset\",\"Light Show\"]', '2025-11-05 12:12:47', '2025-11-05 12:12:47'),
(54, 16, '[\"Tea garden or spin park\",\"Tea Museum and Chocolate Factory\",\"Pin Forest\"]', '2025-11-05 12:12:47', '2025-11-05 12:12:47'),
(55, 16, '[\"Stop at a restaurant and finish breakfast.\",\"Visit Pykara Waterfalls\",\"Return to Ooty town and visit the Government\",\"return\"]', '2025-11-05 12:12:47', '2025-11-05 12:12:47'),
(56, 17, '[\"Aut eos tenetur odit\",\"Itaque aliquid inven\",\"Nostrud non pariatur\",\"Esse eiusmod adipisc\",\"Officiis dolorem eni\"]', '2025-11-05 12:32:40', '2025-11-05 12:32:40'),
(57, 17, '[\"Iste similique repud\",\"Aliquid recusandae \",\"Cillum qui id nostr\",\"Autem rerum explicab\",\"At repellendus In d\"]', '2025-11-05 12:32:40', '2025-11-05 12:32:40'),
(58, 18, '[\"breakfast\",\"start visiting places\",\"ghats visiting\",\"jyothi dharshan\"]', '2025-11-06 05:27:14', '2025-11-06 05:27:14'),
(59, 18, '[\"temple visiting\",\"photo shoot\"]', '2025-11-06 05:27:14', '2025-11-06 05:27:14'),
(60, 18, '[\"temple visiting\",\"boating\"]', '2025-11-06 05:27:14', '2025-11-06 05:27:14'),
(61, 19, '[\"breakfast\",\"start visiting \",\"lunch\"]', '2025-11-06 09:32:48', '2025-11-06 09:32:48'),
(62, 19, '[\"breakfast\",\"visting\",\"lunch\",\"snacks\",\"return\"]', '2025-11-06 09:32:48', '2025-11-06 09:32:48'),
(63, 20, '[\"   \\t Head to rooms for freshening up\",\"   \\t Have breakfast\",\"Proceed to Kemmanagundi\",\"   \\t Start the Z point trek\",\" Head to rooms for freshening up and relax\"]', '2025-11-06 09:55:02', '2025-11-06 09:55:02'),
(64, 20, '[\"   \\t Wake up by 4:00 AM\",\"Have breakfast\",\"   \\t Head to Mullayangiri peak\",\"lunch\",\" Head to rooms for freshening up and relax\"]', '2025-11-06 09:55:02', '2025-11-06 09:55:02'),
(65, 20, '[\"Wake up by 4:00 AM\",\"   \\t Freshen up & Have breakfast\",\"lunch\",\"Start back to Mysore railway station\",\"Catch the train back to your hometown\"]', '2025-11-06 09:55:02', '2025-11-06 09:55:02'),
(66, 21, '[\"Reach Bangalore\",\"Head to rooms for freshening up\",\"   \\t Proceed to Kemmanagundi\",\"Jhari waterfalls\",\" Head to rooms for freshening up and relax\"]', '2025-11-06 10:13:45', '2025-11-06 10:13:45'),
(67, 21, '[\"Wake up by 4:00 AM\",\"Head to Mullayangiri peak\",\"lunch\",\"camp fire\",\" Head to rooms for freshening up and relax\"]', '2025-11-06 10:13:45', '2025-11-06 10:13:45'),
(68, 21, '[\"Wake up by 4:00 AM\",\"Start the Z point trek\",\"Mullayangiri peak for the sunrise\",\"Baba Budan Giri\",\"return to home journey\"]', '2025-11-06 10:13:45', '2025-11-06 10:13:45'),
(69, 22, '[\"Reach Bangalore\",\"Head to rooms for freshening up\",\"Proceed to Kemmanagundi\",\"Head towards stay\",\"Proceed to Kemmanagund\"]', '2025-11-06 10:36:43', '2025-11-06 10:36:43'),
(70, 22, '[\"Wake up by 4:00 AM\",\"Have breakfast\",\"Head to Mullayangiri peak\",\"   \\t Jhari waterfalls\",\"Head to rooms for freshening up\"]', '2025-11-06 10:36:43', '2025-11-06 10:36:43'),
(71, 22, '[\"Z point\",\"Hirekolale lake\",\"Head to Mullayangiri peak\",\"Belur Temple\",\"   \\t Yagachi Dam\"]', '2025-11-06 10:36:43', '2025-11-06 10:36:43'),
(72, 22, '[\"   \\t Wake up call at 5:00 AM\",\"breakfast\",\"Places to visit :\",\"lunch\",\"return to home\"]', '2025-11-06 10:36:43', '2025-11-06 10:36:43'),
(73, 23, '[\"breakfast\",\"visiting places\",\"lunch\",\"camping\"]', '2025-11-06 11:03:28', '2025-11-06 11:03:28'),
(74, 23, '[\"breakfast\",\"activities\",\"lunch\",\"fire camp\"]', '2025-11-06 11:03:28', '2025-11-06 11:03:28'),
(75, 23, '[\"breakfast\",\"games\",\"treking\"]', '2025-11-06 11:03:28', '2025-11-06 11:03:28'),
(76, 23, '[\"breakfast\",\"lunch\",\"packing\",\"return\"]', '2025-11-06 11:03:28', '2025-11-06 11:03:28'),
(77, 24, '[\"breakfast\",\"temple visiting\",\"lunch\"]', '2025-11-07 04:59:12', '2025-11-07 04:59:12'),
(78, 24, '[\"breakfast\",\"site visitings\",\"lunch\",\"return\"]', '2025-11-07 04:59:12', '2025-11-07 04:59:12'),
(79, 25, '[\"tea\",\"break fast\",\"temple visiting\"]', '2025-11-07 05:09:57', '2025-11-07 05:09:57'),
(80, 25, '[\"sunrise view\",\"brerakfast\",\"beach\"]', '2025-11-07 05:09:57', '2025-11-07 05:09:57'),
(81, 25, '[\"again, sun raise\",\"breakfast\",\"lunch\"]', '2025-11-07 05:09:57', '2025-11-07 05:09:57'),
(82, 25, '[\"temple visiting\",\"breakfast\",\"return\"]', '2025-11-07 05:09:57', '2025-11-07 05:09:57'),
(83, 26, '[\"breakfast\",\"start trek\",\"lunch\"]', '2025-11-07 05:19:33', '2025-11-07 05:19:33'),
(84, 26, '[\"breakfast\",\"site visiting\",\"lunch\",\"return\"]', '2025-11-07 05:19:33', '2025-11-07 05:19:33'),
(85, 27, '[\"Head to rooms for freshening up\",\"   \\t Proceed to Kemmanagundi\",\"   \\t Hirekolale lake\",\"Head towards stay\",\"Have dinner\"]', '2025-11-07 06:01:05', '2025-11-07 06:01:05'),
(86, 27, '[\"Wake up by 4:00 AM\",\"Head to Mullayangiri peak\",\"Jhari waterfalls\",\"Head to Mullayangiri peak\",\"Head to rooms for freshening up\"]', '2025-11-07 06:01:05', '2025-11-07 06:01:05'),
(87, 27, '[\"   \\t Proceed to Kemmanagund\",\"Start the Z point trek\",\"Hirekolale lake\",\"Head towards stay\",\"Stay in camping tents\"]', '2025-11-07 06:01:05', '2025-11-07 06:01:05'),
(88, 28, '[\"Reach Bangalore\",\"Head to rooms for freshening up\",\"Proceed to Kemmanagundi\",\"Start the Z point trek\",\"Head towards stay\"]', '2025-11-07 06:14:53', '2025-11-07 06:14:53'),
(89, 28, '[\"   \\t Wake up by 4:00 AM\",\"Freshen up\",\"Have breakfast\",\"Head to Mullayangiri peak\",\"return to home\"]', '2025-11-07 06:14:53', '2025-11-07 06:14:53'),
(90, 29, '[\"breakfast\",\"site view\",\"lunch\",\"evening activitiew\",\"campsite\"]', '2025-11-07 06:28:39', '2025-11-07 06:28:39'),
(91, 29, '[\"early morning trek\",\"checkpoint\",\"lunch\"]', '2025-11-07 06:28:39', '2025-11-07 06:28:39'),
(92, 29, '[\"breakfast\",\"lunch\",\"sun set view\",\"return\"]', '2025-11-07 06:28:39', '2025-11-07 06:28:39'),
(93, 30, '[\"head to rooms for freshening up\",\"Proceed to Kemmanagundi\",\"Start the Z point trek\",\"Stay in camping tents\",\"Have dinner\"]', '2025-11-07 06:32:06', '2025-11-07 06:32:06'),
(94, 30, '[\"Wake up by 4:00 AM\",\"   \\t Freshen up and breakfast\",\"Head to Mullayangiri peak\",\"   \\t Jhari waterfalls\",\"head to rooms and rest\"]', '2025-11-07 06:32:06', '2025-11-07 06:32:06'),
(95, 30, '[\"Wake up by 4:00 AM\",\"Have breakfast on the way\",\"Proceed to Kemmanagund\",\"   \\t Start the Z point trek\",\"   \\t  Have dinner\"]', '2025-11-07 06:32:06', '2025-11-07 06:32:06'),
(96, 31, '[\"   \\t Head to rooms for freshening up\",\"   \\t Proceed to Kemmanagundi\",\"Start the Z point trek\",\"   \\t Stay in camping tents\",\"Head towards stay\"]', '2025-11-07 06:43:12', '2025-11-07 06:43:12'),
(97, 31, '[\"   \\t Wake up by 4:00 AM\",\"   \\t Freshen up\",\"Head to Mullayangiri peak\",\"   \\t Jhari waterfalls\",\"return home\"]', '2025-11-07 06:43:12', '2025-11-07 06:43:12'),
(98, 32, '[\"   \\t Wake up by 4:00 AM\",\"   \\t Freshen up\",\"breakfast\",\"   \\t Jhari waterfalls\",\"rest\"]', '2025-11-07 06:51:52', '2025-11-07 06:51:52'),
(99, 32, '[\" \\t Wake up by 4:00 AM\",\"   \\t Head to Mullayangiri peak\",\"Have breakfast on the way\",\"lunch\",\"return to home \"]', '2025-11-07 06:51:52', '2025-11-07 06:51:52'),
(100, 33, '[\"trek start\",\"temple visiting\"]', '2025-11-07 07:12:43', '2025-11-07 07:12:43'),
(101, 33, '[\"trek start\",\"horse raid\"]', '2025-11-07 07:12:43', '2025-11-07 07:12:43'),
(102, 33, '[\"trek start\",\"boating\",\"return\"]', '2025-11-07 07:12:43', '2025-11-07 07:12:43'),
(103, 34, '[\"sun rise view\",\"breakfast\",\"treking\"]', '2025-11-07 07:18:21', '2025-11-07 07:18:21'),
(104, 34, '[\"sun rise view\",\"activities\",\"return\"]', '2025-11-07 07:18:21', '2025-11-07 07:18:21'),
(105, 35, '[\"hills visiting \",\"trek start\"]', '2025-11-07 07:24:24', '2025-11-07 07:24:24'),
(106, 35, '[\"boating\"]', '2025-11-07 07:24:24', '2025-11-07 07:24:24'),
(107, 35, '[\"visiting temples\",\"return\"]', '2025-11-07 07:24:24', '2025-11-07 07:24:24'),
(108, 36, '[\"breakfast\",\"ice scatting\",\"lunch\"]', '2025-11-07 08:45:15', '2025-11-07 08:45:15'),
(109, 36, '[\"morning trek\",\"sun rise view\",\"lunch\"]', '2025-11-07 08:45:15', '2025-11-07 08:45:15'),
(110, 36, '[\"morning trek to mount everest\",\"night camp\"]', '2025-11-07 08:45:15', '2025-11-07 08:45:15'),
(111, 36, '[\"morning trek start\",\"lunch\",\"evening activities\"]', '2025-11-07 08:45:15', '2025-11-07 08:45:15'),
(112, 36, '[\"temples visiting\",\"packing\",\"lunch\",\"RETURN\"]', '2025-11-07 08:45:15', '2025-11-07 08:45:15'),
(113, 37, '[\"   \\t Wake up by 4:00 AM\",\"Have breakfast\",\"   \\t Jhari waterfalls\",\"   \\t Head to Mullayangiri peak\",\"   \\t  Head to rooms for freshening up\"]', '2025-11-07 08:45:20', '2025-11-07 08:45:20'),
(114, 37, '[\" \\t Wake up by 4:00 AM\",\"Proceed to Kemmanagund\",\"Start the Z point trek\",\"   \\t  Head to rooms for freshening up\",\"dinner\"]', '2025-11-07 08:45:20', '2025-11-07 08:45:20'),
(115, 37, '[\"Wake up by 4:00 AM\",\"   \\t Freshen up & Have breakfast\",\"Head to Mullayanagiri peak\",\"Jhari waterfalls\",\"return to home\"]', '2025-11-07 08:45:20', '2025-11-07 08:45:20'),
(116, 38, '[\"Wake up by 4:00 AM\",\"Freshen up & Have breakfast\",\"Head to Mullayanagiri peak\",\"Jhari waterfalls\",\" rest\"]', '2025-11-07 08:53:42', '2025-11-07 08:53:42'),
(117, 38, '[\"Head to rooms for freshening up\",\"Have breakfast on the way\",\" Lunch\",\"Start the Z point trek\",\"return to home\"]', '2025-11-07 08:53:42', '2025-11-07 08:53:42'),
(118, 39, '[\"ceremony\",\"trek start\",\"lunch\"]', '2025-11-07 08:55:29', '2025-11-07 08:55:29'),
(119, 39, '[\"morning view\",\"cyckilling\",\"lunch\"]', '2025-11-07 08:55:29', '2025-11-07 08:55:29'),
(120, 39, '[\"morning activities\",\"brekfast\",\"activities\"]', '2025-11-07 08:55:29', '2025-11-07 08:55:29'),
(121, 39, '[\"brekfast\",\"activities\",\"lunch\",\"return\"]', '2025-11-07 08:55:29', '2025-11-07 08:55:29'),
(122, 40, '[\"Wake up by 4:00 AM\",\"   \\t Head to Mullayangiri peak\",\"Jhari waterfalls\",\"   \\t Lunch\",\"heading to stay and rest\"]', '2025-11-07 09:02:30', '2025-11-07 09:02:30'),
(123, 40, '[\"Wake up by 4:00 AM\",\"   \\t Jhari waterfalls\",\"lunch\",\"Jhari waterfalls\",\"heading to stay and rest\"]', '2025-11-07 09:02:30', '2025-11-07 09:02:30'),
(124, 40, '[\"Wake up by 4:00 AM\",\"breakfast\",\"Hirekolale lake\",\"Head towards stay\",\"return to home\"]', '2025-11-07 09:02:30', '2025-11-07 09:02:30'),
(125, 41, '[\"jurney to trek poin\",\"dinner\"]', '2025-11-07 09:09:08', '2025-11-07 09:09:08'),
(126, 41, '[\"morning trek\",\"breakfast\",\"lunch\"]', '2025-11-07 09:09:08', '2025-11-07 09:09:08'),
(127, 41, '[\"mornig sun view\",\"trek start\"]', '2025-11-07 09:09:08', '2025-11-07 09:09:08'),
(128, 41, '[\"morning breakfast\",\"activities\",\"lunch\"]', '2025-11-07 09:09:08', '2025-11-07 09:09:08'),
(129, 41, '[\"tea\",\"breakfast\",\"lunch\"]', '2025-11-07 09:09:08', '2025-11-07 09:09:08'),
(130, 41, '[\"morning activities\",\"snow ride\",\"return\"]', '2025-11-07 09:09:08', '2025-11-07 09:09:08'),
(131, 42, '[\"Wake by Monday 5:40 AM\",\"   \\t Freshen up & Have breakfast\",\"Head to Mullayanagiri peak\",\"Jhari waterfalls\",\"Stay in camping tents\"]', '2025-11-07 09:11:31', '2025-11-07 09:11:31'),
(132, 42, '[\"Wake up by 4:00 AM\",\"breakfast\",\"   \\t Head to Mullayanagiri peak\",\"   \\t Jhari waterfalls\",\"return to stay\"]', '2025-11-07 09:11:31', '2025-11-07 09:11:31'),
(133, 42, '[\"Wake up by 4:00 AM\",\"   \\t Mullayangiri peak\",\"lunch\",\"   \\t Belur Temple\",\"return to home \"]', '2025-11-07 09:11:31', '2025-11-07 09:11:31'),
(134, 43, '[\"trek start\",\"reach to trek point\",\"sun rise view\",\"breakfast\",\"return to hotel\"]', '2025-11-07 09:23:07', '2025-11-07 09:23:07'),
(135, 43, '[\"morning trek start\",\"sunrise view\",\"lunch\",\"campfire\",\"dinner\"]', '2025-11-07 09:23:07', '2025-11-07 09:23:07'),
(136, 43, '[\"brekfast\",\"visiting temples\",\"bird show\",\"boating\",\"reach to hotel\"]', '2025-11-07 09:23:07', '2025-11-07 09:23:07'),
(137, 43, '[\"morning beach view\",\"lunch\",\"games \",\"packing\",\"return\"]', '2025-11-07 09:23:07', '2025-11-07 09:23:07'),
(138, 44, '[\"trek start\",\"site view\",\"lunch\"]', '2025-11-08 05:12:30', '2025-11-08 05:12:30'),
(139, 44, '[\"trek start\",\"activities\",\"lunch\",\"ruturn\"]', '2025-11-08 05:12:30', '2025-11-08 05:12:30'),
(140, 45, '[\"trek\"]', '2026-01-02 07:23:14', '2026-01-02 07:23:14'),
(141, 45, '[\"mroning walk\"]', '2026-01-02 07:23:14', '2026-01-02 07:23:14'),
(142, 46, '[\"pune\"]', '2026-01-02 09:04:07', '2026-01-02 09:04:07'),
(143, 46, '[\"morning\"]', '2026-01-02 09:04:07', '2026-01-02 09:04:07'),
(144, 46, '[\"ewailkk\"]', '2026-01-02 09:04:07', '2026-01-02 09:04:07'),
(145, 46, '[\"rersttt\"]', '2026-01-02 09:04:07', '2026-01-02 09:04:07'),
(146, 46, '[\"rssd\"]', '2026-01-02 09:04:07', '2026-01-02 09:04:07'),
(147, 47, '[\"walk road\"]', '2026-01-02 09:26:41', '2026-01-02 09:26:41'),
(148, 47, '[\"trek view\"]', '2026-01-02 09:26:41', '2026-01-02 09:26:41'),
(149, 47, '[\"xyz\"]', '2026-01-02 09:26:41', '2026-01-02 09:26:41'),
(150, 47, '[\"chekout\"]', '2026-01-02 09:26:41', '2026-01-02 09:26:41');

-- --------------------------------------------------------

--
-- Table structure for table `maintenance_logs`
--

CREATE TABLE `maintenance_logs` (
  `id` int NOT NULL,
  `message` text NOT NULL,
  `is_active` tinyint(1) DEFAULT '0',
  `start_date` datetime NOT NULL,
  `end_date` datetime DEFAULT NULL,
  `created_at` datetime NOT NULL,
  `updated_at` datetime NOT NULL
) ENGINE=InnoDB DEFAULT CHARSET=utf8mb3;

-- --------------------------------------------------------

--
-- Table structure for table `manual_payments`
--

CREATE TABLE `manual_payments` (
  `id` int NOT NULL,
  `user_id` int NOT NULL,
  `amount` decimal(10,2) NOT NULL,
  `payment_date` datetime DEFAULT NULL,
  `description` text,
  `created_at` datetime NOT NULL,
  `updated_at` datetime NOT NULL
) ENGINE=InnoDB DEFAULT CHARSET=utf8mb3;

-- --------------------------------------------------------

--
-- Table structure for table `mappings`
--

CREATE TABLE `mappings` (
  `id` int NOT NULL,
  `trek_id` int DEFAULT NULL,
  `city_id` int NOT NULL,
  `mapping_type` enum('pickup','destination','route') NOT NULL DEFAULT 'pickup',
  `distance` decimal(8,2) DEFAULT '0.00',
  `travel_time` varchar(255) DEFAULT NULL,
  `transport_mode` enum('bus','train','flight','car','mixed') DEFAULT 'bus',
  `is_active` tinyint(1) DEFAULT '1',
  `priority` int DEFAULT '1',
  `notes` text,
  `created_at` datetime NOT NULL,
  `updated_at` datetime NOT NULL
) ENGINE=InnoDB DEFAULT CHARSET=utf8mb3;

-- --------------------------------------------------------

--
-- Table structure for table `messages`
--

CREATE TABLE `messages` (
  `id` int NOT NULL,
  `chat_id` int NOT NULL,
  `sender_type` enum('admin','customer') NOT NULL,
  `sender_id` int NOT NULL COMMENT 'ID of admin user or customer',
  `message` text NOT NULL,
  `message_type` enum('text','image','file') DEFAULT 'text',
  `attachment_url` varchar(255) DEFAULT NULL,
  `is_read` tinyint(1) DEFAULT '0',
  `read_at` datetime DEFAULT NULL,
  `created_at` datetime NOT NULL,
  `updated_at` datetime NOT NULL
) ENGINE=InnoDB DEFAULT CHARSET=utf8mb3;

-- --------------------------------------------------------

--
-- Table structure for table `notifications`
--

CREATE TABLE `notifications` (
  `id` bigint UNSIGNED NOT NULL,
  `vendor_id` bigint UNSIGNED DEFAULT NULL,
  `customer_id` bigint UNSIGNED DEFAULT NULL,
  `notification_id` varchar(50) DEFAULT NULL,
  `type` enum('EMAIL','SMS','PUSH') NOT NULL,
  `category` enum('BOOKING','DISPUTE','PAYMENT','SYSTEM','CANCELLATION') NOT NULL,
  `message` text NOT NULL,
  `status` enum('SENT','DELIVERED','FAILED','PENDING') DEFAULT 'PENDING',
  `created_at` timestamp NULL DEFAULT CURRENT_TIMESTAMP,
  `updated_at` timestamp NULL DEFAULT CURRENT_TIMESTAMP ON UPDATE CURRENT_TIMESTAMP
) ENGINE=InnoDB DEFAULT CHARSET=utf8mb4 COLLATE=utf8mb4_unicode_ci;

--
-- Dumping data for table `notifications`
--

INSERT INTO `notifications` (`id`, `vendor_id`, `customer_id`, `notification_id`, `type`, `category`, `message`, `status`, `created_at`, `updated_at`) VALUES
(1, 1, 1, 'NTF-1768211527', 'EMAIL', 'BOOKING', 'System Alert: Update on Booking for vendor portal. Ref ID: #50005. Please check the relevant tab for more details.', 'DELIVERED', '2026-01-12 09:52:07', '2026-01-12 09:52:07');

-- --------------------------------------------------------

--
-- Table structure for table `payment_failed`
--

CREATE TABLE `payment_failed` (
  `id` int NOT NULL,
  `order_id` varchar(255) DEFAULT NULL COMMENT 'Razorpay order ID from request',
  `payment_id` varchar(255) DEFAULT NULL COMMENT 'Razorpay payment ID from request',
  `signature` text COMMENT 'Razorpay signature from request',
  `batch_id` int DEFAULT NULL COMMENT 'Batch ID from request',
  `customer_id` int DEFAULT NULL COMMENT 'Customer ID from request',
  `total_travelers` int DEFAULT NULL COMMENT 'Number of travelers from request',
  `total_amount` decimal(10,2) DEFAULT NULL COMMENT 'Total amount from request',
  `final_amount` decimal(10,2) DEFAULT NULL COMMENT 'Final amount from request',
  `coupon_id` int DEFAULT NULL COMMENT 'Coupon ID from request',
  `payment_status` varchar(255) DEFAULT NULL COMMENT 'Payment status from request',
  `request_data` longtext CHARACTER SET utf8mb4 COLLATE utf8mb4_bin COMMENT 'Complete request body data as JSON',
  `error_message` text NOT NULL COMMENT 'Error message that caused the failure',
  `error_type` varchar(255) NOT NULL DEFAULT 'SLOTS_UNAVAILABLE' COMMENT 'Type of error that occurred',
  `available_slots` int DEFAULT NULL COMMENT 'Available slots at time of failure',
  `requested_slots` int DEFAULT NULL COMMENT 'Requested slots that caused failure',
  `payment_failed` tinyint(1) NOT NULL DEFAULT '1' COMMENT 'Flag indicating payment failed',
  `created_at` datetime NOT NULL,
  `updated_at` datetime NOT NULL
) ;

-- --------------------------------------------------------

--
-- Table structure for table `payment_logs`
--

CREATE TABLE `payment_logs` (
  `id` int NOT NULL,
  `booking_id` int NOT NULL,
  `amount` decimal(10,2) NOT NULL,
  `payment_method` varchar(255) NOT NULL,
  `transaction_id` varchar(255) DEFAULT NULL,
  `status` enum('pending','success','failed') DEFAULT 'pending',
  `created_at` datetime NOT NULL,
  `updated_at` datetime NOT NULL
) ENGINE=InnoDB DEFAULT CHARSET=utf8mb3;

--
-- Dumping data for table `payment_logs`
--

INSERT INTO `payment_logs` (`id`, `booking_id`, `amount`, `payment_method`, `transaction_id`, `status`, `created_at`, `updated_at`) VALUES
(1, 1, 9990.01, 'razorpay', 'pay_RaSjPc4Yh5t22C', 'success', '2025-11-01 11:39:43', '2025-11-01 11:39:43'),
(2, 2, 9990.01, 'razorpay', 'pay_RaSufrvIhMe8mC', 'success', '2025-11-01 11:50:27', '2025-11-01 11:50:27'),
(3, 3, 1484.00, 'razorpay', 'pay_Rb9mTPOach9zmX', 'success', '2025-11-03 05:46:22', '2025-11-03 05:46:22'),
(4, 4, 2455.00, 'razorpay', 'pay_RbA8KSYTIzntLt', 'success', '2025-11-03 06:07:00', '2025-11-03 06:07:00'),
(5, 5, 4739.98, 'razorpay', 'pay_RbAFOsc9PNuouQ', 'success', '2025-11-03 06:13:52', '2025-11-03 06:13:52'),
(6, 6, 1065.00, 'razorpay', 'pay_RbALIjETiiulcs', 'success', '2025-11-03 06:19:23', '2025-11-03 06:19:23'),
(7, 7, 2115.00, 'razorpay', 'pay_RbANLTz7UsdGKJ', 'success', '2025-11-03 06:21:19', '2025-11-03 06:21:19'),
(8, 8, 1155.00, 'razorpay', 'pay_RbANbPgzvI6PCz', 'success', '2025-11-03 06:21:26', '2025-11-03 06:21:26'),
(9, 9, 1314.00, 'razorpay', 'pay_RbAODjna21iQZ7', 'success', '2025-11-03 06:22:03', '2025-11-03 06:22:03'),
(10, 10, 6315.00, 'razorpay', 'pay_RbAOuqBEccEA20', 'success', '2025-11-03 06:22:49', '2025-11-03 06:22:49'),
(11, 11, 128348.10, 'razorpay', 'pay_RbAPAtUV3rOBA9', 'success', '2025-11-03 06:23:25', '2025-11-03 06:23:25'),
(12, 12, 24089.91, 'razorpay', 'pay_RbAQlKUXWoEN24', 'success', '2025-11-03 06:24:25', '2025-11-03 06:24:25'),
(13, 13, 6315.00, 'razorpay', 'pay_RbARxP8m1HAKDQ', 'success', '2025-11-03 06:25:35', '2025-11-03 06:25:35'),
(14, 14, 4895.00, 'razorpay', 'pay_RbAa8OugCeuoeh', 'success', '2025-11-03 06:33:20', '2025-11-03 06:33:20'),
(15, 15, 2773.00, 'razorpay', 'pay_RbAa6gBjpvRgud', 'success', '2025-11-03 06:33:24', '2025-11-03 06:33:24'),
(16, 16, 6315.00, 'razorpay', 'pay_RbAhtdNPhmDA27', 'success', '2025-11-03 06:40:47', '2025-11-03 06:40:47'),
(17, 17, 6315.00, 'razorpay', 'pay_RbAi72rGmRdNt8', 'success', '2025-11-03 06:41:05', '2025-11-03 06:41:05'),
(18, 18, 5211.00, 'razorpay', 'pay_RbAmtlUFhBGy1F', 'success', '2025-11-03 06:45:35', '2025-11-03 06:45:35'),
(19, 19, 256841.20, 'razorpay', 'pay_RbAphvfArqreV0', 'success', '2025-11-03 06:48:07', '2025-11-03 06:48:07'),
(20, 20, 1314.00, 'razorpay', 'pay_RbB5bseC1XpwAq', 'success', '2025-11-03 07:03:15', '2025-11-03 07:03:15'),
(21, 21, 12615.00, 'razorpay', 'pay_RbD9eClai1eRnD', 'success', '2025-11-03 09:04:19', '2025-11-03 09:04:19'),
(22, 22, 9543.95, 'razorpay', 'pay_Rbal8exN6DThHK', 'success', '2025-11-04 08:09:53', '2025-11-04 08:09:53'),
(23, 23, 19252.90, 'razorpay', 'pay_Rc2CrE2KzX17cl', 'success', '2025-11-05 11:00:52', '2025-11-05 11:00:52'),
(24, 24, 4820.00, 'razorpay', 'pay_Rc4GGSxIk0Swmh', 'success', '2025-11-05 13:01:28', '2025-11-05 13:01:28'),
(25, 25, 4740.00, 'razorpay', 'pay_Rc4JjYuGhGclrK', 'success', '2025-11-05 13:04:45', '2025-11-05 13:04:45'),
(26, 26, 4740.00, 'razorpay', 'pay_Rc4LccfhGBZoTc', 'success', '2025-11-05 13:06:33', '2025-11-05 13:06:33'),
(27, 27, 75672.51, 'razorpay', 'pay_RcLhZH6AzDZMZh', 'success', '2025-11-06 06:05:02', '2025-11-06 06:05:02'),
(28, 28, 13980.00, 'razorpay', 'pay_RcLp66CKJTm75Y', 'success', '2025-11-06 06:12:16', '2025-11-06 06:12:16'),
(29, 29, 6997.50, 'razorpay', 'pay_RcPmsR16ZySlQ5', 'success', '2025-11-06 10:04:55', '2025-11-06 10:04:55'),
(30, 30, 93654.45, 'razorpay', 'pay_RcREDWOXeXAnJt', 'success', '2025-11-06 11:29:22', '2025-11-06 11:29:22'),
(31, 31, 29208.93, 'razorpay', 'pay_RcngmDlUcqNuDi', 'success', '2025-11-07 09:27:40', '2025-11-07 09:27:40'),
(32, 32, 100615.00, 'razorpay', 'pay_Rcnm8kEDILwEiZ', 'success', '2025-11-07 09:32:45', '2025-11-07 09:32:45'),
(33, 33, 10567.00, 'razorpay', 'pay_Rcnu63gbIIJrPl', 'success', '2025-11-07 09:40:18', '2025-11-07 09:40:18'),
(34, 34, 14190.00, 'razorpay', 'pay_Rcon9zK9TwaYUc', 'success', '2025-11-07 10:32:31', '2025-11-07 10:32:31'),
(35, 35, 33975.00, 'razorpay', 'pay_RcpKoLiuZm6XF8', 'success', '2025-11-07 11:04:16', '2025-11-07 11:04:16'),
(36, 36, 8390.00, 'razorpay', 'pay_RdEeIaFvHONyVb', 'success', '2025-11-08 11:50:09', '2025-11-08 11:50:09'),
(37, 37, 1155.00, 'razorpay', 'pay_RdyHMerAfFm3U3', 'success', '2025-11-10 08:28:22', '2025-11-10 08:28:22'),
(38, 38, 18912.90, 'razorpay', 'pay_RemFPfmwEt2WVw', 'success', '2025-11-12 09:21:11', '2025-11-12 09:21:11'),
(39, 39, 19072.90, 'razorpay', 'pay_RemcMMdeTeoAkd', 'success', '2025-11-12 09:42:54', '2025-11-12 09:42:54'),
(40, 40, 14140.00, 'razorpay', 'pay_Reme77ZJsTXMmA', 'success', '2025-11-12 09:44:34', '2025-11-12 09:44:34'),
(41, 41, 14140.00, 'razorpay', 'pay_RemgzKfadr1Rid', 'success', '2025-11-12 09:47:18', '2025-11-12 09:47:18'),
(42, 42, 13980.00, 'razorpay', 'pay_Ren3t9tgYKL37E', 'success', '2025-11-12 10:08:57', '2025-11-12 10:08:57'),
(43, 43, 10593.95, 'razorpay', 'pay_RenDuinzf7DbGi', 'success', '2025-11-12 10:18:27', '2025-11-12 10:18:27'),
(44, 44, 10513.95, 'razorpay', 'pay_RenkAK6c0IJT0Q', 'success', '2025-11-12 10:49:00', '2025-11-12 10:49:00'),
(45, 45, 12775.00, 'razorpay', 'pay_ReoLGvo3a1FBHx', 'success', '2025-11-12 11:24:07', '2025-11-12 11:24:07'),
(46, 46, 2275.00, 'razorpay', 'pay_Reol6W5jtGFdrU', 'success', '2025-11-12 11:48:34', '2025-11-12 11:48:34'),
(47, 47, 26948.22, 'razorpay', 'pay_RepFLwrJ0iTpaT', 'success', '2025-11-12 12:17:13', '2025-11-12 12:17:13'),
(48, 48, 13401.61, 'razorpay', 'pay_RepLV8xYcRQ8ku', 'success', '2025-11-12 12:23:03', '2025-11-12 12:23:03'),
(49, 49, 26948.22, 'razorpay', 'pay_RepMfsa9SzFHhE', 'success', '2025-11-12 12:24:09', '2025-11-12 12:24:09'),
(50, 50, 5240.00, 'razorpay', 'pay_RfV7ZaNrcJNkNn', 'success', '2025-11-14 05:14:58', '2025-11-14 05:14:58');

-- --------------------------------------------------------

--
-- Table structure for table `permissions`
--

CREATE TABLE `permissions` (
  `id` int NOT NULL,
  `name` varchar(255) NOT NULL,
  `description` varchar(255) DEFAULT NULL,
  `created_at` datetime NOT NULL,
  `updated_at` datetime NOT NULL
) ENGINE=InnoDB DEFAULT CHARSET=utf8mb3;

-- --------------------------------------------------------

--
-- Table structure for table `policies`
--

CREATE TABLE `policies` (
  `id` int NOT NULL,
  `name` varchar(255) NOT NULL,
  `content` text NOT NULL,
  `version` varchar(255) DEFAULT NULL,
  `effective_date` datetime DEFAULT NULL,
  `created_at` datetime NOT NULL,
  `updated_at` datetime NOT NULL
) ENGINE=InnoDB DEFAULT CHARSET=utf8mb3;

-- --------------------------------------------------------

--
-- Table structure for table `push_notifications`
--

CREATE TABLE `push_notifications` (
  `id` int NOT NULL,
  `title` varchar(255) NOT NULL,
  `message` text NOT NULL,
  `created_at` datetime NOT NULL,
  `updated_at` datetime NOT NULL
) ENGINE=InnoDB DEFAULT CHARSET=utf8mb3;

-- --------------------------------------------------------

--
-- Table structure for table `ratings`
--

CREATE TABLE `ratings` (
  `id` int NOT NULL,
  `trek_id` int NOT NULL COMMENT 'Reference to the trek being rated',
  `customer_id` int NOT NULL COMMENT 'Reference to the customer who gave the rating',
  `booking_id` int DEFAULT NULL COMMENT 'Reference to the booking this rating is for (optional)',
  `batch_id` int DEFAULT NULL COMMENT 'Reference to the specific batch this rating is for (optional)',
  `rating_value` decimal(3,2) NOT NULL COMMENT 'Rating value (0.00 to 5.00)',
  `comment` text COMMENT 'Optional comment for this specific rating category',
  `is_verified` tinyint(1) NOT NULL DEFAULT '0' COMMENT 'Whether this rating is from a verified booking',
  `title` varchar(255) DEFAULT NULL COMMENT 'Title of the review',
  `content` text COMMENT 'Content of the review',
  `is_approved` tinyint(1) NOT NULL DEFAULT '0' COMMENT 'Whether this rating is approved for display',
  `is_helpful` int NOT NULL DEFAULT '0' COMMENT 'Number of helpful votes for this rating',
  `status` enum('pending','approved','rejected','spam') NOT NULL DEFAULT 'pending' COMMENT 'Status of the rating',
  `safety_security_rated` tinyint(1) NOT NULL DEFAULT '0' COMMENT 'Boolean flag indicating if customer rated safety & security category',
  `organizer_manner_rated` tinyint(1) NOT NULL DEFAULT '0' COMMENT 'Boolean flag indicating if customer rated organizer manner category',
  `trek_planning_rated` tinyint(1) NOT NULL DEFAULT '0' COMMENT 'Boolean flag indicating if customer rated trek planning category',
  `women_safety_rated` tinyint(1) NOT NULL DEFAULT '0' COMMENT 'Boolean flag indicating if customer rated women safety category',
  `report` tinyint(1) NOT NULL DEFAULT '0' COMMENT 'Boolean flag indicating if this rating has been reported (admin use only)',
  `created_at` datetime NOT NULL,
  `updated_at` datetime NOT NULL,
  `is_hide` tinyint(1) NOT NULL DEFAULT '0' COMMENT 'Whether this rating is hidden from display'
) ENGINE=InnoDB DEFAULT CHARSET=utf8mb3;

--
-- Dumping data for table `ratings`
--

INSERT INTO `ratings` (`id`, `trek_id`, `customer_id`, `booking_id`, `batch_id`, `rating_value`, `comment`, `is_verified`, `title`, `content`, `is_approved`, `is_helpful`, `status`, `safety_security_rated`, `organizer_manner_rated`, `trek_planning_rated`, `women_safety_rated`, `report`, `created_at`, `updated_at`, `is_hide`) VALUES
(1, 3, 1, 2, 42, 3.00, NULL, 1, NULL, 'not good', 1, 0, 'pending', 0, 0, 0, 0, 0, '2025-11-06 06:18:26', '2025-11-14 07:26:24', 0);

-- --------------------------------------------------------

--
-- Table structure for table `rating_categories`
--

CREATE TABLE `rating_categories` (
  `id` int NOT NULL,
  `name` varchar(255) NOT NULL COMMENT 'Name of the rating category (e.g., Safety and Security, Organizer Manner, etc.)',
  `description` text COMMENT 'Description of what this category measures',
  `is_active` tinyint(1) NOT NULL DEFAULT '1' COMMENT 'Whether this category is active and can be used for ratings',
  `sort_order` int NOT NULL DEFAULT '0' COMMENT 'Order in which categories should be displayed',
  `created_at` datetime NOT NULL,
  `updated_at` datetime NOT NULL
) ENGINE=InnoDB DEFAULT CHARSET=utf8mb3;

--
-- Dumping data for table `rating_categories`
--

INSERT INTO `rating_categories` (`id`, `name`, `description`, `is_active`, `sort_order`, `created_at`, `updated_at`) VALUES
(1, 'Safety and Security', 'Measures the safety measures, security protocols, and overall safety standards maintained during the trek', 1, 1, '2025-11-01 07:14:17', '2025-11-01 07:14:17'),
(2, 'Organizer Manner', 'Evaluates the behavior, professionalism, and communication skills of the trek organizers and guides', 1, 2, '2025-11-01 07:14:17', '2025-11-01 07:14:17'),
(3, 'Trek Planning', 'Assesses the quality of trek planning, itinerary execution, and overall organization of the trek', 1, 3, '2025-11-01 07:14:17', '2025-11-01 07:14:17'),
(4, 'Women Safety', 'Specifically evaluates the safety measures and comfort provided for women participants during the trek', 1, 4, '2025-11-01 07:14:17', '2025-11-01 07:14:17');

-- --------------------------------------------------------

--
-- Table structure for table `reconciliations`
--

CREATE TABLE `reconciliations` (
  `id` int NOT NULL,
  `period_start` date NOT NULL,
  `period_end` date NOT NULL,
  `total_bookings` int NOT NULL,
  `total_amount` decimal(10,2) NOT NULL,
  `status` enum('pending','completed') DEFAULT 'pending',
  `created_at` datetime NOT NULL,
  `updated_at` datetime NOT NULL
) ENGINE=InnoDB DEFAULT CHARSET=utf8mb3;

-- --------------------------------------------------------

--
-- Table structure for table `refund_settings`
--

CREATE TABLE `refund_settings` (
  `id` int NOT NULL,
  `seven_days_percentage` int NOT NULL DEFAULT '90',
  `three_days_percentage` int NOT NULL DEFAULT '50',
  `twenty_four_hours_percentage` int NOT NULL DEFAULT '10',
  `is_active` tinyint(1) NOT NULL DEFAULT '1',
  `created_at` datetime NOT NULL,
  `updated_at` datetime NOT NULL
) ENGINE=InnoDB DEFAULT CHARSET=utf8mb3;

-- --------------------------------------------------------

--
-- Table structure for table `roles`
--

CREATE TABLE `roles` (
  `id` int NOT NULL,
  `name` varchar(255) NOT NULL,
  `description` varchar(255) DEFAULT NULL,
  `created_at` datetime NOT NULL,
  `updated_at` datetime NOT NULL
) ENGINE=InnoDB DEFAULT CHARSET=utf8mb3;

--
-- Dumping data for table `roles`
--

INSERT INTO `roles` (`id`, `name`, `description`, `created_at`, `updated_at`) VALUES
(1, 'admin', 'Administrator with full system access', '2025-11-01 07:11:17', '2025-11-01 07:11:17'),
(2, 'vendor', 'Vendor who can create and manage treks', '2025-11-01 07:11:17', '2025-11-01 07:11:17'),
(3, 'user', 'Regular user who can book treks', '2025-11-01 07:11:17', '2025-11-01 07:11:17');

-- --------------------------------------------------------

--
-- Table structure for table `role_permissions`
--

CREATE TABLE `role_permissions` (
  `role_id` int NOT NULL,
  `permission_id` int NOT NULL
) ENGINE=InnoDB DEFAULT CHARSET=utf8mb3;

-- --------------------------------------------------------

--
-- Table structure for table `safety_guidelines`
--

CREATE TABLE `safety_guidelines` (
  `id` int NOT NULL,
  `trek_id` int NOT NULL,
  `guideline` text NOT NULL,
  `created_at` datetime NOT NULL,
  `updated_at` datetime NOT NULL
) ENGINE=InnoDB DEFAULT CHARSET=utf8mb3;

-- --------------------------------------------------------

--
-- Table structure for table `sales`
--

CREATE TABLE `sales` (
  `id` int NOT NULL,
  `booking_id` int NOT NULL,
  `amount` decimal(10,2) NOT NULL,
  `sale_date` datetime DEFAULT NULL,
  `created_at` datetime NOT NULL,
  `updated_at` datetime NOT NULL
) ENGINE=InnoDB DEFAULT CHARSET=utf8mb3;

-- --------------------------------------------------------

--
-- Table structure for table `scheduled_messages`
--

CREATE TABLE `scheduled_messages` (
  `id` int NOT NULL,
  `type` enum('alert','email','push') NOT NULL,
  `content` longtext CHARACTER SET utf8mb4 COLLATE utf8mb4_bin NOT NULL,
  `scheduled_at` datetime NOT NULL,
  `status` enum('pending','sent','canceled') DEFAULT 'pending',
  `created_at` datetime NOT NULL,
  `updated_at` datetime NOT NULL
) ;

-- --------------------------------------------------------

--
-- Table structure for table `settlements`
--

CREATE TABLE `settlements` (
  `id` int NOT NULL,
  `vendor_id` int NOT NULL,
  `period_start` date NOT NULL,
  `period_end` date NOT NULL,
  `total_amount` decimal(10,2) NOT NULL,
  `status` enum('pending','completed') DEFAULT 'pending',
  `created_at` datetime NOT NULL,
  `updated_at` datetime NOT NULL
) ENGINE=InnoDB DEFAULT CHARSET=utf8mb3;

-- --------------------------------------------------------

--
-- Table structure for table `states`
--

CREATE TABLE `states` (
  `id` int NOT NULL,
  `name` varchar(255) NOT NULL,
  `status` enum('active','inactive') NOT NULL DEFAULT 'active',
  `created_at` datetime NOT NULL,
  `updated_at` datetime NOT NULL
) ENGINE=InnoDB DEFAULT CHARSET=utf8mb3;

--
-- Dumping data for table `states`
--

INSERT INTO `states` (`id`, `name`, `status`, `created_at`, `updated_at`) VALUES
(1, 'Uttarakhand', 'active', '2025-11-01 07:11:27', '2025-11-01 07:11:27'),
(2, 'Himachal Pradesh', 'active', '2025-11-01 07:11:27', '2025-11-01 07:11:27'),
(3, 'Jammu and Kashmir', 'active', '2025-11-01 07:11:27', '2025-11-01 07:11:27'),
(4, 'Ladakh', 'active', '2025-11-01 07:11:27', '2025-11-01 07:11:27'),
(5, 'Punjab', 'active', '2025-11-01 07:11:27', '2025-11-01 07:11:27'),
(6, 'Haryana', 'active', '2025-11-01 07:11:27', '2025-11-01 07:11:27'),
(7, 'Delhi', 'active', '2025-11-01 07:11:27', '2025-11-01 07:11:27'),
(8, 'Chandigarh', 'active', '2025-11-01 07:11:27', '2025-11-01 07:11:27'),
(9, 'Rajasthan', 'active', '2025-11-01 07:11:27', '2025-11-01 07:11:27'),
(10, 'Uttar Pradesh', 'active', '2025-11-01 07:11:27', '2025-11-01 07:11:27'),
(11, 'Sikkim', 'active', '2025-11-01 07:11:27', '2025-11-01 07:11:27'),
(12, 'Arunachal Pradesh', 'active', '2025-11-01 07:11:27', '2025-11-01 07:11:27'),
(13, 'Assam', 'active', '2025-11-01 07:11:27', '2025-11-01 07:11:27'),
(14, 'Manipur', 'active', '2025-11-01 07:11:27', '2025-11-01 07:11:27'),
(15, 'Meghalaya', 'active', '2025-11-01 07:11:27', '2025-11-01 07:11:27'),
(16, 'Mizoram', 'active', '2025-11-01 07:11:27', '2025-11-01 07:11:27'),
(17, 'Nagaland', 'active', '2025-11-01 07:11:27', '2025-11-01 07:11:27'),
(18, 'Tripura', 'active', '2025-11-01 07:11:27', '2025-11-01 07:11:27'),
(19, 'Karnataka', 'active', '2025-11-01 07:11:27', '2025-11-01 07:11:27'),
(20, 'Kerala', 'active', '2025-11-01 07:11:27', '2025-11-01 07:11:27'),
(21, 'Tamil Nadu', 'active', '2025-11-01 07:11:27', '2025-11-01 07:11:27'),
(22, 'Andhra Pradesh', 'active', '2025-11-01 07:11:27', '2025-11-01 07:11:27'),
(23, 'Telangana', 'active', '2025-11-01 07:11:27', '2025-11-01 07:11:27'),
(24, 'Maharashtra', 'active', '2025-11-01 07:11:27', '2025-11-01 07:11:27'),
(25, 'Gujarat', 'active', '2025-11-01 07:11:27', '2025-11-01 07:11:27'),
(26, 'Goa', 'active', '2025-11-01 07:11:27', '2025-11-01 07:11:27'),
(27, 'Madhya Pradesh', 'active', '2025-11-01 07:11:27', '2025-11-01 07:11:27'),
(28, 'Chhattisgarh', 'active', '2025-11-01 07:11:27', '2025-11-01 07:11:27'),
(29, 'Jharkhand', 'active', '2025-11-01 07:11:27', '2025-11-01 07:11:27'),
(30, 'Bihar', 'active', '2025-11-01 07:11:27', '2025-11-01 07:11:27'),
(31, 'West Bengal', 'active', '2025-11-01 07:11:27', '2025-11-01 07:11:27'),
(32, 'Odisha', 'active', '2025-11-01 07:11:27', '2025-11-01 07:11:27'),
(33, 'Pondicherry', 'active', '2025-11-04 04:41:38', '2025-11-04 04:41:38');

-- --------------------------------------------------------

--
-- Table structure for table `tax_records`
--

CREATE TABLE `tax_records` (
  `id` int NOT NULL,
  `sale_id` int NOT NULL,
  `tax_rate` decimal(5,2) NOT NULL,
  `tax_amount` decimal(10,2) NOT NULL,
  `created_at` datetime NOT NULL,
  `updated_at` datetime NOT NULL
) ENGINE=InnoDB DEFAULT CHARSET=utf8mb3;

-- --------------------------------------------------------

--
-- Table structure for table `tracking`
--

CREATE TABLE `tracking` (
  `id` int NOT NULL,
  `assignment_id` int NOT NULL,
  `event_type` varchar(255) NOT NULL,
  `event_data` longtext CHARACTER SET utf8mb4 COLLATE utf8mb4_bin,
  `tracked_at` datetime DEFAULT NULL,
  `created_at` datetime NOT NULL,
  `updated_at` datetime NOT NULL
) ;

-- --------------------------------------------------------

--
-- Table structure for table `travelers`
--

CREATE TABLE `travelers` (
  `id` int NOT NULL,
  `customer_id` int NOT NULL,
  `name` varchar(100) NOT NULL,
  `age` int NOT NULL,
  `gender` enum('male','female','other') NOT NULL,
  `is_active` tinyint(1) DEFAULT '1',
  `created_at` datetime NOT NULL,
  `updated_at` datetime NOT NULL
) ENGINE=InnoDB DEFAULT CHARSET=utf8mb3;

--
-- Dumping data for table `travelers`
--

INSERT INTO `travelers` (`id`, `customer_id`, `name`, `age`, `gender`, `is_active`, `created_at`, `updated_at`) VALUES
(1, 1, 'krishna', 22, 'male', 1, '2025-11-01 11:30:10', '2025-11-01 11:30:10'),
(2, 1, 'test', 32, 'male', 1, '2025-11-01 11:38:56', '2025-11-01 11:38:56'),
(3, 1, 'chintan ', 25, 'male', 1, '2025-11-01 11:49:17', '2025-11-01 11:49:17'),
(4, 1, 'vanraj langa', 34, 'male', 1, '2025-11-03 06:04:19', '2025-11-03 06:04:19'),
(5, 1, 'Abhishek bhai', 30, 'male', 1, '2025-11-03 06:05:52', '2025-11-03 06:05:52'),
(6, 1, 'janmejaya ', 23, 'male', 1, '2025-11-03 06:08:12', '2025-11-03 06:08:12'),
(7, 1, 'laya', 24, 'female', 1, '2025-11-03 06:08:37', '2025-11-03 06:19:01'),
(8, 1, 'janushree', 23, 'female', 1, '2025-11-03 06:16:28', '2025-11-03 06:16:28'),
(9, 1, 'Praveen Punati', 22, 'male', 1, '2025-11-03 06:39:33', '2025-11-03 06:39:33'),
(10, 1, 'naveen', 22, 'male', 1, '2025-11-07 09:38:46', '2025-11-07 09:38:46'),
(11, 1, 'naveen', 22, 'male', 1, '2025-11-07 09:38:47', '2025-11-07 09:38:47');

-- --------------------------------------------------------

--
-- Table structure for table `treks`
--

CREATE TABLE `treks` (
  `id` int NOT NULL,
  `mtr_id` varchar(10) NOT NULL COMMENT 'Main Trek Record ID - auto-generated unique identifier',
  `title` varchar(255) NOT NULL,
  `description` text,
  `vendor_id` int NOT NULL,
  `destination_id` int DEFAULT NULL,
  `captain_id` int DEFAULT NULL COMMENT 'Reference to assigned captain/guide for the trek',
  `city_ids` longtext CHARACTER SET utf8mb4 COLLATE utf8mb4_bin COMMENT 'JSON array of city IDs',
  `duration` varchar(255) DEFAULT NULL,
  `duration_days` int DEFAULT NULL,
  `duration_nights` int DEFAULT NULL,
  `base_price` decimal(10,2) DEFAULT NULL,
  `max_participants` int DEFAULT '20' COMMENT 'Maximum number of participants allowed for this trek',
  `trekking_rules` text COMMENT 'Trekking rules and guidelines',
  `emergency_protocols` text COMMENT 'Emergency protocols and safety notes',
  `organizer_notes` text COMMENT 'Additional notes from the organizer',
  `inclusions` longtext CHARACTER SET utf8mb4 COLLATE utf8mb4_bin,
  `exclusions` longtext CHARACTER SET utf8mb4 COLLATE utf8mb4_bin,
  `status` enum('active','deactive') DEFAULT 'deactive',
  `discount_value` decimal(10,2) DEFAULT '0.00' COMMENT 'Discount amount or percentage value',
  `discount_type` enum('percentage','fixed') DEFAULT 'percentage' COMMENT 'Type of discount: percentage or fixed amount',
  `has_discount` tinyint(1) NOT NULL DEFAULT '0' COMMENT 'Whether the trek has an active discount',
  `cancellation_policy_id` int DEFAULT NULL COMMENT 'Reference to cancellation policy',
  `activities` longtext CHARACTER SET utf8mb4 COLLATE utf8mb4_bin COMMENT 'JSON array of activity IDs from activities table',
  `badge_id` int DEFAULT NULL COMMENT 'Optional badge associated with this trek',
  `has_been_edited` tinyint NOT NULL DEFAULT '0' COMMENT 'Whether the trek has been edited (0 = no, 1 = yes)',
  `safety_security_count` int NOT NULL DEFAULT '0' COMMENT 'Count for Safety and Security category rating',
  `organizer_manner_count` int NOT NULL DEFAULT '0' COMMENT 'Count for Organizer Manner category rating',
  `trek_planning_count` int NOT NULL DEFAULT '0' COMMENT 'Count for Trek Planning category rating',
  `women_safety_count` int NOT NULL DEFAULT '0' COMMENT 'Count for Women Safety category rating',
  `rejected_reason` varchar(200) DEFAULT NULL,
  `rejected_by` varchar(200) DEFAULT NULL,
  `trek_status` varchar(200) DEFAULT NULL,
  `created_at` datetime NOT NULL,
  `updated_at` datetime NOT NULL
) ;

--
-- Dumping data for table `treks`
--

INSERT INTO `treks` (`id`, `mtr_id`, `title`, `description`, `vendor_id`, `destination_id`, `captain_id`, `city_ids`, `duration`, `duration_days`, `duration_nights`, `base_price`, `max_participants`, `trekking_rules`, `emergency_protocols`, `organizer_notes`, `inclusions`, `exclusions`, `status`, `discount_value`, `discount_type`, `has_discount`, `cancellation_policy_id`, `activities`, `badge_id`, `has_been_edited`, `safety_security_count`, `organizer_manner_count`, `trek_planning_count`, `women_safety_count`, `rejected_reason`, `rejected_by`, `trek_status`, `created_at`, `updated_at`) VALUES
(1, 'MTR97B2C0D', 'ladhak', 'Trek description will be updated soon.', 1, NULL, 1, '[22]', '5 Days 4 Nights', 5, 4, 6000.00, 20, 'must follow the rules of the organisation', 'shold carry  their necessary things', '', '[1,2,3]', '[\"Alcoholic Beverages\",\"Personal Equipment\",\"Airfare\"]', 'active', 0.00, NULL, 0, 1, '[4,15]', 1, 0, 0, 0, 0, 0, NULL, NULL, NULL, '2025-11-01 09:48:29', '2025-11-01 09:48:29'),
(2, 'MTR553XA19', 'ooty', 'Trek description will be updated soon.', 1, NULL, 2, '[22]', '5 Days 4 Nights', 5, 4, 4999.98, 25, 'no smoking', 'carry water bottle', '', '[1,3,4]', '[\"Extra Meals\",\"Personal Expenses\",\"Airfare\"]', 'active', 10.00, 'percentage', 1, 2, '[4,3,14]', 6, 0, 0, 0, 0, 0, NULL, NULL, NULL, '2025-11-01 09:49:04', '2025-11-01 09:49:04'),
(3, 'MTR83I8ZFN', 'Gokarna', 'Trek description will be updated soon.', 1, NULL, 1, '[22]', '2 Days 1 Night', 2, 1, 5000.00, 5, '', '', '', '[1,2,3,4,5]', '[\"Alcoholic Beverages\",\"Personal Equipment\",\"Personal Expenses\"]', 'active', 499.99, 'fixed', 1, 2, '[4,19,15]', 9, 0, 0, 0, 0, 0, NULL, NULL, NULL, '2025-11-01 10:34:46', '2025-11-06 06:18:26'),
(4, 'MTR67EVI4K', 'r1', 'Trek description will be updated soon.', 1, NULL, 1, '[22]', '3 Days 2 Nights', 3, 2, 122222.00, 12, '', '', '', '[1]', '[\"Personal Expenses\"]', 'active', 0.00, NULL, 0, 2, '[4]', NULL, 0, 0, 0, 0, 0, NULL, NULL, NULL, '2025-11-01 10:49:47', '2025-11-01 10:49:47'),
(5, 'MTR55ZEWXI', 'Elvis Gutierrez', 'Trek description will be updated soon.', 1, 3, 1, '[22]', '2 Days 1 Night', 2, 1, 1000.00, 9, 'bvvmc', 'fbfg', '', '[1]', '[\"Personal Expenses\"]', 'active', 0.00, NULL, 0, 2, '[4]', 1, 0, 0, 0, 0, 0, NULL, NULL, NULL, '2025-11-01 12:50:18', '2025-11-01 12:50:18'),
(6, 'MTR496W254', 'Chikamagaluru', 'Trek description will be updated soon.', 1, 43, 1, '[38]', '3 Days 2 Nights', 3, 2, 8999.00, 12, '', '', '', '[12,1,3,13,7,4]', '[\"Food expenses\",\"Personal expenses\",\"Others which are not mentioned in the inclusions\"]', 'active', 0.00, NULL, 0, 2, '[21,22]', 1, 0, 0, 0, 0, 0, NULL, NULL, NULL, '2025-11-03 09:35:13', '2025-11-03 09:35:13'),
(7, 'MTR00NMKJT', 'Wayanad', 'Trek description will be updated soon.', 1, 81, 2, '[38,22]', '4 Days 3 Nights', 4, 3, 8999.00, 17, '', '', '', '[3,14,12,1,15,7]', '[\"Boating at Banasura Dam and Pookode Lake  ( If at all you\'re going)\",\"Entery tickets at 900 kandi , Activities at 900 kandi  and also activities at Zip Line\",\"Extra Meals\",\"Personal Expenses\"]', 'active', 0.00, NULL, 0, 2, '[20]', 1, 0, 0, 0, 0, 0, NULL, NULL, NULL, '2025-11-04 06:05:28', '2025-11-04 06:05:28'),
(8, 'MTR20C1E0U', 'Munnar', 'Trek description will be updated soon.', 1, 34, 3, '[38,22]', '3 Days 2 Nights', 3, 2, 8999.00, 17, '', '', '', '[12,1,3,4]', '[\"Laundry expenses, tips, camera fees or dry clean expenses.\",\"Personal Expenses\"]', 'active', 0.00, NULL, 0, 2, '[16]', 1, 0, 0, 0, 0, 0, NULL, NULL, NULL, '2025-11-04 10:14:28', '2025-11-04 10:14:28'),
(9, 'MTR08LX5Y6', 'Kerala', 'Trek description will be updated soon.', 1, 69, 2, '[38,22]', '5 Days 4 Nights', 5, 4, 14999.00, 17, '', '', '', '[16,3,1,4,12]', '[\"Personal Expenses\",\"Entry tickets\",\"Kalari and Kathakali shows tickets\",\"Anything not mentioned in package includes.\"]', 'active', 15.00, 'percentage', 1, 2, '[15]', 1, 0, 0, 0, 0, 0, NULL, NULL, NULL, '2025-11-04 11:29:51', '2025-11-04 11:29:51'),
(10, 'MTR71JODF2', 'Kashmir', 'Trek description will be updated soon.', 1, 67, 2, '[22,38]', '5 Days 4 Nights', 5, 4, 14999.00, 17, '', '', '', '[17,1,3,4,2]', '[\"Personal Expenses\",\"Entry tickets\",\"Anything not mentioned in inclusions\"]', 'active', 0.00, NULL, 0, 2, '[23,24,25,26,27]', 1, 0, 0, 0, 0, 0, NULL, NULL, NULL, '2025-11-04 12:00:33', '2025-11-04 12:00:33'),
(11, 'MTR03OSC3U', 'Gokarna', 'Trek description will be updated soon.', 1, 49, 1, '[38,22]', '2 Days 1 Night', 2, 1, 4999.00, 18, '', '', '', '[12,3,1,7]', '[\"Personal Expenses\",\"Activities not mentioned in the inclusions.\"]', 'active', 0.00, NULL, 0, 1, '[28]', 1, 0, 0, 0, 0, 0, NULL, NULL, NULL, '2025-11-04 12:36:51', '2025-11-04 12:36:51'),
(12, 'MTR18TBY5H', 'Manali', 'Trek description will be updated soon.', 1, 46, 1, '[22,38]', '3 Days 2 Nights', 3, 2, 7000.00, 20, 'must carry their essentials ', 'should follow the rules og the company', '', '[1,2,3]', '[\"Personal Expenses\",\"Alcoholic Beverages\",\"Airfare\"]', 'active', 5.00, 'percentage', 1, 1, '[21,4]', 1, 0, 0, 0, 0, 0, NULL, NULL, NULL, '2025-11-05 11:23:36', '2025-11-05 11:23:36'),
(13, 'MTR95LKPAL', 'Araku valley', 'Trek description will be updated soon.', 1, 52, 3, '[58,38]', '3 Days 2 Nights', 3, 2, 5000.00, 10, 'no smoking', '', '', '[1,3,4]', '[\"Personal Expenses\",\"Personal Equipment\",\"Extra Meals\"]', 'active', 2.00, 'percentage', 1, 1, '[21,3,4]', 5, 0, 0, 0, 0, 0, NULL, NULL, NULL, '2025-11-05 11:34:07', '2025-11-05 11:34:07'),
(14, 'MTR38HIPGC', 'Hami', 'Trek description will be updated soon.', 1, 62, 1, '[38]', '3 Days 2 Nights', 3, 2, 9999.00, 15, '', '', '', '[3,5,1]', '[\"Personal Equipment\",\"Alcoholic Beverages\",\"Personal Expenses\"]', 'active', 0.00, NULL, 0, 2, '[21]', 1, 0, 0, 0, 0, 0, NULL, NULL, NULL, '2025-11-05 11:56:55', '2025-11-05 11:56:55'),
(15, 'MTR67EHZ9K', 'Darjeeling', 'Trek description will be updated soon.', 1, 125, 1, '[22,26]', '4 Days 3 Nights', 4, 3, 7000.00, 8, 'no smoking', '', '', '[1,3,4]', '[\"Personal Expenses\",\"Personal Equipment\",\"Extra Meals\"]', 'active', 2.00, 'percentage', 1, 1, '[21,3,4]', 6, 0, 0, 0, 0, 0, NULL, NULL, NULL, '2025-11-05 12:02:04', '2025-11-05 12:02:04'),
(16, 'MTR35AB9M9', 'dandeli', 'Trek description will be updated soon.', 1, 57, 1, '[38]', '3 Days 2 Nights', 3, 2, 6000.00, 15, 'no drinking', '', '', '[1,3,4]', '[\"Personal Expenses\",\"Personal Equipment\",\"Extra Meals\"]', 'active', 0.00, NULL, 0, 1, '[21,3,28]', 3, 0, 0, 0, 0, 0, NULL, NULL, NULL, '2025-11-05 12:12:47', '2025-11-05 12:12:47'),
(17, 'MTR64DDEHN', 'afghanistan', 'Trek description will be updated soon.', 1, 84, 2, '[22]', '2 Days 1 Night', 2, 1, 5000.00, 5, 'dsafsdf', 'gdfgdfgg', '', '[1,5]', '[\"Extra Meals\",\"Personal Expenses\"]', 'active', 500.00, 'fixed', 1, 1, '[27,4,19]', 1, 0, 0, 0, 0, 0, NULL, NULL, NULL, '2025-11-05 12:32:40', '2025-11-05 12:32:40'),
(18, 'MTR78EPOW7', 'Varanasi', 'Trek description will be updated soon.', 1, 86, 1, '[26,22]', '3 Days 2 Nights', 3, 2, 14999.00, 10, 'no drink & smoke', '', '', '[1,3,4]', '[\"Personal Expenses\",\"Airfare\",\"Personal Equipment\",\"Extra Meals\"]', 'active', 5.00, 'percentage', 1, 2, '[3,21,19,4]', 4, 0, 0, 0, 0, 0, NULL, NULL, NULL, '2025-11-06 05:27:14', '2025-11-06 05:27:14'),
(19, 'MTR53NZ046', 'prayagraj', 'Trek description will be updated soon.', 1, 72, 2, '[26]', '2 Days 1 Night', 2, 1, 5000.00, 10, 'no smoking', '', '', '[1,2,3,4]', '[\"Personal Expenses\",\"Personal Equipment\",\"Extra Meals\"]', 'active', 3.00, 'percentage', 1, 1, '[21,3,4]', 4, 0, 0, 0, 0, 0, NULL, NULL, NULL, '2025-11-06 09:32:48', '2025-11-06 09:32:48'),
(20, 'MTR50PCWWK', 'Pondicherry', 'Trek description will be updated soon.', 1, 76, 1, '[22,38]', '3 Days 2 Nights', 3, 2, 7000.00, 22, 'should follow the rules of the company', 'everyone should carry their essentials', '', '[1,2,3]', '[\"Personal Expenses\",\"Personal Equipment\",\"Alcoholic Beverages\"]', 'active', 2.00, 'percentage', 1, 2, '[21,4,19]', 1, 0, 0, 0, 0, 0, NULL, NULL, NULL, '2025-11-06 09:55:02', '2025-11-06 09:55:02'),
(21, 'MTR13IU1BL', 'coorg', 'Trek description will be updated soon.', 1, 56, 2, '[22]', '3 Days 2 Nights', 3, 2, 8000.00, 25, 'should follow the rules of the organisation', 'everyone should carry thei essentials', '', '[1,2,3]', '[\"Alcoholic Beverages\",\"Personal Expenses\",\"Extra Meals\"]', 'active', 100.00, 'fixed', 1, 2, '[21,4,19]', 1, 0, 0, 0, 0, 0, NULL, NULL, NULL, '2025-11-06 10:13:45', '2025-11-06 10:13:45'),
(22, 'MTR12YX3GB', 'Kedarnath', 'Trek description will be updated soon.', 1, 68, 3, '[22]', '4 Days 3 Nights', 4, 3, 9000.00, 25, 'should follow the rules of the company', 'everyone should carry their essentials', '', '[1,2,3]', '[\"Alcoholic Beverages\",\"Personal Equipment\",\"Personal Expenses\"]', 'active', 0.00, NULL, 0, 2, '[21,4]', 1, 0, 0, 0, 0, 0, NULL, NULL, NULL, '2025-11-06 10:36:43', '2025-11-06 10:36:43'),
(23, 'MTR80NT4XU', 'Lambasingi', 'Trek description will be updated soon.', 1, 73, 2, '[18]', '4 Days 3 Nights', 4, 3, 15000.00, 10, 'no smoking,drinking', '', '', '[1,2,3,4]', '[\"Personal Expenses\",\"Personal Equipment\",\"Extra Meals\"]', 'active', 1.99, 'percentage', 1, 2, '[21,3,14,4]', 7, 0, 0, 0, 0, 0, NULL, NULL, NULL, '2025-11-06 11:03:28', '2025-11-06 11:03:28'),
(24, 'MTR494PYZO', 'Mahabalipura', 'Trek description will be updated soon.', 1, 75, 1, '[22,26]', '2 Days 1 Night', 2, 1, 4500.00, 8, 'no drink & smoke', '', '', '[1,2,4]', '[\"Personal Expenses\",\"Personal Equipment\",\"Airfare\",\"Extra Meals\"]', 'active', 0.00, NULL, 0, 1, '[3,4]', 4, 0, 0, 0, 0, 0, NULL, NULL, 'rejected', '2025-11-07 04:59:12', '2025-12-31 07:07:34'),
(25, 'MTR43FYOHZ', 'Kanyakumari', 'Trek description will be updated soon.', 1, 66, 2, '[22,38]', '4 Days 3 Nights', 4, 3, 8000.00, 10, 'follow the guide rules', '', '', '[1,2,3,4]', '[\"Personal Expenses\",\"Personal Equipment\",\"Airfare\",\"Extra Meals\"]', 'active', 0.00, NULL, 0, 2, '[21,3,28,14,19]', 10, 0, 0, 0, 0, 0, NULL, NULL, 'approved', '2025-11-07 05:09:57', '2025-11-07 05:09:57'),
(26, 'MTR00AVUAT', 'Anathagri', 'Trek description will be updated soon.', 1, 51, NULL, '[58]', '2 Days 1 Night', 2, 1, 3000.00, 14, 'follow guide rules', '', '', '[2,1,3,4]', '[\"Extra Meals\",\"Alcoholic Beverages\",\"Personal Equipment\",\"Personal Expenses\"]', 'active', 0.00, NULL, 0, 1, '[21,3]', 9, 0, 0, 0, 0, 0, NULL, NULL, 'approved', '2025-11-07 05:19:33', '2025-11-07 05:19:33'),
(27, 'MTR56YEZIH', 'Alleppey', 'Trek description will be updated soon.', 1, 50, 2, '[22]', '3 Days 2 Nights', 3, 2, 8000.00, 25, 'should follow the rules of the company', 'should follow the rules of the company', '', '[1,3,2]', '[\"Airfare\",\"Personal Equipment\",\"Alcoholic Beverages\"]', 'active', 5.00, 'percentage', 1, 2, '[21,4]', 1, 0, 0, 0, 0, 0, NULL, NULL, 'approved', '2025-11-07 06:01:05', '2025-12-31 07:07:04'),
(28, 'MTR43F98UG', 'Anathagri', 'Trek description will be updated soon.', 1, 85, 2, '[22]', '2 Days 1 Night', 2, 1, 5000.00, 20, 'everyone should follow the rules of the organisation', 'everyone should follow the rules of the organisation', '', '[1,2,3]', '[\"Personal Expenses\",\"Airfare\",\"Alcoholic Beverages\"]', 'active', 0.00, NULL, 0, 2, '[3,4]', 1, 0, 0, 0, 0, 0, NULL, NULL, NULL, '2025-11-07 06:14:53', '2025-11-07 06:14:53'),
(29, 'MTR41DPXOC', 'jaipur', 'Trek description will be updated soon.', 1, 64, 3, '[22]', '3 Days 2 Nights', 3, 2, 7500.00, 8, '', '', '', '[1,2,3,4]', '[\"Personal Expenses\",\"Personal Equipment\",\"Alcoholic Beverages\",\"Extra Meals\"]', 'active', 999.00, 'fixed', 1, 2, '[21,3]', 7, 0, 0, 0, 0, 0, NULL, NULL, NULL, '2025-11-07 06:28:39', '2025-11-07 06:28:39'),
(30, 'MTR77B7CXH', 'Badrinath', 'Trek description will be updated soon.', 1, 53, 3, '[22]', '3 Days 2 Nights', 3, 2, 8000.00, 30, 'everyone should follow the rules of the organisation', 'everyone should follow the rules of the organisation', '', '[1,2,3]', '[\"Personal Equipment\",\"Personal Expenses\",\"Alcoholic Beverages\"]', 'active', 0.00, NULL, 0, 2, '[3,21]', 1, 0, 0, 0, 0, 0, NULL, NULL, NULL, '2025-11-07 06:32:06', '2025-11-07 06:32:06'),
(31, 'MTR03YYGCE', 'Coonoor', 'Trek description will be updated soon.', 1, 55, 2, '[22]', '2 Days 1 Night', 2, 1, 6000.00, 25, 'everyone should follow the rules of the organisation\n', 'everyone should follow the rules of the organisation\n', '', '[1,3,2]', '[\"Alcoholic Beverages\",\"Personal Equipment\",\"Personal Expenses\"]', 'active', 3.00, 'percentage', 1, 2, '[3,21]', 1, 0, 0, 0, 0, 0, NULL, NULL, NULL, '2025-11-07 06:43:12', '2025-11-07 06:43:12'),
(32, 'MTR45829VN', 'Dandeli  Dudhsagar', 'Trek description will be updated soon.', 1, 89, 2, '[22]', '2 Days 1 Night', 2, 1, 5000.00, 25, 'everyone should follow the rules of the organisation\n', 'everyone should follow the rules of the organisation\n', '', '[2,1,3]', '[\"Airfare\",\"Alcoholic Beverages\"]', 'active', 0.00, NULL, 0, 2, '[3,21]', 1, 0, 0, 0, 0, 0, NULL, NULL, NULL, '2025-11-07 06:51:52', '2025-11-07 06:51:52'),
(33, 'MTR10LVEUA', 'kedarnath', 'Trek description will be updated soon.', 1, 2, NULL, '[22]', '3 Days 2 Nights', 3, 2, 14000.00, 10, 'no smoking', '', '', '[2,1,3,4,5]', '[\"Alcoholic Beverages\",\"Extra Meals\",\"Personal Expenses\"]', 'active', 0.00, NULL, 0, 2, '[19,26,3,21]', 2, 0, 0, 0, 0, 0, NULL, NULL, NULL, '2025-11-07 07:12:43', '2025-11-07 07:12:43'),
(34, 'MTR65BWPZ5', 'coorg', 'Trek description will be updated soon.', 1, 87, 1, '[38]', '2 Days 1 Night', 2, 1, 5000.00, 14, '', '', '', '[1,3,2,5,4]', '[\"Personal Expenses\",\"Personal Equipment\",\"Alcoholic Beverages\",\"Extra Meals\"]', 'active', 0.00, NULL, 0, 2, '[21,27,3,23,4]', 5, 0, 0, 0, 0, 0, 'not allowed', 'Customer', 'rejected', '2025-11-07 07:18:21', '2025-11-07 07:18:21'),
(35, 'MTR44WZFVS', 'kerala', 'Trek description will be updated soon.', 1, 99, 1, '[22]', '3 Days 2 Nights', 3, 2, 7000.00, 8, 'no smoking ', '', '', '[1,2,3,4,5]', '[\"Alcoholic Beverages\",\"Personal Equipment\",\"Personal Expenses\",\"Extra Meals\"]', 'active', 0.00, NULL, 0, 2, '[21,3,14,4,19]', 1, 0, 0, 0, 0, 0, NULL, NULL, 'approved', '2025-11-07 07:24:24', '2025-12-31 07:10:41'),
(36, 'MTR82OX4UP', 'kashmir', 'Trek description will be updated soon.', 1, 65, 3, '[38]', '5 Days 4 Nights', 5, 4, 14999.00, 20, '', '', '', '[1,2,3,4,5]', '[\"Personal Expenses\",\"Airfare\",\"Personal Equipment\",\"Extra Meals\"]', 'active', 4.00, 'percentage', 1, 2, '[3,21,4]', 6, 0, 0, 0, 0, 0, NULL, NULL, 'pending', '2025-11-07 08:45:15', '2026-01-05 10:03:27'),
(37, 'MTR38XZNVK', 'Goa', 'Trek description will be updated soon.', 1, 61, 1, '[22]', '3 Days 2 Nights', 3, 2, 8000.00, 20, 'everyone should follow the rules of the organisation\n', 'everyone should follow the rules of the organisation\n', '', '[1,2,3]', '[\"Alcoholic Beverages\",\"Airfare\"]', 'active', 0.00, NULL, 0, 2, '[3,21,19]', 1, 0, 0, 0, 0, 0, NULL, NULL, NULL, '2025-11-07 08:45:20', '2025-11-07 08:45:20'),
(38, 'MTR817HYUK', 'hampi', 'Trek description will be updated soon.', 1, 62, 2, '[22]', '2 Days 1 Night', 2, 1, 6599.96, 22, 'everyone should follow the rules of the organisation', 'everyone should follow the rules of the organisation', '', '[1,2,3]', '[\"Alcoholic Beverages\",\"Personal Expenses\"]', 'active', 0.00, NULL, 0, 1, '[21,3]', 1, 0, 0, 0, 0, 0, NULL, NULL, NULL, '2025-11-07 08:53:42', '2025-11-07 08:53:42'),
(39, 'MTR43VAWHX', 'Gangtok', 'Trek description will be updated soon.', 1, 60, 1, '[22,38]', '4 Days 3 Nights', 4, 3, 9999.00, 10, 'no smoke and drink\nfollow guide rules', '', '', '[1,2,3,4,5]', '[\"Personal Expenses\",\"Alcoholic Beverages\",\"Personal Equipment\",\"Extra Meals\"]', 'active', 0.00, NULL, 0, 2, '[21,3,23,28,4]', 5, 0, 0, 0, 0, 0, NULL, NULL, NULL, '2025-11-07 08:55:29', '2025-11-07 08:55:29'),
(40, 'MTR97V371V', 'Kodaikanal', 'Trek description will be updated soon.', 1, 71, 3, '[22]', '3 Days 2 Nights', 3, 2, 9000.00, 25, 'everyone should follow the rules of the organisation\n', 'everyone should follow the rules of the organisation\n', '', '[1,2,3]', '[\"Personal Equipment\",\"Alcoholic Beverages\"]', 'active', 0.00, NULL, 0, 2, '[21,3]', 1, 0, 0, 0, 0, 0, NULL, NULL, NULL, '2025-11-07 09:02:30', '2025-11-07 09:02:30'),
(41, 'MTR86JGZ8J', 'kashmir', 'Trek description will be updated soon.', 1, 97, 3, '[22]', '6 Days 5 Nights', 6, 5, 20000.00, 18, 'no drink and smoke', '', '', '[1,2,3,4,5]', '[\"Personal Equipment\",\"Alcoholic Beverages\",\"Extra Meals\",\"Personal Expenses\"]', 'active', 5.00, 'percentage', 1, 2, '[27,21,3,4,19]', 6, 0, 0, 0, 0, 0, NULL, NULL, NULL, '2025-11-07 09:09:08', '2025-11-07 09:09:08'),
(42, 'MTR13L6H31', 'Leh Ladakh', 'Trek description will be updated soon.', 1, 47, 2, '[22]', '3 Days 2 Nights', 3, 2, 10000.00, 26, 'everyone should follow the rules of the organisation\n', 'everyone should follow the rules of the organisation\n', '', '[1,2,3]', '[\"Alcoholic Beverages\",\"Airfare\"]', 'active', 0.00, NULL, 0, 2, '[27,3]', 1, 0, 0, 0, 0, 0, NULL, NULL, NULL, '2025-11-07 09:11:31', '2025-11-07 09:11:31'),
(43, 'MTR91PA7B9', 'Ananthagri', 'Trek description will be updated soon.', 1, 51, 1, '[38,22]', '4 Days 3 Nights', 4, 3, 6999.00, 12, 'no smoke and drink\nfollow the guide rules', '', '', '[1,2,3,4,5]', '[\"Personal Expenses\",\"Extra Meals\",\"Alcoholic Beverages\"]', 'active', 3.00, 'percentage', 1, 2, '[21,3,14,4,19]', 2, 0, 0, 0, 0, 0, NULL, NULL, NULL, '2025-11-07 09:23:07', '2025-11-07 09:23:07'),
(44, 'MTR16E4PSI', 'Coonoor', 'Trek description will be updated soon.', 1, 110, 1, '[22]', '2 Days 1 Night', 2, 1, 5000.00, 10, '', '', '', '[1,2,3,5,4]', '[\"Personal Expenses\",\"Personal Equipment\",\"Alcoholic Beverages\",\"Extra Meals\"]', 'active', 0.00, NULL, 0, 2, '[3,23,4,19]', 1, 0, 0, 0, 0, 0, NULL, NULL, NULL, '2025-11-08 05:12:30', '2025-11-08 05:12:30'),
(45, 'MTR84GOD0D', 'GOA', 'Trek description will be updated soon.', 1, 91, 1, '[22,4,67]', '2 Days 1 Night', 2, 1, 2000.00, 15, 'felxk man', 'testt', '', '[1,2,3,4]', '[\"Personal Expenses\",\"Airfare\",\"Personal Equipment\",\"Alcoholic Beverages\"]', 'active', 200.00, 'fixed', 1, 1, '[27,21,3,23]', 1, 0, 0, 0, 0, 0, NULL, NULL, 'approved', '2026-01-02 07:23:14', '2026-01-05 07:34:57'),
(46, 'MTR86IWHQL', 'Jammu Kashmir', 'Trek description will be updated soon.', 1, 49, 2, '[22,26]', '5 Days 4 Nights', 5, 4, 3000.00, 20, 'testtttt', '', '', '[1,2,3,4]', '[\"Personal Expenses\",\"Airfare\",\"Personal Equipment\",\"Alcoholic Beverages\"]', 'active', 500.00, 'fixed', 1, 1, '[27,21,3,23]', 1, 0, 0, 0, 0, 0, NULL, NULL, 'approved', '2026-01-02 09:04:07', '2026-01-05 11:28:14'),
(47, 'MTR78WTKMW', 'Mumbai crocks', 'Trek description will be updated soon.', 1, 49, 1, '[22,3]', '4 Days 3 Nights', 4, 3, 3000.00, 28, 'test', '', '', '[1,3,2]', '[\"Personal Expenses\",\"Airfare\",\"Personal Equipment\"]', 'active', 499.99, 'fixed', 1, 1, '[27,21,3]', 1, 0, 0, 0, 0, 0, NULL, NULL, 'rejected', '2026-01-02 09:26:41', '2026-01-05 07:35:55');

-- --------------------------------------------------------

--
-- Table structure for table `trek_audit_logs`
--

CREATE TABLE `trek_audit_logs` (
  `id` int NOT NULL,
  `vendor_id` int DEFAULT NULL,
  `trek_id` int NOT NULL,
  `current_status` varchar(255) NOT NULL,
  `target_entity` varchar(255) NOT NULL,
  `details` text,
  `created_at` timestamp NOT NULL DEFAULT CURRENT_TIMESTAMP,
  `updated_at` timestamp NOT NULL DEFAULT CURRENT_TIMESTAMP ON UPDATE CURRENT_TIMESTAMP
) ENGINE=InnoDB DEFAULT CHARSET=utf8mb4 COLLATE=utf8mb4_unicode_ci;

--
-- Dumping data for table `trek_audit_logs`
--

INSERT INTO `trek_audit_logs` (`id`, `vendor_id`, `trek_id`, `current_status`, `target_entity`, `details`, `created_at`, `updated_at`) VALUES
(1, 1, 36, 'rejected', 'TREK', 'Trek status changed from rejected to rejected. Reason: Documents are incomplete', '2026-01-05 10:06:21', '2026-01-05 10:06:21'),
(2, 1, 36, 'rejected', 'kashmir-MTR82OX4UP', 'Trek status changed from rejected to rejected. Reason: Documents are incomplete', '2026-01-05 10:46:17', '2026-01-05 10:46:17'),
(3, 1, 46, 'approved', 'Jammu Kashmir-MTR86IWHQL', 'Trek status changed from pending to approved', '2026-01-05 11:28:14', '2026-01-05 11:28:14'),
(4, 1, 47, 'rejected', 'Mumbai crocks-MTR78WTKMW', 'Trek status changed from rejected to rejected. Reason: Pricing mismatch with market rates', '2026-01-05 11:28:31', '2026-01-05 11:28:31');

-- --------------------------------------------------------

--
-- Table structure for table `trek_captains`
--

CREATE TABLE `trek_captains` (
  `id` int NOT NULL,
  `name` varchar(255) NOT NULL,
  `email` varchar(255) NOT NULL,
  `phone` varchar(20) NOT NULL,
  `vendor_id` int NOT NULL,
  `status` enum('active','inactive') DEFAULT 'active',
  `created_at` datetime NOT NULL,
  `updated_at` datetime NOT NULL
) ENGINE=InnoDB DEFAULT CHARSET=utf8mb3;

--
-- Dumping data for table `trek_captains`
--

INSERT INTO `trek_captains` (`id`, `name`, `email`, `phone`, `vendor_id`, `status`, `created_at`, `updated_at`) VALUES
(1, 'Rajesh Kumar', 'rajesh.kumar@example.com', '+91-9876543210', 1, 'active', '2025-11-01 07:14:28', '2025-11-01 07:14:28'),
(2, 'Anita Patel', 'anita.patel@example.com', '+91-9876543212', 1, 'active', '2025-11-01 07:14:28', '2025-11-01 07:14:28'),
(3, 'Suresh Singh', 'suresh.singh@example.com', '+91-9876543214', 1, 'active', '2025-11-01 07:14:28', '2025-11-01 07:14:28');

-- --------------------------------------------------------

--
-- Table structure for table `trek_images`
--

CREATE TABLE `trek_images` (
  `id` int NOT NULL,
  `trek_id` int NOT NULL,
  `url` varchar(255) NOT NULL,
  `is_cover` tinyint(1) NOT NULL DEFAULT '0' COMMENT 'Whether this image is the cover image for the trek',
  `created_at` datetime NOT NULL,
  `updated_at` datetime NOT NULL
) ENGINE=InnoDB DEFAULT CHARSET=utf8mb3;

--
-- Dumping data for table `trek_images`
--

INSERT INTO `trek_images` (`id`, `trek_id`, `url`, `is_cover`, `created_at`, `updated_at`) VALUES
(1, 1, 'trek-images/vendor_1/trek_1_1761990509186_c536c08a9293f6b0.jpeg', 1, '2025-11-01 09:48:29', '2025-11-01 09:48:29'),
(2, 2, 'trek-images/vendor_1/trek_1_1761990544046_47ac86c99695c2dd.webp', 1, '2025-11-01 09:49:04', '2025-11-01 09:49:04'),
(3, 3, 'trek-images/vendor_1/trek_1_1761993286072_0757d8b8064b226c.jpg', 1, '2025-11-01 10:34:46', '2025-11-01 10:34:46'),
(4, 4, 'trek-images/vendor_1/trek_1_1761994187325_84def0db2626f13f.png', 1, '2025-11-01 10:49:47', '2025-11-01 10:49:47'),
(5, 5, 'trek-images/vendor_1/trek_1_1762001418744_dea846632453c17a.jpg', 1, '2025-11-01 12:50:18', '2025-11-01 12:50:18'),
(6, 5, 'trek-images/vendor_1/trek_1_1762001418744_1d0355eea699a584.png', 0, '2025-11-01 12:50:18', '2025-11-01 12:50:18'),
(7, 6, 'trek-images/vendor_1/trek_1_1762162513535_a9c74df8c52e98f1.jpg', 1, '2025-11-03 09:35:13', '2025-11-03 09:35:13'),
(8, 6, 'trek-images/vendor_1/trek_1_1762162513536_758450394dba5f79.jpg', 0, '2025-11-03 09:35:13', '2025-11-03 09:35:13'),
(9, 7, 'trek-images/vendor_1/trek_1_1762236328386_c1c6cb2f84df8294.jpg', 1, '2025-11-04 06:05:28', '2025-11-04 06:05:28'),
(10, 7, 'trek-images/vendor_1/trek_1_1762236328387_64b9d48b012f3244.jpg', 0, '2025-11-04 06:05:28', '2025-11-04 06:05:28'),
(11, 8, 'trek-images/vendor_1/trek_1_1762251268904_e070f55d3b262477.jpg', 1, '2025-11-04 10:14:28', '2025-11-04 10:14:28'),
(12, 8, 'trek-images/vendor_1/trek_1_1762251268905_9038f5d32dd6bdf4.jpg', 0, '2025-11-04 10:14:28', '2025-11-04 10:14:28'),
(13, 9, 'trek-images/vendor_1/trek_1_1762255791795_fb90a073233ef891.jpg', 1, '2025-11-04 11:29:51', '2025-11-04 11:29:51'),
(14, 9, 'trek-images/vendor_1/trek_1_1762255791795_407a88e13be68b04.jpg', 0, '2025-11-04 11:29:51', '2025-11-04 11:29:51'),
(15, 10, 'trek-images/vendor_1/trek_1_1762257633758_7bbd77b6802e5269.jpg', 1, '2025-11-04 12:00:33', '2025-11-04 12:00:33'),
(16, 10, 'trek-images/vendor_1/trek_1_1762257633758_f412fd2057f6effd.jpg', 0, '2025-11-04 12:00:33', '2025-11-04 12:00:33'),
(17, 10, 'trek-images/vendor_1/trek_1_1762257633758_fc2fcf6e25ff11b2.jpg', 0, '2025-11-04 12:00:33', '2025-11-04 12:00:33'),
(18, 11, 'trek-images/vendor_1/trek_1_1762259811084_565cf725201aa627.jpg', 1, '2025-11-04 12:36:51', '2025-11-04 12:36:51'),
(19, 11, 'trek-images/vendor_1/trek_1_1762259811085_bad1f63d9d457d58.jpg', 0, '2025-11-04 12:36:51', '2025-11-04 12:36:51'),
(20, 11, 'trek-images/vendor_1/trek_1_1762259811085_f4635c3af1b9c823.jpg', 0, '2025-11-04 12:36:51', '2025-11-04 12:36:51'),
(21, 12, 'trek-images/vendor_1/trek_1_1762341816303_7252a625b2f09be7.jpg', 1, '2025-11-05 11:23:36', '2025-11-05 11:23:36'),
(22, 13, 'trek-images/vendor_1/trek_1_1762342447587_52d01b2a6b84d9e2.webp', 1, '2025-11-05 11:34:07', '2025-11-05 11:34:07'),
(23, 14, 'trek-images/vendor_1/trek_1_1762343815627_3086a4854e711b4b.jpg', 1, '2025-11-05 11:56:55', '2025-11-05 11:56:55'),
(24, 14, 'trek-images/vendor_1/trek_1_1762343815627_6a4fa937db0a062f.jpg', 0, '2025-11-05 11:56:55', '2025-11-05 11:56:55'),
(25, 15, 'trek-images/vendor_1/trek_1_1762344124642_eb114de1b44ae478.webp', 1, '2025-11-05 12:02:04', '2025-11-05 12:02:04'),
(26, 16, 'trek-images/vendor_1/trek_1_1762344767325_72ee132ea396981b.webp', 1, '2025-11-05 12:12:47', '2025-11-05 12:12:47'),
(27, 17, 'trek-images/vendor_1/trek_1_1762345960047_6c8543e0ea299dea.jpg', 1, '2025-11-05 12:32:40', '2025-11-05 12:32:40'),
(28, 17, 'trek-images/vendor_1/trek_1_1762345960048_74d95ecaf89ecbb9.png', 0, '2025-11-05 12:32:40', '2025-11-05 12:32:40'),
(29, 18, 'trek-images/vendor_1/trek_1_1762406834760_ef285b559f932523.webp', 1, '2025-11-06 05:27:14', '2025-11-06 05:27:14'),
(30, 19, 'trek-images/vendor_1/trek_1_1762421568742_1a041395eaf37b68.jpg', 1, '2025-11-06 09:32:48', '2025-11-06 09:32:48'),
(31, 20, 'trek-images/vendor_1/trek_1_1762422902018_49f4380299ac26fa.jfif', 1, '2025-11-06 09:55:02', '2025-11-06 09:55:02'),
(32, 21, 'trek-images/vendor_1/trek_1_1762424025600_593555954e55159e.jfif', 1, '2025-11-06 10:13:45', '2025-11-06 10:13:45'),
(33, 22, 'trek-images/vendor_1/trek_1_1762425403601_997ac3db5e10d5ca.jfif', 1, '2025-11-06 10:36:43', '2025-11-06 10:36:43'),
(34, 23, 'trek-images/vendor_1/trek_1_1762427008358_b0ba602a590c6a6b.webp', 1, '2025-11-06 11:03:28', '2025-11-06 11:03:28'),
(35, 24, 'trek-images/vendor_1/trek_1_1762491552216_583eebd4b1dcf429.jpg', 1, '2025-11-07 04:59:12', '2025-11-07 04:59:12'),
(36, 25, 'trek-images/vendor_1/trek_1_1762492197632_40bd85b895dd337b.jpg', 1, '2025-11-07 05:09:57', '2025-11-07 05:09:57'),
(37, 26, 'trek-images/vendor_1/trek_1_1762492773090_b4a503921b5c70ad.webp', 1, '2025-11-07 05:19:33', '2025-11-07 05:19:33'),
(38, 27, 'trek-images/vendor_1/trek_1_1762495265438_3ba054f0d657638a.jfif', 1, '2025-11-07 06:01:05', '2025-11-07 06:01:05'),
(39, 28, 'trek-images/vendor_1/trek_1_1762496093133_91742d4090cd2c6e.jfif', 1, '2025-11-07 06:14:53', '2025-11-07 06:14:53'),
(40, 29, 'trek-images/vendor_1/trek_1_1762496919231_fb44522f8b27252e.jpg', 1, '2025-11-07 06:28:39', '2025-11-07 06:28:39'),
(41, 30, 'trek-images/vendor_1/trek_1_1762497126663_90c4fc259f0ecb5d.jfif', 1, '2025-11-07 06:32:06', '2025-11-07 06:32:06'),
(42, 31, 'trek-images/vendor_1/trek_1_1762497792590_1b451ae4de087109.jfif', 1, '2025-11-07 06:43:12', '2025-11-07 06:43:12'),
(43, 32, 'trek-images/vendor_1/trek_1_1762498312437_4d5b9e04dc4ff25c.jfif', 1, '2025-11-07 06:51:52', '2025-11-07 06:51:52'),
(44, 33, 'trek-images/vendor_1/trek_1_1762499563005_dd17251f6e4a8ff1.webp', 1, '2025-11-07 07:12:43', '2025-11-07 07:12:43'),
(45, 34, 'trek-images/vendor_1/trek_1_1762499901059_fb0113950583a4b5.webp', 1, '2025-11-07 07:18:21', '2025-11-07 07:18:21'),
(46, 35, 'trek-images/vendor_1/trek_1_1762500264537_c298390ddbbd0fb8.webp', 1, '2025-11-07 07:24:24', '2025-11-07 07:24:24'),
(47, 36, 'trek-images/vendor_1/trek_1_1762505115271_05695bfd25db53a0.webp', 1, '2025-11-07 08:45:15', '2025-11-07 08:45:15'),
(48, 37, 'trek-images/vendor_1/trek_1_1762505120222_a0c80bc72a47e0db.jfif', 1, '2025-11-07 08:45:20', '2025-11-07 08:45:20'),
(49, 38, 'trek-images/vendor_1/trek_1_1762505622272_c57ae04eaa4083c2.jfif', 1, '2025-11-07 08:53:42', '2025-11-07 08:53:42'),
(50, 38, 'trek-images/vendor_1/trek_1_1762505622272_589883a614a589fa.jfif', 0, '2025-11-07 08:53:42', '2025-11-07 08:53:42'),
(51, 39, 'trek-images/vendor_1/trek_1_1762505729829_b745978ce3d1c9ff.webp', 1, '2025-11-07 08:55:29', '2025-11-07 08:55:29'),
(52, 40, 'trek-images/vendor_1/trek_1_1762506150189_a503c4e5b52ff2bf.jfif', 1, '2025-11-07 09:02:30', '2025-11-07 09:02:30'),
(53, 41, 'trek-images/vendor_1/trek_1_1762506548675_c1d895ad72ac46c9.webp', 1, '2025-11-07 09:09:08', '2025-11-07 09:09:08'),
(54, 42, 'trek-images/vendor_1/trek_1_1762506691002_faab9e3c5adc09e4.jfif', 1, '2025-11-07 09:11:31', '2025-11-07 09:11:31'),
(55, 43, 'trek-images/vendor_1/trek_1_1762507387482_82057f6b613455cb.webp', 1, '2025-11-07 09:23:07', '2025-11-07 09:23:07'),
(56, 44, 'trek-images/vendor_1/trek_1_1762578750607_2f279ad31f3d54f2.webp', 1, '2025-11-08 05:12:30', '2025-11-08 05:12:30'),
(57, 45, 'trek-images/vendor_1/trek_1_1767338594345_b81d4118910ed2f3.jfif', 1, '2026-01-02 07:23:14', '2026-01-02 07:23:14'),
(58, 45, 'trek-images/vendor_1/trek_1_1767338594359_66130a4d65ad8219.jfif', 0, '2026-01-02 07:23:14', '2026-01-02 07:23:14'),
(59, 46, 'trek-images/vendor_1/trek_1_1767344647608_964f3452de69ca06.jfif', 1, '2026-01-02 09:04:07', '2026-01-02 09:04:07'),
(60, 46, 'trek-images/vendor_1/trek_1_1767344647635_3bc42d0413cfa576.jfif', 0, '2026-01-02 09:04:07', '2026-01-02 09:04:07'),
(61, 47, 'trek-images/vendor_1/trek_1_1767346001807_6dbfc16982a13d38.jfif', 1, '2026-01-02 09:26:41', '2026-01-02 09:26:41'),
(62, 47, 'trek-images/vendor_1/trek_1_1767346001847_6e9fec9439a542b7.jfif', 0, '2026-01-02 09:26:41', '2026-01-02 09:26:41');

-- --------------------------------------------------------

--
-- Table structure for table `trek_stages`
--

CREATE TABLE `trek_stages` (
  `id` int NOT NULL,
  `trek_id` int NOT NULL,
  `batch_id` int NOT NULL COMMENT 'Reference to the specific batch for this stage',
  `stage_name` varchar(255) NOT NULL COMMENT 'Name of the trek stage',
  `destination` varchar(255) DEFAULT NULL COMMENT 'Destination or location for this trek stage',
  `means_of_transport` varchar(255) DEFAULT NULL COMMENT 'Means of transport for this trek stage (e.g., walking, bus, train, flight, etc.)',
  `date_time` varchar(255) DEFAULT NULL COMMENT 'Full date and time for the stage (e.g., ''2024-08-26 10:30 AM'')',
  `is_boarding_point` tinyint(1) NOT NULL DEFAULT '0' COMMENT 'Indicates if this stage is a boarding point',
  `city_id` int DEFAULT NULL COMMENT 'Reference to the city for boarding point stages',
  `created_at` datetime NOT NULL,
  `updated_at` datetime NOT NULL
) ENGINE=InnoDB DEFAULT CHARSET=utf8mb3;

--
-- Dumping data for table `trek_stages`
--

INSERT INTO `trek_stages` (`id`, `trek_id`, `batch_id`, `stage_name`, `destination`, `means_of_transport`, `date_time`, `is_boarding_point`, `city_id`, `created_at`, `updated_at`) VALUES
(1, 1, 1, 'boarding', 'kempegowda railwaystation', 'train', '2025-11-04 06:00 AM', 1, 22, '2025-11-01 09:48:29', '2025-11-01 09:48:29'),
(2, 1, 1, 'meeting', 'madhyapradesh', 'train', '2025-11-05 06:00 AM', 0, NULL, '2025-11-01 09:48:29', '2025-11-01 09:48:29'),
(3, 1, 1, 'return', 'Home Location', 'train', '2025-11-09 10:00 AM', 0, NULL, '2025-11-01 09:48:29', '2025-11-01 09:48:29'),
(4, 1, 2, 'boarding', 'kempegowda railwaystation', 'train', '2025-11-05 06:00 AM', 1, 22, '2025-11-01 09:48:29', '2025-11-01 09:48:29'),
(5, 1, 2, 'meeting', 'madhyapradesh', 'train', '2025-11-06 06:00 AM', 0, NULL, '2025-11-01 09:48:29', '2025-11-01 09:48:29'),
(6, 1, 2, 'return', 'Home Location', 'train', '2025-11-10 10:00 AM', 0, NULL, '2025-11-01 09:48:29', '2025-11-01 09:48:29'),
(7, 1, 3, 'boarding', 'kempegowda railwaystation', 'train', '2025-11-06 06:00 AM', 1, 22, '2025-11-01 09:48:29', '2025-11-01 09:48:29'),
(8, 1, 3, 'meeting', 'madhyapradesh', 'train', '2025-11-07 06:00 AM', 0, NULL, '2025-11-01 09:48:29', '2025-11-01 09:48:29'),
(9, 1, 3, 'return', 'Home Location', 'train', '2025-11-11 10:00 AM', 0, NULL, '2025-11-01 09:48:29', '2025-11-01 09:48:29'),
(10, 1, 4, 'boarding', 'kempegowda railwaystation', 'train', '2025-11-07 06:00 AM', 1, 22, '2025-11-01 09:48:29', '2025-11-01 09:48:29'),
(11, 1, 4, 'meeting', 'madhyapradesh', 'train', '2025-11-08 06:00 AM', 0, NULL, '2025-11-01 09:48:29', '2025-11-01 09:48:29'),
(12, 1, 4, 'return', 'Home Location', 'train', '2025-11-12 10:00 AM', 0, NULL, '2025-11-01 09:48:29', '2025-11-01 09:48:29'),
(13, 1, 5, 'boarding', 'kempegowda railwaystation', 'train', '2025-11-08 06:00 AM', 1, 22, '2025-11-01 09:48:29', '2025-11-01 09:48:29'),
(14, 1, 5, 'meeting', 'madhyapradesh', 'train', '2025-11-09 06:00 AM', 0, NULL, '2025-11-01 09:48:29', '2025-11-01 09:48:29'),
(15, 1, 5, 'return', 'Home Location', 'train', '2025-11-13 10:00 AM', 0, NULL, '2025-11-01 09:48:29', '2025-11-01 09:48:29'),
(16, 1, 6, 'boarding', 'kempegowda railwaystation', 'train', '2025-11-11 06:00 AM', 1, 22, '2025-11-01 09:48:29', '2025-11-01 09:48:29'),
(17, 1, 6, 'meeting', 'madhyapradesh', 'train', '2025-11-12 06:00 AM', 0, NULL, '2025-11-01 09:48:29', '2025-11-01 09:48:29'),
(18, 1, 6, 'return', 'Home Location', 'train', '2025-11-16 10:00 AM', 0, NULL, '2025-11-01 09:48:29', '2025-11-01 09:48:29'),
(19, 1, 7, 'boarding', 'kempegowda railwaystation', 'train', '2025-11-12 06:00 AM', 1, 22, '2025-11-01 09:48:29', '2025-11-01 09:48:29'),
(20, 1, 7, 'meeting', 'madhyapradesh', 'train', '2025-11-13 06:00 AM', 0, NULL, '2025-11-01 09:48:29', '2025-11-01 09:48:29'),
(21, 1, 7, 'return', 'Home Location', 'train', '2025-11-17 10:00 AM', 0, NULL, '2025-11-01 09:48:29', '2025-11-01 09:48:29'),
(22, 1, 8, 'boarding', 'kempegowda railwaystation', 'train', '2025-11-13 06:00 AM', 1, 22, '2025-11-01 09:48:29', '2025-11-01 09:48:29'),
(23, 1, 8, 'meeting', 'madhyapradesh', 'train', '2025-11-14 06:00 AM', 0, NULL, '2025-11-01 09:48:29', '2025-11-01 09:48:29'),
(24, 1, 8, 'return', 'Home Location', 'train', '2025-11-18 10:00 AM', 0, NULL, '2025-11-01 09:48:29', '2025-11-01 09:48:29'),
(25, 1, 9, 'boarding', 'kempegowda railwaystation', 'train', '2025-11-14 06:00 AM', 1, 22, '2025-11-01 09:48:29', '2025-11-01 09:48:29'),
(26, 1, 9, 'meeting', 'madhyapradesh', 'train', '2025-11-15 06:00 AM', 0, NULL, '2025-11-01 09:48:29', '2025-11-01 09:48:29'),
(27, 1, 9, 'return', 'Home Location', 'train', '2025-11-19 10:00 AM', 0, NULL, '2025-11-01 09:48:29', '2025-11-01 09:48:29'),
(28, 1, 10, 'boarding', 'kempegowda railwaystation', 'train', '2025-11-15 06:00 AM', 1, 22, '2025-11-01 09:48:29', '2025-11-01 09:48:29'),
(29, 1, 10, 'meeting', 'madhyapradesh', 'train', '2025-11-16 06:00 AM', 0, NULL, '2025-11-01 09:48:29', '2025-11-01 09:48:29'),
(30, 1, 10, 'return', 'Home Location', 'train', '2025-11-20 10:00 AM', 0, NULL, '2025-11-01 09:48:29', '2025-11-01 09:48:29'),
(31, 1, 11, 'boarding', 'kempegowda railwaystation', 'train', '2025-11-18 06:00 AM', 1, 22, '2025-11-01 09:48:29', '2025-11-01 09:48:29'),
(32, 1, 11, 'meeting', 'madhyapradesh', 'train', '2025-11-19 06:00 AM', 0, NULL, '2025-11-01 09:48:29', '2025-11-01 09:48:29'),
(33, 1, 11, 'return', 'Home Location', 'train', '2025-11-23 10:00 AM', 0, NULL, '2025-11-01 09:48:29', '2025-11-01 09:48:29'),
(34, 1, 12, 'boarding', 'kempegowda railwaystation', 'train', '2025-11-19 06:00 AM', 1, 22, '2025-11-01 09:48:29', '2025-11-01 09:48:29'),
(35, 1, 12, 'meeting', 'madhyapradesh', 'train', '2025-11-20 06:00 AM', 0, NULL, '2025-11-01 09:48:29', '2025-11-01 09:48:29'),
(36, 1, 12, 'return', 'Home Location', 'train', '2025-11-24 10:00 AM', 0, NULL, '2025-11-01 09:48:29', '2025-11-01 09:48:29'),
(37, 1, 13, 'boarding', 'kempegowda railwaystation', 'train', '2025-11-20 06:00 AM', 1, 22, '2025-11-01 09:48:29', '2025-11-01 09:48:29'),
(38, 1, 13, 'meeting', 'madhyapradesh', 'train', '2025-11-21 06:00 AM', 0, NULL, '2025-11-01 09:48:29', '2025-11-01 09:48:29'),
(39, 1, 13, 'return', 'Home Location', 'train', '2025-11-25 10:00 AM', 0, NULL, '2025-11-01 09:48:29', '2025-11-01 09:48:29'),
(40, 1, 14, 'boarding', 'kempegowda railwaystation', 'train', '2025-11-21 06:00 AM', 1, 22, '2025-11-01 09:48:29', '2025-11-01 09:48:29'),
(41, 1, 14, 'meeting', 'madhyapradesh', 'train', '2025-11-22 06:00 AM', 0, NULL, '2025-11-01 09:48:29', '2025-11-01 09:48:29'),
(42, 1, 14, 'return', 'Home Location', 'train', '2025-11-26 10:00 AM', 0, NULL, '2025-11-01 09:48:29', '2025-11-01 09:48:29'),
(43, 1, 15, 'boarding', 'kempegowda railwaystation', 'train', '2025-11-22 06:00 AM', 1, 22, '2025-11-01 09:48:29', '2025-11-01 09:48:29'),
(44, 1, 15, 'meeting', 'madhyapradesh', 'train', '2025-11-23 06:00 AM', 0, NULL, '2025-11-01 09:48:29', '2025-11-01 09:48:29'),
(45, 1, 15, 'return', 'Home Location', 'train', '2025-11-27 10:00 AM', 0, NULL, '2025-11-01 09:48:29', '2025-11-01 09:48:29'),
(46, 1, 16, 'boarding', 'kempegowda railwaystation', 'train', '2025-11-25 06:00 AM', 1, 22, '2025-11-01 09:48:29', '2025-11-01 09:48:29'),
(47, 1, 16, 'meeting', 'madhyapradesh', 'train', '2025-11-26 06:00 AM', 0, NULL, '2025-11-01 09:48:29', '2025-11-01 09:48:29'),
(48, 1, 16, 'return', 'Home Location', 'train', '2025-11-30 10:00 AM', 0, NULL, '2025-11-01 09:48:29', '2025-11-01 09:48:29'),
(49, 1, 17, 'boarding', 'kempegowda railwaystation', 'train', '2025-11-26 06:00 AM', 1, 22, '2025-11-01 09:48:29', '2025-11-01 09:48:29'),
(50, 1, 17, 'meeting', 'madhyapradesh', 'train', '2025-11-27 06:00 AM', 0, NULL, '2025-11-01 09:48:29', '2025-11-01 09:48:29'),
(51, 1, 17, 'return', 'Home Location', 'train', '2025-12-01 10:00 AM', 0, NULL, '2025-11-01 09:48:29', '2025-11-01 09:48:29'),
(52, 1, 18, 'boarding', 'kempegowda railwaystation', 'train', '2025-11-27 06:00 AM', 1, 22, '2025-11-01 09:48:29', '2025-11-01 09:48:29'),
(53, 1, 18, 'meeting', 'madhyapradesh', 'train', '2025-11-28 06:00 AM', 0, NULL, '2025-11-01 09:48:29', '2025-11-01 09:48:29'),
(54, 1, 18, 'return', 'Home Location', 'train', '2025-12-02 10:00 AM', 0, NULL, '2025-11-01 09:48:29', '2025-11-01 09:48:29'),
(55, 1, 19, 'boarding', 'kempegowda railwaystation', 'train', '2025-11-28 06:00 AM', 1, 22, '2025-11-01 09:48:29', '2025-11-01 09:48:29'),
(56, 1, 19, 'meeting', 'madhyapradesh', 'train', '2025-11-29 06:00 AM', 0, NULL, '2025-11-01 09:48:29', '2025-11-01 09:48:29'),
(57, 1, 19, 'return', 'Home Location', 'train', '2025-12-03 10:00 AM', 0, NULL, '2025-11-01 09:48:29', '2025-11-01 09:48:29'),
(58, 1, 20, 'boarding', 'kempegowda railwaystation', 'train', '2025-11-29 06:00 AM', 1, 22, '2025-11-01 09:48:29', '2025-11-01 09:48:29'),
(59, 1, 20, 'meeting', 'madhyapradesh', 'train', '2025-11-30 06:00 AM', 0, NULL, '2025-11-01 09:48:29', '2025-11-01 09:48:29'),
(60, 1, 20, 'return', 'Home Location', 'train', '2025-12-04 10:00 AM', 0, NULL, '2025-11-01 09:48:29', '2025-11-01 09:48:29'),
(61, 2, 21, 'boarding', 'kempegowda railwaystation', 'train', '2025-11-02 08:00 AM', 1, 22, '2025-11-01 09:49:04', '2025-11-01 09:49:04'),
(62, 2, 21, 'meeting', 'kerala', 'bus', '2025-11-03 09:03 AM', 0, NULL, '2025-11-01 09:49:04', '2025-11-01 09:49:04'),
(63, 2, 21, 'return', 'Home Location', 'train', '2025-11-07 09:06 AM', 0, NULL, '2025-11-01 09:49:04', '2025-11-01 09:49:04'),
(64, 2, 22, 'boarding', 'kempegowda railwaystation', 'train', '2025-11-04 08:00 AM', 1, 22, '2025-11-01 09:49:04', '2025-11-01 09:49:04'),
(65, 2, 22, 'meeting', 'kerala', 'bus', '2025-11-05 09:03 AM', 0, NULL, '2025-11-01 09:49:04', '2025-11-01 09:49:04'),
(66, 2, 22, 'return', 'Home Location', 'train', '2025-11-09 09:06 AM', 0, NULL, '2025-11-01 09:49:04', '2025-11-01 09:49:04'),
(67, 2, 23, 'boarding', 'kempegowda railwaystation', 'train', '2025-11-06 08:00 AM', 1, 22, '2025-11-01 09:49:04', '2025-11-01 09:49:04'),
(68, 2, 23, 'meeting', 'kerala', 'bus', '2025-11-07 09:03 AM', 0, NULL, '2025-11-01 09:49:04', '2025-11-01 09:49:04'),
(69, 2, 23, 'return', 'Home Location', 'train', '2025-11-11 09:06 AM', 0, NULL, '2025-11-01 09:49:04', '2025-11-01 09:49:04'),
(70, 2, 24, 'boarding', 'kempegowda railwaystation', 'train', '2025-11-07 08:00 AM', 1, 22, '2025-11-01 09:49:04', '2025-11-01 09:49:04'),
(71, 2, 24, 'meeting', 'kerala', 'bus', '2025-11-08 09:03 AM', 0, NULL, '2025-11-01 09:49:04', '2025-11-01 09:49:04'),
(72, 2, 24, 'return', 'Home Location', 'train', '2025-11-12 09:06 AM', 0, NULL, '2025-11-01 09:49:04', '2025-11-01 09:49:04'),
(73, 2, 25, 'boarding', 'kempegowda railwaystation', 'train', '2025-11-08 08:00 AM', 1, 22, '2025-11-01 09:49:04', '2025-11-01 09:49:04'),
(74, 2, 25, 'meeting', 'kerala', 'bus', '2025-11-09 09:03 AM', 0, NULL, '2025-11-01 09:49:04', '2025-11-01 09:49:04'),
(75, 2, 25, 'return', 'Home Location', 'train', '2025-11-13 09:06 AM', 0, NULL, '2025-11-01 09:49:04', '2025-11-01 09:49:04'),
(76, 2, 26, 'boarding', 'kempegowda railwaystation', 'train', '2025-11-09 08:00 AM', 1, 22, '2025-11-01 09:49:04', '2025-11-01 09:49:04'),
(77, 2, 26, 'meeting', 'kerala', 'bus', '2025-11-10 09:03 AM', 0, NULL, '2025-11-01 09:49:04', '2025-11-01 09:49:04'),
(78, 2, 26, 'return', 'Home Location', 'train', '2025-11-14 09:06 AM', 0, NULL, '2025-11-01 09:49:04', '2025-11-01 09:49:04'),
(79, 2, 27, 'boarding', 'kempegowda railwaystation', 'train', '2025-11-11 08:00 AM', 1, 22, '2025-11-01 09:49:04', '2025-11-01 09:49:04'),
(80, 2, 27, 'meeting', 'kerala', 'bus', '2025-11-12 09:03 AM', 0, NULL, '2025-11-01 09:49:04', '2025-11-01 09:49:04'),
(81, 2, 27, 'return', 'Home Location', 'train', '2025-11-16 09:06 AM', 0, NULL, '2025-11-01 09:49:04', '2025-11-01 09:49:04'),
(82, 2, 28, 'boarding', 'kempegowda railwaystation', 'train', '2025-11-13 08:00 AM', 1, 22, '2025-11-01 09:49:04', '2025-11-01 09:49:04'),
(83, 2, 28, 'meeting', 'kerala', 'bus', '2025-11-14 09:03 AM', 0, NULL, '2025-11-01 09:49:04', '2025-11-01 09:49:04'),
(84, 2, 28, 'return', 'Home Location', 'train', '2025-11-18 09:06 AM', 0, NULL, '2025-11-01 09:49:04', '2025-11-01 09:49:04'),
(85, 2, 29, 'boarding', 'kempegowda railwaystation', 'train', '2025-11-14 08:00 AM', 1, 22, '2025-11-01 09:49:04', '2025-11-01 09:49:04'),
(86, 2, 29, 'meeting', 'kerala', 'bus', '2025-11-15 09:03 AM', 0, NULL, '2025-11-01 09:49:04', '2025-11-01 09:49:04'),
(87, 2, 29, 'return', 'Home Location', 'train', '2025-11-19 09:06 AM', 0, NULL, '2025-11-01 09:49:04', '2025-11-01 09:49:04'),
(88, 2, 30, 'boarding', 'kempegowda railwaystation', 'train', '2025-11-15 08:00 AM', 1, 22, '2025-11-01 09:49:04', '2025-11-01 09:49:04'),
(89, 2, 30, 'meeting', 'kerala', 'bus', '2025-11-16 09:03 AM', 0, NULL, '2025-11-01 09:49:04', '2025-11-01 09:49:04'),
(90, 2, 30, 'return', 'Home Location', 'train', '2025-11-20 09:06 AM', 0, NULL, '2025-11-01 09:49:04', '2025-11-01 09:49:04'),
(91, 2, 31, 'boarding', 'kempegowda railwaystation', 'train', '2025-11-16 08:00 AM', 1, 22, '2025-11-01 09:49:04', '2025-11-01 09:49:04'),
(92, 2, 31, 'meeting', 'kerala', 'bus', '2025-11-17 09:03 AM', 0, NULL, '2025-11-01 09:49:04', '2025-11-01 09:49:04'),
(93, 2, 31, 'return', 'Home Location', 'train', '2025-11-21 09:06 AM', 0, NULL, '2025-11-01 09:49:04', '2025-11-01 09:49:04'),
(94, 2, 32, 'boarding', 'kempegowda railwaystation', 'train', '2025-11-18 08:00 AM', 1, 22, '2025-11-01 09:49:04', '2025-11-01 09:49:04'),
(95, 2, 32, 'meeting', 'kerala', 'bus', '2025-11-19 09:03 AM', 0, NULL, '2025-11-01 09:49:04', '2025-11-01 09:49:04'),
(96, 2, 32, 'return', 'Home Location', 'train', '2025-11-23 09:06 AM', 0, NULL, '2025-11-01 09:49:04', '2025-11-01 09:49:04'),
(97, 2, 33, 'boarding', 'kempegowda railwaystation', 'train', '2025-11-20 08:00 AM', 1, 22, '2025-11-01 09:49:04', '2025-11-01 09:49:04'),
(98, 2, 33, 'meeting', 'kerala', 'bus', '2025-11-21 09:03 AM', 0, NULL, '2025-11-01 09:49:04', '2025-11-01 09:49:04'),
(99, 2, 33, 'return', 'Home Location', 'train', '2025-11-25 09:06 AM', 0, NULL, '2025-11-01 09:49:04', '2025-11-01 09:49:04'),
(100, 2, 34, 'boarding', 'kempegowda railwaystation', 'train', '2025-11-21 08:00 AM', 1, 22, '2025-11-01 09:49:04', '2025-11-01 09:49:04'),
(101, 2, 34, 'meeting', 'kerala', 'bus', '2025-11-22 09:03 AM', 0, NULL, '2025-11-01 09:49:04', '2025-11-01 09:49:04'),
(102, 2, 34, 'return', 'Home Location', 'train', '2025-11-26 09:06 AM', 0, NULL, '2025-11-01 09:49:04', '2025-11-01 09:49:04'),
(103, 2, 35, 'boarding', 'kempegowda railwaystation', 'train', '2025-11-22 08:00 AM', 1, 22, '2025-11-01 09:49:04', '2025-11-01 09:49:04'),
(104, 2, 35, 'meeting', 'kerala', 'bus', '2025-11-23 09:03 AM', 0, NULL, '2025-11-01 09:49:04', '2025-11-01 09:49:04'),
(105, 2, 35, 'return', 'Home Location', 'train', '2025-11-27 09:06 AM', 0, NULL, '2025-11-01 09:49:04', '2025-11-01 09:49:04'),
(106, 2, 36, 'boarding', 'kempegowda railwaystation', 'train', '2025-11-23 08:00 AM', 1, 22, '2025-11-01 09:49:04', '2025-11-01 09:49:04'),
(107, 2, 36, 'meeting', 'kerala', 'bus', '2025-11-24 09:03 AM', 0, NULL, '2025-11-01 09:49:04', '2025-11-01 09:49:04'),
(108, 2, 36, 'return', 'Home Location', 'train', '2025-11-28 09:06 AM', 0, NULL, '2025-11-01 09:49:04', '2025-11-01 09:49:04'),
(109, 2, 37, 'boarding', 'kempegowda railwaystation', 'train', '2025-11-25 08:00 AM', 1, 22, '2025-11-01 09:49:04', '2025-11-01 09:49:04'),
(110, 2, 37, 'meeting', 'kerala', 'bus', '2025-11-26 09:03 AM', 0, NULL, '2025-11-01 09:49:04', '2025-11-01 09:49:04'),
(111, 2, 37, 'return', 'Home Location', 'train', '2025-11-30 09:06 AM', 0, NULL, '2025-11-01 09:49:04', '2025-11-01 09:49:04'),
(112, 2, 38, 'boarding', 'kempegowda railwaystation', 'train', '2025-11-27 08:00 AM', 1, 22, '2025-11-01 09:49:04', '2025-11-01 09:49:04'),
(113, 2, 38, 'meeting', 'kerala', 'bus', '2025-11-28 09:03 AM', 0, NULL, '2025-11-01 09:49:04', '2025-11-01 09:49:04'),
(114, 2, 38, 'return', 'Home Location', 'train', '2025-12-02 09:06 AM', 0, NULL, '2025-11-01 09:49:04', '2025-11-01 09:49:04'),
(115, 2, 39, 'boarding', 'kempegowda railwaystation', 'train', '2025-11-28 08:00 AM', 1, 22, '2025-11-01 09:49:04', '2025-11-01 09:49:04'),
(116, 2, 39, 'meeting', 'kerala', 'bus', '2025-11-29 09:03 AM', 0, NULL, '2025-11-01 09:49:04', '2025-11-01 09:49:04'),
(117, 2, 39, 'return', 'Home Location', 'train', '2025-12-03 09:06 AM', 0, NULL, '2025-11-01 09:49:04', '2025-11-01 09:49:04'),
(118, 2, 40, 'boarding', 'kempegowda railwaystation', 'train', '2025-11-29 08:00 AM', 1, 22, '2025-11-01 09:49:04', '2025-11-01 09:49:04'),
(119, 2, 40, 'meeting', 'kerala', 'bus', '2025-11-30 09:03 AM', 0, NULL, '2025-11-01 09:49:04', '2025-11-01 09:49:04'),
(120, 2, 40, 'return', 'Home Location', 'train', '2025-12-04 09:06 AM', 0, NULL, '2025-11-01 09:49:04', '2025-11-01 09:49:04'),
(121, 2, 41, 'boarding', 'kempegowda railwaystation', 'train', '2025-11-30 08:00 AM', 1, 22, '2025-11-01 09:49:04', '2025-11-01 09:49:04'),
(122, 2, 41, 'meeting', 'kerala', 'bus', '2025-12-01 09:03 AM', 0, NULL, '2025-11-01 09:49:04', '2025-11-01 09:49:04'),
(123, 2, 41, 'return', 'Home Location', 'train', '2025-12-05 09:06 AM', 0, NULL, '2025-11-01 09:49:04', '2025-11-01 09:49:04'),
(124, 3, 42, 'boarding', 'bus stand', 'bus', '2025-11-02 06:00 AM', 1, 22, '2025-11-01 10:34:46', '2025-11-01 10:34:46'),
(125, 3, 42, 'meeting', 'Marina Beach', 'bus', '2025-11-04 06:59 PM', 0, NULL, '2025-11-01 10:34:46', '2025-11-01 10:34:46'),
(126, 3, 42, 'return', 'Home Location', 'bus', '2025-11-05 08:45 PM', 0, NULL, '2025-11-01 10:34:46', '2025-11-01 10:34:46'),
(127, 3, 43, 'boarding', 'bus stand', 'bus', '2025-11-03 06:00 AM', 1, 22, '2025-11-01 10:34:46', '2025-11-01 10:34:46'),
(128, 3, 43, 'meeting', 'Marina Beach', 'bus', '2025-11-05 06:59 PM', 0, NULL, '2025-11-01 10:34:46', '2025-11-01 10:34:46'),
(129, 3, 43, 'return', 'Home Location', 'bus', '2025-11-06 08:45 PM', 0, NULL, '2025-11-01 10:34:46', '2025-11-01 10:34:46'),
(130, 3, 44, 'boarding', 'bus stand', 'bus', '2025-11-08 06:00 AM', 1, 22, '2025-11-01 10:34:46', '2025-11-01 10:34:46'),
(131, 3, 44, 'meeting', 'Marina Beach', 'bus', '2025-11-10 06:59 PM', 0, NULL, '2025-11-01 10:34:46', '2025-11-01 10:34:46'),
(132, 3, 44, 'return', 'Home Location', 'bus', '2025-11-11 08:45 PM', 0, NULL, '2025-11-01 10:34:46', '2025-11-01 10:34:46'),
(133, 3, 45, 'boarding', 'bus stand', 'bus', '2025-11-09 06:00 AM', 1, 22, '2025-11-01 10:34:46', '2025-11-01 10:34:46'),
(134, 3, 45, 'meeting', 'Marina Beach', 'bus', '2025-11-11 06:59 PM', 0, NULL, '2025-11-01 10:34:46', '2025-11-01 10:34:46'),
(135, 3, 45, 'return', 'Home Location', 'bus', '2025-11-12 08:45 PM', 0, NULL, '2025-11-01 10:34:46', '2025-11-01 10:34:46'),
(136, 3, 46, 'boarding', 'bus stand', 'bus', '2025-11-10 06:00 AM', 1, 22, '2025-11-01 10:34:46', '2025-11-01 10:34:46'),
(137, 3, 46, 'meeting', 'Marina Beach', 'bus', '2025-11-12 06:59 PM', 0, NULL, '2025-11-01 10:34:46', '2025-11-01 10:34:46'),
(138, 3, 46, 'return', 'Home Location', 'bus', '2025-11-13 08:45 PM', 0, NULL, '2025-11-01 10:34:46', '2025-11-01 10:34:46'),
(139, 3, 47, 'boarding', 'bus stand', 'bus', '2025-11-15 06:00 AM', 1, 22, '2025-11-01 10:34:46', '2025-11-01 10:34:46'),
(140, 3, 47, 'meeting', 'Marina Beach', 'bus', '2025-11-17 06:59 PM', 0, NULL, '2025-11-01 10:34:46', '2025-11-01 10:34:46'),
(141, 3, 47, 'return', 'Home Location', 'bus', '2025-11-18 08:45 PM', 0, NULL, '2025-11-01 10:34:46', '2025-11-01 10:34:46'),
(142, 3, 48, 'boarding', 'bus stand', 'bus', '2025-11-16 06:00 AM', 1, 22, '2025-11-01 10:34:46', '2025-11-01 10:34:46'),
(143, 3, 48, 'meeting', 'Marina Beach', 'bus', '2025-11-18 06:59 PM', 0, NULL, '2025-11-01 10:34:46', '2025-11-01 10:34:46'),
(144, 3, 48, 'return', 'Home Location', 'bus', '2025-11-19 08:45 PM', 0, NULL, '2025-11-01 10:34:46', '2025-11-01 10:34:46'),
(145, 3, 49, 'boarding', 'bus stand', 'bus', '2025-11-17 06:00 AM', 1, 22, '2025-11-01 10:34:46', '2025-11-01 10:34:46'),
(146, 3, 49, 'meeting', 'Marina Beach', 'bus', '2025-11-19 06:59 PM', 0, NULL, '2025-11-01 10:34:46', '2025-11-01 10:34:46'),
(147, 3, 49, 'return', 'Home Location', 'bus', '2025-11-20 08:45 PM', 0, NULL, '2025-11-01 10:34:46', '2025-11-01 10:34:46'),
(148, 3, 50, 'boarding', 'bus stand', 'bus', '2025-10-20 06:00 AM', 1, 22, '2025-11-01 10:34:46', '2025-11-01 10:34:46'),
(149, 3, 50, 'meeting', 'Marina Beach', 'bus', '2025-10-22 06:59 PM', 0, NULL, '2025-11-01 10:34:46', '2025-11-01 10:34:46'),
(150, 3, 50, 'return', 'Home Location', 'bus', '2025-10-23 08:45 PM', 0, NULL, '2025-11-01 10:34:46', '2025-11-01 10:34:46'),
(151, 4, 51, 'boarding', 'wdfsdf', 'bus', '2025-11-05 06:00 AM', 1, 22, '2025-11-01 10:49:47', '2025-11-01 10:49:47'),
(152, 4, 51, 'meeting', 'sdsad', 'bus', '2025-11-07 09:02 PM', 0, NULL, '2025-11-01 10:49:47', '2025-11-01 10:49:47'),
(153, 4, 51, 'return', 'Home Location', 'bus', '2025-11-06 12:12 PM', 0, NULL, '2025-11-01 10:49:47', '2025-11-01 10:49:47'),
(154, 4, 52, 'boarding', 'wdfsdf', 'bus', '2025-11-06 06:00 AM', 1, 22, '2025-11-01 10:49:47', '2025-11-01 10:49:47'),
(155, 4, 52, 'meeting', 'sdsad', 'bus', '2025-11-08 09:02 PM', 0, NULL, '2025-11-01 10:49:47', '2025-11-01 10:49:47'),
(156, 4, 52, 'return', 'Home Location', 'bus', '2025-11-07 12:12 PM', 0, NULL, '2025-11-01 10:49:47', '2025-11-01 10:49:47'),
(157, 4, 53, 'boarding', 'wdfsdf', 'bus', '2025-11-07 06:00 AM', 1, 22, '2025-11-01 10:49:47', '2025-11-01 10:49:47'),
(158, 4, 53, 'meeting', 'sdsad', 'bus', '2025-11-09 09:02 PM', 0, NULL, '2025-11-01 10:49:47', '2025-11-01 10:49:47'),
(159, 4, 53, 'return', 'Home Location', 'bus', '2025-11-08 12:12 PM', 0, NULL, '2025-11-01 10:49:47', '2025-11-01 10:49:47'),
(160, 4, 54, 'boarding', 'wdfsdf', 'bus', '2025-11-08 06:00 AM', 1, 22, '2025-11-01 10:49:47', '2025-11-01 10:49:47'),
(161, 4, 54, 'meeting', 'sdsad', 'bus', '2025-11-10 09:02 PM', 0, NULL, '2025-11-01 10:49:47', '2025-11-01 10:49:47'),
(162, 4, 54, 'return', 'Home Location', 'bus', '2025-11-09 12:12 PM', 0, NULL, '2025-11-01 10:49:47', '2025-11-01 10:49:47'),
(163, 4, 55, 'boarding', 'wdfsdf', 'bus', '2025-11-12 06:00 AM', 1, 22, '2025-11-01 10:49:47', '2025-11-01 10:49:47'),
(164, 4, 55, 'meeting', 'sdsad', 'bus', '2025-11-14 09:02 PM', 0, NULL, '2025-11-01 10:49:47', '2025-11-01 10:49:47'),
(165, 4, 55, 'return', 'Home Location', 'bus', '2025-11-13 12:12 PM', 0, NULL, '2025-11-01 10:49:47', '2025-11-01 10:49:47'),
(166, 4, 56, 'boarding', 'wdfsdf', 'bus', '2025-11-13 06:00 AM', 1, 22, '2025-11-01 10:49:47', '2025-11-01 10:49:47'),
(167, 4, 56, 'meeting', 'sdsad', 'bus', '2025-11-15 09:02 PM', 0, NULL, '2025-11-01 10:49:47', '2025-11-01 10:49:47'),
(168, 4, 56, 'return', 'Home Location', 'bus', '2025-11-14 12:12 PM', 0, NULL, '2025-11-01 10:49:47', '2025-11-01 10:49:47'),
(169, 4, 57, 'boarding', 'wdfsdf', 'bus', '2025-11-14 06:00 AM', 1, 22, '2025-11-01 10:49:47', '2025-11-01 10:49:47'),
(170, 4, 57, 'meeting', 'sdsad', 'bus', '2025-11-16 09:02 PM', 0, NULL, '2025-11-01 10:49:47', '2025-11-01 10:49:47'),
(171, 4, 57, 'return', 'Home Location', 'bus', '2025-11-15 12:12 PM', 0, NULL, '2025-11-01 10:49:47', '2025-11-01 10:49:47'),
(172, 4, 58, 'boarding', 'wdfsdf', 'bus', '2025-11-15 06:00 AM', 1, 22, '2025-11-01 10:49:47', '2025-11-01 10:49:47'),
(173, 4, 58, 'meeting', 'sdsad', 'bus', '2025-11-17 09:02 PM', 0, NULL, '2025-11-01 10:49:47', '2025-11-01 10:49:47'),
(174, 4, 58, 'return', 'Home Location', 'bus', '2025-11-16 12:12 PM', 0, NULL, '2025-11-01 10:49:47', '2025-11-01 10:49:47'),
(175, 4, 59, 'boarding', 'wdfsdf', 'bus', '2025-11-19 06:00 AM', 1, 22, '2025-11-01 10:49:47', '2025-11-01 10:49:47'),
(176, 4, 59, 'meeting', 'sdsad', 'bus', '2025-11-21 09:02 PM', 0, NULL, '2025-11-01 10:49:47', '2025-11-01 10:49:47'),
(177, 4, 59, 'return', 'Home Location', 'bus', '2025-11-20 12:12 PM', 0, NULL, '2025-11-01 10:49:47', '2025-11-01 10:49:47'),
(178, 4, 60, 'boarding', 'wdfsdf', 'bus', '2025-11-20 06:00 AM', 1, 22, '2025-11-01 10:49:47', '2025-11-01 10:49:47'),
(179, 4, 60, 'meeting', 'sdsad', 'bus', '2025-11-22 09:02 PM', 0, NULL, '2025-11-01 10:49:47', '2025-11-01 10:49:47'),
(180, 4, 60, 'return', 'Home Location', 'bus', '2025-11-21 12:12 PM', 0, NULL, '2025-11-01 10:49:47', '2025-11-01 10:49:47'),
(181, 4, 61, 'boarding', 'wdfsdf', 'bus', '2025-11-21 06:00 AM', 1, 22, '2025-11-01 10:49:47', '2025-11-01 10:49:47'),
(182, 4, 61, 'meeting', 'sdsad', 'bus', '2025-11-23 09:02 PM', 0, NULL, '2025-11-01 10:49:47', '2025-11-01 10:49:47'),
(183, 4, 61, 'return', 'Home Location', 'bus', '2025-11-22 12:12 PM', 0, NULL, '2025-11-01 10:49:47', '2025-11-01 10:49:47'),
(184, 4, 62, 'boarding', 'wdfsdf', 'bus', '2025-11-22 06:00 AM', 1, 22, '2025-11-01 10:49:47', '2025-11-01 10:49:47'),
(185, 4, 62, 'meeting', 'sdsad', 'bus', '2025-11-24 09:02 PM', 0, NULL, '2025-11-01 10:49:47', '2025-11-01 10:49:47'),
(186, 4, 62, 'return', 'Home Location', 'bus', '2025-11-23 12:12 PM', 0, NULL, '2025-11-01 10:49:47', '2025-11-01 10:49:47'),
(187, 4, 63, 'boarding', 'wdfsdf', 'bus', '2025-11-26 06:00 AM', 1, 22, '2025-11-01 10:49:47', '2025-11-01 10:49:47'),
(188, 4, 63, 'meeting', 'sdsad', 'bus', '2025-11-28 09:02 PM', 0, NULL, '2025-11-01 10:49:47', '2025-11-01 10:49:47'),
(189, 4, 63, 'return', 'Home Location', 'bus', '2025-11-27 12:12 PM', 0, NULL, '2025-11-01 10:49:47', '2025-11-01 10:49:47'),
(190, 4, 64, 'boarding', 'wdfsdf', 'bus', '2025-11-27 06:00 AM', 1, 22, '2025-11-01 10:49:47', '2025-11-01 10:49:47'),
(191, 4, 64, 'meeting', 'sdsad', 'bus', '2025-11-29 09:02 PM', 0, NULL, '2025-11-01 10:49:47', '2025-11-01 10:49:47'),
(192, 4, 64, 'return', 'Home Location', 'bus', '2025-11-28 12:12 PM', 0, NULL, '2025-11-01 10:49:47', '2025-11-01 10:49:47'),
(193, 4, 65, 'boarding', 'wdfsdf', 'bus', '2025-11-28 06:00 AM', 1, 22, '2025-11-01 10:49:47', '2025-11-01 10:49:47'),
(194, 4, 65, 'meeting', 'sdsad', 'bus', '2025-11-30 09:02 PM', 0, NULL, '2025-11-01 10:49:47', '2025-11-01 10:49:47'),
(195, 4, 65, 'return', 'Home Location', 'bus', '2025-11-29 12:12 PM', 0, NULL, '2025-11-01 10:49:47', '2025-11-01 10:49:47'),
(196, 4, 66, 'boarding', 'wdfsdf', 'bus', '2025-11-29 06:00 AM', 1, 22, '2025-11-01 10:49:47', '2025-11-01 10:49:47'),
(197, 4, 66, 'meeting', 'sdsad', 'bus', '2025-12-01 09:02 PM', 0, NULL, '2025-11-01 10:49:47', '2025-11-01 10:49:47'),
(198, 4, 66, 'return', 'Home Location', 'bus', '2025-11-30 12:12 PM', 0, NULL, '2025-11-01 10:49:47', '2025-11-01 10:49:47'),
(199, 5, 67, 'boarding', 'bus stand', 'bus', '2025-11-06 12:00 PM', 1, 22, '2025-11-01 12:50:18', '2025-11-01 12:50:18'),
(200, 5, 67, 'meeting', 'hgjv', 'train', '2025-11-07 06:26 PM', 0, NULL, '2025-11-01 12:50:18', '2025-11-01 12:50:18'),
(201, 5, 67, 'return', 'Home Location', 'bus', '2025-11-08 06:21 PM', 0, NULL, '2025-11-01 12:50:18', '2025-11-01 12:50:18'),
(202, 5, 68, 'boarding', 'bus stand', 'bus', '2025-11-07 12:00 PM', 1, 22, '2025-11-01 12:50:18', '2025-11-01 12:50:18'),
(203, 5, 68, 'meeting', 'hgjv', 'train', '2025-11-08 06:26 PM', 0, NULL, '2025-11-01 12:50:18', '2025-11-01 12:50:18'),
(204, 5, 68, 'return', 'Home Location', 'bus', '2025-11-09 06:21 PM', 0, NULL, '2025-11-01 12:50:18', '2025-11-01 12:50:18'),
(205, 5, 69, 'boarding', 'bus stand', 'bus', '2025-11-08 12:00 PM', 1, 22, '2025-11-01 12:50:18', '2025-11-01 12:50:18'),
(206, 5, 69, 'meeting', 'hgjv', 'train', '2025-11-09 06:26 PM', 0, NULL, '2025-11-01 12:50:18', '2025-11-01 12:50:18'),
(207, 5, 69, 'return', 'Home Location', 'bus', '2025-11-10 06:21 PM', 0, NULL, '2025-11-01 12:50:18', '2025-11-01 12:50:18'),
(208, 5, 70, 'boarding', 'bus stand', 'bus', '2025-11-13 12:00 PM', 1, 22, '2025-11-01 12:50:18', '2025-11-01 12:50:18'),
(209, 5, 70, 'meeting', 'hgjv', 'train', '2025-11-14 06:26 PM', 0, NULL, '2025-11-01 12:50:18', '2025-11-01 12:50:18'),
(210, 5, 70, 'return', 'Home Location', 'bus', '2025-11-15 06:21 PM', 0, NULL, '2025-11-01 12:50:18', '2025-11-01 12:50:18'),
(211, 5, 71, 'boarding', 'bus stand', 'bus', '2025-11-14 12:00 PM', 1, 22, '2025-11-01 12:50:18', '2025-11-01 12:50:18'),
(212, 5, 71, 'meeting', 'hgjv', 'train', '2025-11-15 06:26 PM', 0, NULL, '2025-11-01 12:50:18', '2025-11-01 12:50:18'),
(213, 5, 71, 'return', 'Home Location', 'bus', '2025-11-16 06:21 PM', 0, NULL, '2025-11-01 12:50:18', '2025-11-01 12:50:18'),
(214, 5, 72, 'boarding', 'bus stand', 'bus', '2025-11-15 12:00 PM', 1, 22, '2025-11-01 12:50:18', '2025-11-01 12:50:18'),
(215, 5, 72, 'meeting', 'hgjv', 'train', '2025-11-16 06:26 PM', 0, NULL, '2025-11-01 12:50:18', '2025-11-01 12:50:18'),
(216, 5, 72, 'return', 'Home Location', 'bus', '2025-11-17 06:21 PM', 0, NULL, '2025-11-01 12:50:18', '2025-11-01 12:50:18'),
(217, 5, 73, 'boarding', 'bus stand', 'bus', '2025-11-20 12:00 PM', 1, 22, '2025-11-01 12:50:18', '2025-11-01 12:50:18'),
(218, 5, 73, 'meeting', 'hgjv', 'train', '2025-11-21 06:26 PM', 0, NULL, '2025-11-01 12:50:18', '2025-11-01 12:50:18'),
(219, 5, 73, 'return', 'Home Location', 'bus', '2025-11-22 06:21 PM', 0, NULL, '2025-11-01 12:50:18', '2025-11-01 12:50:18'),
(220, 5, 74, 'boarding', 'bus stand', 'bus', '2025-11-21 12:00 PM', 1, 22, '2025-11-01 12:50:18', '2025-11-01 12:50:18'),
(221, 5, 74, 'meeting', 'hgjv', 'train', '2025-11-22 06:26 PM', 0, NULL, '2025-11-01 12:50:18', '2025-11-01 12:50:18'),
(222, 5, 74, 'return', 'Home Location', 'bus', '2025-11-23 06:21 PM', 0, NULL, '2025-11-01 12:50:18', '2025-11-01 12:50:18'),
(223, 5, 75, 'boarding', 'bus stand', 'bus', '2025-11-22 12:00 PM', 1, 22, '2025-11-01 12:50:18', '2025-11-01 12:50:18'),
(224, 5, 75, 'meeting', 'hgjv', 'train', '2025-11-23 06:26 PM', 0, NULL, '2025-11-01 12:50:18', '2025-11-01 12:50:18'),
(225, 5, 75, 'return', 'Home Location', 'bus', '2025-11-24 06:21 PM', 0, NULL, '2025-11-01 12:50:18', '2025-11-01 12:50:18'),
(226, 5, 76, 'boarding', 'bus stand', 'bus', '2025-11-27 12:00 PM', 1, 22, '2025-11-01 12:50:18', '2025-11-01 12:50:18'),
(227, 5, 76, 'meeting', 'hgjv', 'train', '2025-11-28 06:26 PM', 0, NULL, '2025-11-01 12:50:18', '2025-11-01 12:50:18'),
(228, 5, 76, 'return', 'Home Location', 'bus', '2025-11-29 06:21 PM', 0, NULL, '2025-11-01 12:50:18', '2025-11-01 12:50:18'),
(229, 5, 77, 'boarding', 'bus stand', 'bus', '2025-11-28 12:00 PM', 1, 22, '2025-11-01 12:50:18', '2025-11-01 12:50:18'),
(230, 5, 77, 'meeting', 'hgjv', 'train', '2025-11-29 06:26 PM', 0, NULL, '2025-11-01 12:50:18', '2025-11-01 12:50:18'),
(231, 5, 77, 'return', 'Home Location', 'bus', '2025-11-30 06:21 PM', 0, NULL, '2025-11-01 12:50:18', '2025-11-01 12:50:18'),
(232, 5, 78, 'boarding', 'bus stand', 'bus', '2025-11-29 12:00 PM', 1, 22, '2025-11-01 12:50:18', '2025-11-01 12:50:18'),
(233, 5, 78, 'meeting', 'hgjv', 'train', '2025-11-30 06:26 PM', 0, NULL, '2025-11-01 12:50:18', '2025-11-01 12:50:18'),
(234, 5, 78, 'return', 'Home Location', 'bus', '2025-12-01 06:21 PM', 0, NULL, '2025-11-01 12:50:18', '2025-11-01 12:50:18'),
(235, 6, 79, 'boarding', 'Railway Station', 'train', '2025-11-06 07:25 PM', 1, 38, '2025-11-03 09:35:13', '2025-11-03 09:35:13'),
(236, 6, 79, 'meeting', 'Banglore', 'bus', '2025-11-07 07:35 AM', 0, NULL, '2025-11-03 09:35:13', '2025-11-03 09:35:13'),
(237, 6, 79, 'meeting', 'Chikmangulur', 'bus', '2025-11-07 10:00 AM', 0, NULL, '2025-11-03 09:35:13', '2025-11-03 09:35:13'),
(238, 6, 79, 'meeting', 'Mysore railway station', 'bus', '2025-11-08 09:35 PM', 0, NULL, '2025-11-03 09:35:13', '2025-11-03 09:35:13'),
(239, 6, 79, 'return', 'Home Location', 'train', '2025-11-09 06:00 AM', 0, NULL, '2025-11-03 09:35:13', '2025-11-03 09:35:13'),
(240, 6, 80, 'boarding', 'Railway Station', 'train', '2025-11-13 07:25 PM', 1, 38, '2025-11-03 09:35:13', '2025-11-03 09:35:13'),
(241, 6, 80, 'meeting', 'Banglore', 'bus', '2025-11-14 07:35 AM', 0, NULL, '2025-11-03 09:35:13', '2025-11-03 09:35:13'),
(242, 6, 80, 'meeting', 'Chikmangulur', 'bus', '2025-11-14 10:00 AM', 0, NULL, '2025-11-03 09:35:13', '2025-11-03 09:35:13'),
(243, 6, 80, 'meeting', 'Mysore railway station', 'bus', '2025-11-15 09:35 PM', 0, NULL, '2025-11-03 09:35:13', '2025-11-03 09:35:13'),
(244, 6, 80, 'return', 'Home Location', 'train', '2025-11-16 06:00 AM', 0, NULL, '2025-11-03 09:35:13', '2025-11-03 09:35:13'),
(245, 6, 81, 'boarding', 'Railway Station', 'train', '2025-11-20 07:25 PM', 1, 38, '2025-11-03 09:35:13', '2025-11-03 09:35:13'),
(246, 6, 81, 'meeting', 'Banglore', 'bus', '2025-11-21 07:35 AM', 0, NULL, '2025-11-03 09:35:13', '2025-11-03 09:35:13'),
(247, 6, 81, 'meeting', 'Chikmangulur', 'bus', '2025-11-21 10:00 AM', 0, NULL, '2025-11-03 09:35:13', '2025-11-03 09:35:13'),
(248, 6, 81, 'meeting', 'Mysore railway station', 'bus', '2025-11-22 09:35 PM', 0, NULL, '2025-11-03 09:35:13', '2025-11-03 09:35:13'),
(249, 6, 81, 'return', 'Home Location', 'train', '2025-11-23 06:00 AM', 0, NULL, '2025-11-03 09:35:13', '2025-11-03 09:35:13'),
(250, 6, 82, 'boarding', 'Railway Station', 'train', '2025-11-27 07:25 PM', 1, 38, '2025-11-03 09:35:13', '2025-11-03 09:35:13'),
(251, 6, 82, 'meeting', 'Banglore', 'bus', '2025-11-28 07:35 AM', 0, NULL, '2025-11-03 09:35:13', '2025-11-03 09:35:13'),
(252, 6, 82, 'meeting', 'Chikmangulur', 'bus', '2025-11-28 10:00 AM', 0, NULL, '2025-11-03 09:35:13', '2025-11-03 09:35:13'),
(253, 6, 82, 'meeting', 'Mysore railway station', 'bus', '2025-11-29 09:35 PM', 0, NULL, '2025-11-03 09:35:13', '2025-11-03 09:35:13'),
(254, 6, 82, 'return', 'Home Location', 'train', '2025-11-30 06:00 AM', 0, NULL, '2025-11-03 09:35:13', '2025-11-03 09:35:13'),
(255, 7, 83, 'boarding', 'Railway Station', 'train', '2025-11-06 09:30 PM', 1, 38, '2025-11-04 06:05:28', '2025-11-04 06:05:28'),
(256, 7, 83, 'boarding', 'Railway Station', 'train', '2025-11-06 08:45 PM', 1, 22, '2025-11-04 06:05:28', '2025-11-04 06:05:28'),
(257, 7, 83, 'meeting', 'Mysore', 'bus', '2025-11-07 07:30 AM', 0, NULL, '2025-11-04 06:05:28', '2025-11-04 06:05:28'),
(258, 7, 83, 'meeting', 'Wayanad', 'bus', '2025-11-08 10:00 AM', 0, NULL, '2025-11-04 06:05:28', '2025-11-04 06:05:28'),
(259, 7, 83, 'meeting', 'Mysore', 'bus', '2025-11-09 09:00 AM', 0, NULL, '2025-11-04 06:05:28', '2025-11-04 06:05:28'),
(260, 7, 83, 'return', 'Home Location', 'train', '2025-11-10 09:00 AM', 0, NULL, '2025-11-04 06:05:28', '2025-11-04 06:05:28'),
(261, 7, 84, 'boarding', 'Railway Station', 'train', '2025-11-13 09:30 PM', 1, 38, '2025-11-04 06:05:28', '2025-11-04 06:05:28'),
(262, 7, 84, 'boarding', 'Railway Station', 'train', '2025-11-13 08:45 PM', 1, 22, '2025-11-04 06:05:28', '2025-11-04 06:05:28'),
(263, 7, 84, 'meeting', 'Mysore', 'bus', '2025-11-14 07:30 AM', 0, NULL, '2025-11-04 06:05:28', '2025-11-04 06:05:28'),
(264, 7, 84, 'meeting', 'Wayanad', 'bus', '2025-11-15 10:00 AM', 0, NULL, '2025-11-04 06:05:28', '2025-11-04 06:05:28'),
(265, 7, 84, 'meeting', 'Mysore', 'bus', '2025-11-16 09:00 AM', 0, NULL, '2025-11-04 06:05:28', '2025-11-04 06:05:28'),
(266, 7, 84, 'return', 'Home Location', 'train', '2025-11-17 09:00 AM', 0, NULL, '2025-11-04 06:05:28', '2025-11-04 06:05:28'),
(267, 7, 85, 'boarding', 'Railway Station', 'train', '2025-11-20 09:30 PM', 1, 38, '2025-11-04 06:05:28', '2025-11-04 06:05:28'),
(268, 7, 85, 'boarding', 'Railway Station', 'train', '2025-11-20 08:45 PM', 1, 22, '2025-11-04 06:05:28', '2025-11-04 06:05:28'),
(269, 7, 85, 'meeting', 'Mysore', 'bus', '2025-11-21 07:30 AM', 0, NULL, '2025-11-04 06:05:28', '2025-11-04 06:05:28'),
(270, 7, 85, 'meeting', 'Wayanad', 'bus', '2025-11-22 10:00 AM', 0, NULL, '2025-11-04 06:05:28', '2025-11-04 06:05:28'),
(271, 7, 85, 'meeting', 'Mysore', 'bus', '2025-11-23 09:00 AM', 0, NULL, '2025-11-04 06:05:28', '2025-11-04 06:05:28'),
(272, 7, 85, 'return', 'Home Location', 'train', '2025-11-24 09:00 AM', 0, NULL, '2025-11-04 06:05:28', '2025-11-04 06:05:28'),
(273, 7, 86, 'boarding', 'Railway Station', 'train', '2025-11-27 09:30 PM', 1, 38, '2025-11-04 06:05:28', '2025-11-04 06:05:28'),
(274, 7, 86, 'boarding', 'Railway Station', 'train', '2025-11-27 08:45 PM', 1, 22, '2025-11-04 06:05:28', '2025-11-04 06:05:28'),
(275, 7, 86, 'meeting', 'Mysore', 'bus', '2025-11-28 07:30 AM', 0, NULL, '2025-11-04 06:05:28', '2025-11-04 06:05:28'),
(276, 7, 86, 'meeting', 'Wayanad', 'bus', '2025-11-29 10:00 AM', 0, NULL, '2025-11-04 06:05:28', '2025-11-04 06:05:28'),
(277, 7, 86, 'meeting', 'Mysore', 'bus', '2025-11-30 09:00 AM', 0, NULL, '2025-11-04 06:05:28', '2025-11-04 06:05:28'),
(278, 7, 86, 'return', 'Home Location', 'train', '2025-12-01 09:00 AM', 0, NULL, '2025-11-04 06:05:28', '2025-11-04 06:05:28'),
(279, 8, 87, 'boarding', 'Railway Station', 'train', '2025-11-07 07:00 PM', 1, 38, '2025-11-04 10:14:28', '2025-11-04 10:14:28'),
(280, 8, 87, 'boarding', 'Railway Station', 'train', '2025-11-07 06:00 AM', 1, 22, '2025-11-04 10:14:28', '2025-11-04 10:14:28'),
(281, 8, 87, 'meeting', 'Cochin', 'bus', '2025-11-08 07:30 AM', 0, NULL, '2025-11-04 10:14:28', '2025-11-04 10:14:28'),
(282, 8, 87, 'meeting', 'Munnar', 'bus', '2025-11-09 10:00 AM', 0, NULL, '2025-11-04 10:14:28', '2025-11-04 10:14:28'),
(283, 8, 87, 'meeting', 'Alleppey', 'bus', '2025-11-10 09:00 AM', 0, NULL, '2025-11-04 10:14:28', '2025-11-04 10:14:28'),
(284, 8, 87, 'return', 'Home Location', 'train', '2025-11-10 04:00 PM', 0, NULL, '2025-11-04 10:14:28', '2025-11-04 10:14:28'),
(285, 8, 88, 'boarding', 'Railway Station', 'train', '2025-11-14 07:00 PM', 1, 38, '2025-11-04 10:14:28', '2025-11-04 10:14:28'),
(286, 8, 88, 'boarding', 'Railway Station', 'train', '2025-11-14 06:00 AM', 1, 22, '2025-11-04 10:14:28', '2025-11-04 10:14:28'),
(287, 8, 88, 'meeting', 'Cochin', 'bus', '2025-11-15 07:30 AM', 0, NULL, '2025-11-04 10:14:28', '2025-11-04 10:14:28'),
(288, 8, 88, 'meeting', 'Munnar', 'bus', '2025-11-16 10:00 AM', 0, NULL, '2025-11-04 10:14:28', '2025-11-04 10:14:28'),
(289, 8, 88, 'meeting', 'Alleppey', 'bus', '2025-11-17 09:00 AM', 0, NULL, '2025-11-04 10:14:28', '2025-11-04 10:14:28'),
(290, 8, 88, 'return', 'Home Location', 'train', '2025-11-17 04:00 PM', 0, NULL, '2025-11-04 10:14:28', '2025-11-04 10:14:28'),
(291, 8, 89, 'boarding', 'Railway Station', 'train', '2025-11-21 07:00 PM', 1, 38, '2025-11-04 10:14:28', '2025-11-04 10:14:28'),
(292, 8, 89, 'boarding', 'Railway Station', 'train', '2025-11-21 06:00 AM', 1, 22, '2025-11-04 10:14:28', '2025-11-04 10:14:28'),
(293, 8, 89, 'meeting', 'Cochin', 'bus', '2025-11-22 07:30 AM', 0, NULL, '2025-11-04 10:14:28', '2025-11-04 10:14:28'),
(294, 8, 89, 'meeting', 'Munnar', 'bus', '2025-11-23 10:00 AM', 0, NULL, '2025-11-04 10:14:28', '2025-11-04 10:14:28'),
(295, 8, 89, 'meeting', 'Alleppey', 'bus', '2025-11-24 09:00 AM', 0, NULL, '2025-11-04 10:14:28', '2025-11-04 10:14:28'),
(296, 8, 89, 'return', 'Home Location', 'train', '2025-11-24 04:00 PM', 0, NULL, '2025-11-04 10:14:28', '2025-11-04 10:14:28'),
(297, 8, 90, 'boarding', 'Railway Station', 'train', '2025-11-28 07:00 PM', 1, 38, '2025-11-04 10:14:28', '2025-11-04 10:14:28'),
(298, 8, 90, 'boarding', 'Railway Station', 'train', '2025-11-28 06:00 AM', 1, 22, '2025-11-04 10:14:28', '2025-11-04 10:14:28'),
(299, 8, 90, 'meeting', 'Cochin', 'bus', '2025-11-29 07:30 AM', 0, NULL, '2025-11-04 10:14:28', '2025-11-04 10:14:28'),
(300, 8, 90, 'meeting', 'Munnar', 'bus', '2025-11-30 10:00 AM', 0, NULL, '2025-11-04 10:14:28', '2025-11-04 10:14:28'),
(301, 8, 90, 'meeting', 'Alleppey', 'bus', '2025-12-01 09:00 AM', 0, NULL, '2025-11-04 10:14:28', '2025-11-04 10:14:28'),
(302, 8, 90, 'return', 'Home Location', 'train', '2025-12-01 04:00 PM', 0, NULL, '2025-11-04 10:14:28', '2025-11-04 10:14:28'),
(303, 9, 91, 'boarding', 'Railway Station', 'train', '2025-11-06 06:00 AM', 1, 38, '2025-11-04 11:29:51', '2025-11-04 11:29:51'),
(304, 9, 91, 'boarding', 'Railway Station', 'train', '2025-11-06 06:00 AM', 1, 22, '2025-11-04 11:29:51', '2025-11-04 11:29:51'),
(305, 9, 91, 'meeting', 'Kochi', 'bus', '2025-11-07 10:00 AM', 0, NULL, '2025-11-04 11:29:51', '2025-11-04 11:29:51'),
(306, 9, 91, 'meeting', 'Munnar', 'bus', '2025-11-08 09:00 AM', 0, NULL, '2025-11-04 11:29:51', '2025-11-04 11:29:51'),
(307, 9, 91, 'meeting', 'Thekkady', 'bus', '2025-11-09 09:00 AM', 0, NULL, '2025-11-04 11:29:51', '2025-11-04 11:29:51'),
(308, 9, 91, 'meeting', 'Alleppey', 'bus', '2025-11-10 09:00 AM', 0, NULL, '2025-11-04 11:29:51', '2025-11-04 11:29:51'),
(309, 9, 91, 'meeting', 'Kochi', 'bus', '2025-11-11 09:09 AM', 0, NULL, '2025-11-04 11:29:51', '2025-11-04 11:29:51'),
(310, 9, 91, 'return', 'Home Location', 'train', '2025-11-11 07:00 PM', 0, NULL, '2025-11-04 11:29:51', '2025-11-04 11:29:51'),
(311, 9, 92, 'boarding', 'Railway Station', 'train', '2025-11-13 06:00 AM', 1, 38, '2025-11-04 11:29:51', '2025-11-04 11:29:51'),
(312, 9, 92, 'boarding', 'Railway Station', 'train', '2025-11-13 06:00 AM', 1, 22, '2025-11-04 11:29:51', '2025-11-04 11:29:51'),
(313, 9, 92, 'meeting', 'Kochi', 'bus', '2025-11-14 10:00 AM', 0, NULL, '2025-11-04 11:29:51', '2025-11-04 11:29:51'),
(314, 9, 92, 'meeting', 'Munnar', 'bus', '2025-11-15 09:00 AM', 0, NULL, '2025-11-04 11:29:51', '2025-11-04 11:29:51'),
(315, 9, 92, 'meeting', 'Thekkady', 'bus', '2025-11-16 09:00 AM', 0, NULL, '2025-11-04 11:29:51', '2025-11-04 11:29:51'),
(316, 9, 92, 'meeting', 'Alleppey', 'bus', '2025-11-17 09:00 AM', 0, NULL, '2025-11-04 11:29:51', '2025-11-04 11:29:51'),
(317, 9, 92, 'meeting', 'Kochi', 'bus', '2025-11-18 09:09 AM', 0, NULL, '2025-11-04 11:29:51', '2025-11-04 11:29:51'),
(318, 9, 92, 'return', 'Home Location', 'train', '2025-11-18 07:00 PM', 0, NULL, '2025-11-04 11:29:51', '2025-11-04 11:29:51'),
(319, 9, 93, 'boarding', 'Railway Station', 'train', '2025-11-20 06:00 AM', 1, 38, '2025-11-04 11:29:51', '2025-11-04 11:29:51'),
(320, 9, 93, 'boarding', 'Railway Station', 'train', '2025-11-20 06:00 AM', 1, 22, '2025-11-04 11:29:51', '2025-11-04 11:29:51'),
(321, 9, 93, 'meeting', 'Kochi', 'bus', '2025-11-21 10:00 AM', 0, NULL, '2025-11-04 11:29:51', '2025-11-04 11:29:51'),
(322, 9, 93, 'meeting', 'Munnar', 'bus', '2025-11-22 09:00 AM', 0, NULL, '2025-11-04 11:29:51', '2025-11-04 11:29:51'),
(323, 9, 93, 'meeting', 'Thekkady', 'bus', '2025-11-23 09:00 AM', 0, NULL, '2025-11-04 11:29:51', '2025-11-04 11:29:51'),
(324, 9, 93, 'meeting', 'Alleppey', 'bus', '2025-11-24 09:00 AM', 0, NULL, '2025-11-04 11:29:51', '2025-11-04 11:29:51'),
(325, 9, 93, 'meeting', 'Kochi', 'bus', '2025-11-25 09:09 AM', 0, NULL, '2025-11-04 11:29:51', '2025-11-04 11:29:51'),
(326, 9, 93, 'return', 'Home Location', 'train', '2025-11-25 07:00 PM', 0, NULL, '2025-11-04 11:29:51', '2025-11-04 11:29:51'),
(327, 9, 94, 'boarding', 'Railway Station', 'train', '2025-11-27 06:00 AM', 1, 38, '2025-11-04 11:29:51', '2025-11-04 11:29:51'),
(328, 9, 94, 'boarding', 'Railway Station', 'train', '2025-11-27 06:00 AM', 1, 22, '2025-11-04 11:29:51', '2025-11-04 11:29:51'),
(329, 9, 94, 'meeting', 'Kochi', 'bus', '2025-11-28 10:00 AM', 0, NULL, '2025-11-04 11:29:51', '2025-11-04 11:29:51'),
(330, 9, 94, 'meeting', 'Munnar', 'bus', '2025-11-29 09:00 AM', 0, NULL, '2025-11-04 11:29:51', '2025-11-04 11:29:51'),
(331, 9, 94, 'meeting', 'Thekkady', 'bus', '2025-11-30 09:00 AM', 0, NULL, '2025-11-04 11:29:51', '2025-11-04 11:29:51'),
(332, 9, 94, 'meeting', 'Alleppey', 'bus', '2025-12-01 09:00 AM', 0, NULL, '2025-11-04 11:29:51', '2025-11-04 11:29:51'),
(333, 9, 94, 'meeting', 'Kochi', 'bus', '2025-12-02 09:09 AM', 0, NULL, '2025-11-04 11:29:51', '2025-11-04 11:29:51'),
(334, 9, 94, 'return', 'Home Location', 'train', '2025-12-02 07:00 PM', 0, NULL, '2025-11-04 11:29:51', '2025-11-04 11:29:51'),
(335, 10, 95, 'boarding', 'Railway Station', 'train', '2025-11-06 06:00 PM', 1, 22, '2025-11-04 12:00:33', '2025-11-04 12:00:33'),
(336, 10, 95, 'boarding', 'Railway Station', 'train', '2025-11-06 06:00 AM', 1, 38, '2025-11-04 12:00:33', '2025-11-04 12:00:33'),
(337, 10, 95, 'meeting', 'Srinagar', 'bus', '2025-11-07 07:00 AM', 0, NULL, '2025-11-04 12:00:33', '2025-11-04 12:00:33'),
(338, 10, 95, 'meeting', 'Sonmarg', 'bus', '2025-11-08 08:00 AM', 0, NULL, '2025-11-04 12:00:33', '2025-11-04 12:00:33'),
(339, 10, 95, 'meeting', 'Gulmarg', 'bus', '2025-11-09 09:00 AM', 0, NULL, '2025-11-04 12:00:33', '2025-11-04 12:00:33'),
(340, 10, 95, 'meeting', 'Pahalgam', 'bus', '2025-11-10 10:00 AM', 0, NULL, '2025-11-04 12:00:33', '2025-11-04 12:00:33'),
(341, 10, 95, 'return', 'Home Location', 'train', '2025-11-11 03:00 PM', 0, NULL, '2025-11-04 12:00:33', '2025-11-04 12:00:33'),
(342, 10, 96, 'boarding', 'Railway Station', 'train', '2025-11-13 06:00 PM', 1, 22, '2025-11-04 12:00:33', '2025-11-04 12:00:33'),
(343, 10, 96, 'boarding', 'Railway Station', 'train', '2025-11-13 06:00 AM', 1, 38, '2025-11-04 12:00:33', '2025-11-04 12:00:33'),
(344, 10, 96, 'meeting', 'Srinagar', 'bus', '2025-11-14 07:00 AM', 0, NULL, '2025-11-04 12:00:33', '2025-11-04 12:00:33'),
(345, 10, 96, 'meeting', 'Sonmarg', 'bus', '2025-11-15 08:00 AM', 0, NULL, '2025-11-04 12:00:33', '2025-11-04 12:00:33'),
(346, 10, 96, 'meeting', 'Gulmarg', 'bus', '2025-11-16 09:00 AM', 0, NULL, '2025-11-04 12:00:33', '2025-11-04 12:00:33'),
(347, 10, 96, 'meeting', 'Pahalgam', 'bus', '2025-11-17 10:00 AM', 0, NULL, '2025-11-04 12:00:33', '2025-11-04 12:00:33'),
(348, 10, 96, 'return', 'Home Location', 'train', '2025-11-18 03:00 PM', 0, NULL, '2025-11-04 12:00:33', '2025-11-04 12:00:33'),
(349, 10, 97, 'boarding', 'Railway Station', 'train', '2025-11-20 06:00 PM', 1, 22, '2025-11-04 12:00:33', '2025-11-04 12:00:33'),
(350, 10, 97, 'boarding', 'Railway Station', 'train', '2025-11-20 06:00 AM', 1, 38, '2025-11-04 12:00:33', '2025-11-04 12:00:33'),
(351, 10, 97, 'meeting', 'Srinagar', 'bus', '2025-11-21 07:00 AM', 0, NULL, '2025-11-04 12:00:33', '2025-11-04 12:00:33'),
(352, 10, 97, 'meeting', 'Sonmarg', 'bus', '2025-11-22 08:00 AM', 0, NULL, '2025-11-04 12:00:33', '2025-11-04 12:00:33'),
(353, 10, 97, 'meeting', 'Gulmarg', 'bus', '2025-11-23 09:00 AM', 0, NULL, '2025-11-04 12:00:33', '2025-11-04 12:00:33'),
(354, 10, 97, 'meeting', 'Pahalgam', 'bus', '2025-11-24 10:00 AM', 0, NULL, '2025-11-04 12:00:33', '2025-11-04 12:00:33'),
(355, 10, 97, 'return', 'Home Location', 'train', '2025-11-25 03:00 PM', 0, NULL, '2025-11-04 12:00:33', '2025-11-04 12:00:33'),
(356, 10, 98, 'boarding', 'Railway Station', 'train', '2025-11-27 06:00 PM', 1, 22, '2025-11-04 12:00:33', '2025-11-04 12:00:33'),
(357, 10, 98, 'boarding', 'Railway Station', 'train', '2025-11-27 06:00 AM', 1, 38, '2025-11-04 12:00:33', '2025-11-04 12:00:33'),
(358, 10, 98, 'meeting', 'Srinagar', 'bus', '2025-11-28 07:00 AM', 0, NULL, '2025-11-04 12:00:33', '2025-11-04 12:00:33'),
(359, 10, 98, 'meeting', 'Sonmarg', 'bus', '2025-11-29 08:00 AM', 0, NULL, '2025-11-04 12:00:33', '2025-11-04 12:00:33'),
(360, 10, 98, 'meeting', 'Gulmarg', 'bus', '2025-11-30 09:00 AM', 0, NULL, '2025-11-04 12:00:33', '2025-11-04 12:00:33'),
(361, 10, 98, 'meeting', 'Pahalgam', 'bus', '2025-12-01 10:00 AM', 0, NULL, '2025-11-04 12:00:33', '2025-11-04 12:00:33'),
(362, 10, 98, 'return', 'Home Location', 'train', '2025-12-02 03:00 PM', 0, NULL, '2025-11-04 12:00:33', '2025-11-04 12:00:33'),
(363, 11, 99, 'boarding', 'Railway Station', 'train', '2025-11-07 07:00 PM', 1, 38, '2025-11-04 12:36:51', '2025-11-04 12:36:51'),
(364, 11, 99, 'boarding', 'Railway Station', 'train', '2025-11-07 06:00 AM', 1, 22, '2025-11-04 12:36:51', '2025-11-04 12:36:51'),
(365, 11, 99, 'meeting', 'Gokarna', 'bus', '2025-11-08 07:00 AM', 0, NULL, '2025-11-04 12:36:51', '2025-11-04 12:36:51'),
(366, 11, 99, 'meeting', 'Gokarna', 'bus', '2025-11-09 07:00 PM', 0, NULL, '2025-11-04 12:36:51', '2025-11-04 12:36:51'),
(367, 11, 99, 'return', 'Home Location', 'train', '2025-11-09 09:00 PM', 0, NULL, '2025-11-04 12:36:51', '2025-11-04 12:36:51'),
(368, 11, 100, 'boarding', 'Railway Station', 'train', '2025-11-14 07:00 PM', 1, 38, '2025-11-04 12:36:51', '2025-11-04 12:36:51'),
(369, 11, 100, 'boarding', 'Railway Station', 'train', '2025-11-14 06:00 AM', 1, 22, '2025-11-04 12:36:51', '2025-11-04 12:36:51'),
(370, 11, 100, 'meeting', 'Gokarna', 'bus', '2025-11-15 07:00 AM', 0, NULL, '2025-11-04 12:36:51', '2025-11-04 12:36:51'),
(371, 11, 100, 'meeting', 'Gokarna', 'bus', '2025-11-16 07:00 PM', 0, NULL, '2025-11-04 12:36:51', '2025-11-04 12:36:51'),
(372, 11, 100, 'return', 'Home Location', 'train', '2025-11-16 09:00 PM', 0, NULL, '2025-11-04 12:36:51', '2025-11-04 12:36:51'),
(373, 11, 101, 'boarding', 'Railway Station', 'train', '2025-11-21 07:00 PM', 1, 38, '2025-11-04 12:36:51', '2025-11-04 12:36:51'),
(374, 11, 101, 'boarding', 'Railway Station', 'train', '2025-11-21 06:00 AM', 1, 22, '2025-11-04 12:36:51', '2025-11-04 12:36:51'),
(375, 11, 101, 'meeting', 'Gokarna', 'bus', '2025-11-22 07:00 AM', 0, NULL, '2025-11-04 12:36:51', '2025-11-04 12:36:51'),
(376, 11, 101, 'meeting', 'Gokarna', 'bus', '2025-11-23 07:00 PM', 0, NULL, '2025-11-04 12:36:51', '2025-11-04 12:36:51'),
(377, 11, 101, 'return', 'Home Location', 'train', '2025-11-23 09:00 PM', 0, NULL, '2025-11-04 12:36:51', '2025-11-04 12:36:51'),
(378, 11, 102, 'boarding', 'Railway Station', 'train', '2025-11-28 07:00 PM', 1, 38, '2025-11-04 12:36:51', '2025-11-04 12:36:51'),
(379, 11, 102, 'boarding', 'Railway Station', 'train', '2025-11-28 06:00 AM', 1, 22, '2025-11-04 12:36:51', '2025-11-04 12:36:51'),
(380, 11, 102, 'meeting', 'Gokarna', 'bus', '2025-11-29 07:00 AM', 0, NULL, '2025-11-04 12:36:51', '2025-11-04 12:36:51'),
(381, 11, 102, 'meeting', 'Gokarna', 'bus', '2025-11-30 07:00 PM', 0, NULL, '2025-11-04 12:36:51', '2025-11-04 12:36:51'),
(382, 11, 102, 'return', 'Home Location', 'train', '2025-11-30 09:00 PM', 0, NULL, '2025-11-04 12:36:51', '2025-11-04 12:36:51'),
(383, 12, 103, 'boarding', 'kempegowda railwaystation', 'bus', '2025-11-06 06:00 AM', 1, 22, '2025-11-05 11:23:36', '2025-11-05 11:23:36'),
(384, 12, 103, 'boarding', 'Railway Station', 'bus', '2025-11-06 06:00 AM', 1, 38, '2025-11-05 11:23:36', '2025-11-05 11:23:36'),
(385, 12, 103, 'meeting', 'bangalore', 'bus', '2025-11-07 06:00 AM', 0, NULL, '2025-11-05 11:23:36', '2025-11-05 11:23:36'),
(386, 12, 103, 'return', 'Home Location', 'bus', '2025-11-09 10:00 PM', 0, NULL, '2025-11-05 11:23:36', '2025-11-05 11:23:36'),
(387, 12, 104, 'boarding', 'kempegowda railwaystation', 'bus', '2025-11-13 06:00 AM', 1, 22, '2025-11-05 11:23:36', '2025-11-05 11:23:36'),
(388, 12, 104, 'boarding', 'Railway Station', 'bus', '2025-11-13 06:00 AM', 1, 38, '2025-11-05 11:23:36', '2025-11-05 11:23:36'),
(389, 12, 104, 'meeting', 'bangalore', 'bus', '2025-11-14 06:00 AM', 0, NULL, '2025-11-05 11:23:36', '2025-11-05 11:23:36'),
(390, 12, 104, 'return', 'Home Location', 'bus', '2025-11-16 10:00 PM', 0, NULL, '2025-11-05 11:23:36', '2025-11-05 11:23:36'),
(391, 12, 105, 'boarding', 'kempegowda railwaystation', 'bus', '2025-11-20 06:00 AM', 1, 22, '2025-11-05 11:23:36', '2025-11-05 11:23:36'),
(392, 12, 105, 'boarding', 'Railway Station', 'bus', '2025-11-20 06:00 AM', 1, 38, '2025-11-05 11:23:36', '2025-11-05 11:23:36'),
(393, 12, 105, 'meeting', 'bangalore', 'bus', '2025-11-21 06:00 AM', 0, NULL, '2025-11-05 11:23:36', '2025-11-05 11:23:36'),
(394, 12, 105, 'return', 'Home Location', 'bus', '2025-11-23 10:00 PM', 0, NULL, '2025-11-05 11:23:36', '2025-11-05 11:23:36'),
(395, 12, 106, 'boarding', 'kempegowda railwaystation', 'bus', '2025-11-27 06:00 AM', 1, 22, '2025-11-05 11:23:36', '2025-11-05 11:23:36'),
(396, 12, 106, 'boarding', 'Railway Station', 'bus', '2025-11-27 06:00 AM', 1, 38, '2025-11-05 11:23:36', '2025-11-05 11:23:36'),
(397, 12, 106, 'meeting', 'bangalore', 'bus', '2025-11-28 06:00 AM', 0, NULL, '2025-11-05 11:23:36', '2025-11-05 11:23:36'),
(398, 12, 106, 'return', 'Home Location', 'bus', '2025-11-30 10:00 PM', 0, NULL, '2025-11-05 11:23:36', '2025-11-05 11:23:36'),
(399, 13, 107, 'boarding', 'bus stop', 'bus', '2025-11-08 06:00 AM', 1, 58, '2025-11-05 11:34:07', '2025-11-05 11:34:07'),
(400, 13, 107, 'boarding', 'kbhp', 'bus', '2025-11-08 06:00 AM', 1, 38, '2025-11-05 11:34:07', '2025-11-05 11:34:07');
INSERT INTO `trek_stages` (`id`, `trek_id`, `batch_id`, `stage_name`, `destination`, `means_of_transport`, `date_time`, `is_boarding_point`, `city_id`, `created_at`, `updated_at`) VALUES
(401, 13, 107, 'meeting', 'bus stop', 'bus', '2025-11-09 06:30 AM', 0, NULL, '2025-11-05 11:34:07', '2025-11-05 11:34:07'),
(402, 13, 107, 'return', 'Home Location', 'bus', '2025-11-11 06:00 PM', 0, NULL, '2025-11-05 11:34:07', '2025-11-05 11:34:07'),
(403, 13, 108, 'boarding', 'bus stop', 'bus', '2025-11-15 06:00 AM', 1, 58, '2025-11-05 11:34:07', '2025-11-05 11:34:07'),
(404, 13, 108, 'boarding', 'kbhp', 'bus', '2025-11-15 06:00 AM', 1, 38, '2025-11-05 11:34:07', '2025-11-05 11:34:07'),
(405, 13, 108, 'meeting', 'bus stop', 'bus', '2025-11-16 06:30 AM', 0, NULL, '2025-11-05 11:34:07', '2025-11-05 11:34:07'),
(406, 13, 108, 'return', 'Home Location', 'bus', '2025-11-18 06:00 PM', 0, NULL, '2025-11-05 11:34:07', '2025-11-05 11:34:07'),
(407, 13, 109, 'boarding', 'bus stop', 'bus', '2025-11-22 06:00 AM', 1, 58, '2025-11-05 11:34:07', '2025-11-05 11:34:07'),
(408, 13, 109, 'boarding', 'kbhp', 'bus', '2025-11-22 06:00 AM', 1, 38, '2025-11-05 11:34:07', '2025-11-05 11:34:07'),
(409, 13, 109, 'meeting', 'bus stop', 'bus', '2025-11-23 06:30 AM', 0, NULL, '2025-11-05 11:34:07', '2025-11-05 11:34:07'),
(410, 13, 109, 'return', 'Home Location', 'bus', '2025-11-25 06:00 PM', 0, NULL, '2025-11-05 11:34:07', '2025-11-05 11:34:07'),
(411, 13, 110, 'boarding', 'bus stop', 'bus', '2025-11-29 06:00 AM', 1, 58, '2025-11-05 11:34:07', '2025-11-05 11:34:07'),
(412, 13, 110, 'boarding', 'kbhp', 'bus', '2025-11-29 06:00 AM', 1, 38, '2025-11-05 11:34:07', '2025-11-05 11:34:07'),
(413, 13, 110, 'meeting', 'bus stop', 'bus', '2025-11-30 06:30 AM', 0, NULL, '2025-11-05 11:34:07', '2025-11-05 11:34:07'),
(414, 13, 110, 'return', 'Home Location', 'bus', '2025-12-02 06:00 PM', 0, NULL, '2025-11-05 11:34:07', '2025-11-05 11:34:07'),
(523, 14, 147, 'boarding', 'Railway Station', 'train', '2025-11-06 06:00 AM', 1, 38, '2025-11-05 11:56:55', '2025-11-05 11:56:55'),
(524, 14, 147, 'meeting', 'hampi', 'car', '2025-11-07 09:00 AM', 0, NULL, '2025-11-05 11:56:55', '2025-11-05 11:56:55'),
(525, 14, 147, 'return', 'Home Location', 'train', '2025-11-08 09:00 PM', 0, NULL, '2025-11-05 11:56:55', '2025-11-05 11:56:55'),
(526, 14, 148, 'boarding', 'Railway Station', 'train', '2025-11-13 06:00 AM', 1, 38, '2025-11-05 11:56:55', '2025-11-05 11:56:55'),
(527, 14, 148, 'meeting', 'hampi', 'car', '2025-11-14 09:00 AM', 0, NULL, '2025-11-05 11:56:55', '2025-11-05 11:56:55'),
(528, 14, 148, 'return', 'Home Location', 'train', '2025-11-15 09:00 PM', 0, NULL, '2025-11-05 11:56:55', '2025-11-05 11:56:55'),
(529, 14, 149, 'boarding', 'Railway Station', 'train', '2025-11-20 06:00 AM', 1, 38, '2025-11-05 11:56:55', '2025-11-05 11:56:55'),
(530, 14, 149, 'meeting', 'hampi', 'car', '2025-11-21 09:00 AM', 0, NULL, '2025-11-05 11:56:55', '2025-11-05 11:56:55'),
(531, 14, 149, 'return', 'Home Location', 'train', '2025-11-22 09:00 PM', 0, NULL, '2025-11-05 11:56:55', '2025-11-05 11:56:55'),
(532, 14, 150, 'boarding', 'Railway Station', 'train', '2025-11-27 06:00 AM', 1, 38, '2025-11-05 11:56:55', '2025-11-05 11:56:55'),
(533, 14, 150, 'meeting', 'hampi', 'car', '2025-11-28 09:00 AM', 0, NULL, '2025-11-05 11:56:55', '2025-11-05 11:56:55'),
(534, 14, 150, 'return', 'Home Location', 'train', '2025-11-29 09:00 PM', 0, NULL, '2025-11-05 11:56:55', '2025-11-05 11:56:55'),
(535, 15, 151, 'boarding', 'kempegowda railwaystation', 'train', '2025-11-09 06:00 AM', 1, 22, '2025-11-05 12:02:04', '2025-11-05 12:02:04'),
(536, 15, 151, 'boarding', 'Railway station', 'train', '2025-11-09 06:00 AM', 1, 26, '2025-11-05 12:02:04', '2025-11-05 12:02:04'),
(537, 15, 151, 'meeting', 'darjeeling', 'bus', '2025-11-10 06:18 AM', 0, NULL, '2025-11-05 12:02:04', '2025-11-05 12:02:04'),
(538, 15, 151, 'return', 'Home Location', 'bus', '2025-11-13 06:30 PM', 0, NULL, '2025-11-05 12:02:04', '2025-11-05 12:02:04'),
(539, 15, 152, 'boarding', 'kempegowda railwaystation', 'train', '2025-11-16 06:00 AM', 1, 22, '2025-11-05 12:02:04', '2025-11-05 12:02:04'),
(540, 15, 152, 'boarding', 'Railway station', 'train', '2025-11-16 06:00 AM', 1, 26, '2025-11-05 12:02:04', '2025-11-05 12:02:04'),
(541, 15, 152, 'meeting', 'darjeeling', 'bus', '2025-11-17 06:18 AM', 0, NULL, '2025-11-05 12:02:04', '2025-11-05 12:02:04'),
(542, 15, 152, 'return', 'Home Location', 'bus', '2025-11-20 06:30 PM', 0, NULL, '2025-11-05 12:02:04', '2025-11-05 12:02:04'),
(543, 15, 153, 'boarding', 'kempegowda railwaystation', 'train', '2025-11-23 06:00 AM', 1, 22, '2025-11-05 12:02:04', '2025-11-05 12:02:04'),
(544, 15, 153, 'boarding', 'Railway station', 'train', '2025-11-23 06:00 AM', 1, 26, '2025-11-05 12:02:04', '2025-11-05 12:02:04'),
(545, 15, 153, 'meeting', 'darjeeling', 'bus', '2025-11-24 06:18 AM', 0, NULL, '2025-11-05 12:02:04', '2025-11-05 12:02:04'),
(546, 15, 153, 'return', 'Home Location', 'bus', '2025-11-27 06:30 PM', 0, NULL, '2025-11-05 12:02:04', '2025-11-05 12:02:04'),
(547, 15, 154, 'boarding', 'kempegowda railwaystation', 'train', '2025-11-30 06:00 AM', 1, 22, '2025-11-05 12:02:04', '2025-11-05 12:02:04'),
(548, 15, 154, 'boarding', 'Railway station', 'train', '2025-11-30 06:00 AM', 1, 26, '2025-11-05 12:02:04', '2025-11-05 12:02:04'),
(549, 15, 154, 'meeting', 'darjeeling', 'bus', '2025-12-01 06:18 AM', 0, NULL, '2025-11-05 12:02:04', '2025-11-05 12:02:04'),
(550, 15, 154, 'return', 'Home Location', 'bus', '2025-12-04 06:30 PM', 0, NULL, '2025-11-05 12:02:04', '2025-11-05 12:02:04'),
(575, 16, 163, 'boarding', 'bus stop', 'bus', '2025-11-06 06:00 AM', 1, 38, '2025-11-05 12:12:47', '2025-11-05 12:12:47'),
(576, 16, 163, 'meeting', 'dandeli', 'minibus', '2025-11-07 07:37 PM', 0, NULL, '2025-11-05 12:12:47', '2025-11-05 12:12:47'),
(577, 16, 163, 'return', 'Home Location', 'bus', '2025-11-09 06:40 PM', 0, NULL, '2025-11-05 12:12:47', '2025-11-05 12:12:47'),
(578, 16, 164, 'boarding', 'bus stop', 'bus', '2025-11-13 06:00 AM', 1, 38, '2025-11-05 12:12:47', '2025-11-05 12:12:47'),
(579, 16, 164, 'meeting', 'dandeli', 'minibus', '2025-11-14 07:37 PM', 0, NULL, '2025-11-05 12:12:47', '2025-11-05 12:12:47'),
(580, 16, 164, 'return', 'Home Location', 'bus', '2025-11-16 06:40 PM', 0, NULL, '2025-11-05 12:12:47', '2025-11-05 12:12:47'),
(581, 16, 165, 'boarding', 'bus stop', 'bus', '2025-11-20 06:00 AM', 1, 38, '2025-11-05 12:12:47', '2025-11-05 12:12:47'),
(582, 16, 165, 'meeting', 'dandeli', 'minibus', '2025-11-21 07:37 PM', 0, NULL, '2025-11-05 12:12:47', '2025-11-05 12:12:47'),
(583, 16, 165, 'return', 'Home Location', 'bus', '2025-11-23 06:40 PM', 0, NULL, '2025-11-05 12:12:47', '2025-11-05 12:12:47'),
(584, 16, 166, 'boarding', 'bus stop', 'bus', '2025-11-27 06:00 AM', 1, 38, '2025-11-05 12:12:47', '2025-11-05 12:12:47'),
(585, 16, 166, 'meeting', 'dandeli', 'minibus', '2025-11-28 07:37 PM', 0, NULL, '2025-11-05 12:12:47', '2025-11-05 12:12:47'),
(586, 16, 166, 'return', 'Home Location', 'bus', '2025-11-30 06:40 PM', 0, NULL, '2025-11-05 12:12:47', '2025-11-05 12:12:47'),
(611, 17, 175, 'boarding', 'bus stand', 'minibus', '2025-11-06 12:00 PM', 1, 22, '2025-11-05 12:32:40', '2025-11-05 12:32:40'),
(612, 17, 175, 'meeting', 'Kabul', 'car', '2025-11-07 12:01 PM', 0, NULL, '2025-11-05 12:32:40', '2025-11-05 12:32:40'),
(613, 17, 175, 'return', 'Home Location', 'train', '2025-11-08 06:03 PM', 0, NULL, '2025-11-05 12:32:40', '2025-11-05 12:32:40'),
(614, 17, 176, 'boarding', 'bus stand', 'minibus', '2025-11-05 12:00 PM', 1, 22, '2025-11-05 12:32:40', '2025-11-05 12:32:40'),
(615, 17, 176, 'meeting', 'Kabul', 'car', '2025-11-08 12:01 PM', 0, NULL, '2025-11-05 12:32:40', '2025-11-05 12:32:40'),
(616, 17, 176, 'return', 'Home Location', 'train', '2025-11-09 06:03 PM', 0, NULL, '2025-11-05 12:32:40', '2025-11-05 12:32:40'),
(617, 17, 177, 'boarding', 'bus stand', 'minibus', '2025-11-08 12:00 PM', 1, 22, '2025-11-05 12:32:40', '2025-11-05 12:32:40'),
(618, 17, 177, 'meeting', 'Kabul', 'car', '2025-11-09 12:01 PM', 0, NULL, '2025-11-05 12:32:40', '2025-11-05 12:32:40'),
(619, 17, 177, 'return', 'Home Location', 'train', '2025-11-10 06:03 PM', 0, NULL, '2025-11-05 12:32:40', '2025-11-05 12:32:40'),
(620, 17, 178, 'boarding', 'bus stand', 'minibus', '2025-11-09 12:00 PM', 1, 22, '2025-11-05 12:32:40', '2025-11-05 12:32:40'),
(621, 17, 178, 'meeting', 'Kabul', 'car', '2025-11-10 12:01 PM', 0, NULL, '2025-11-05 12:32:40', '2025-11-05 12:32:40'),
(622, 17, 178, 'return', 'Home Location', 'train', '2025-11-11 06:03 PM', 0, NULL, '2025-11-05 12:32:40', '2025-11-05 12:32:40'),
(623, 17, 179, 'boarding', 'bus stand', 'minibus', '2025-11-13 12:00 PM', 1, 22, '2025-11-05 12:32:40', '2025-11-05 12:32:40'),
(624, 17, 179, 'meeting', 'Kabul', 'car', '2025-11-14 12:01 PM', 0, NULL, '2025-11-05 12:32:40', '2025-11-05 12:32:40'),
(625, 17, 179, 'return', 'Home Location', 'train', '2025-11-15 06:03 PM', 0, NULL, '2025-11-05 12:32:40', '2025-11-05 12:32:40'),
(626, 17, 180, 'boarding', 'bus stand', 'minibus', '2025-11-14 12:00 PM', 1, 22, '2025-11-05 12:32:40', '2025-11-05 12:32:40'),
(627, 17, 180, 'meeting', 'Kabul', 'car', '2025-11-15 12:01 PM', 0, NULL, '2025-11-05 12:32:40', '2025-11-05 12:32:40'),
(628, 17, 180, 'return', 'Home Location', 'train', '2025-11-16 06:03 PM', 0, NULL, '2025-11-05 12:32:40', '2025-11-05 12:32:40'),
(629, 17, 181, 'boarding', 'bus stand', 'minibus', '2025-11-15 12:00 PM', 1, 22, '2025-11-05 12:32:40', '2025-11-05 12:32:40'),
(630, 17, 181, 'meeting', 'Kabul', 'car', '2025-11-16 12:01 PM', 0, NULL, '2025-11-05 12:32:40', '2025-11-05 12:32:40'),
(631, 17, 181, 'return', 'Home Location', 'train', '2025-11-17 06:03 PM', 0, NULL, '2025-11-05 12:32:40', '2025-11-05 12:32:40'),
(632, 17, 182, 'boarding', 'bus stand', 'minibus', '2025-11-16 12:00 PM', 1, 22, '2025-11-05 12:32:40', '2025-11-05 12:32:40'),
(633, 17, 182, 'meeting', 'Kabul', 'car', '2025-11-17 12:01 PM', 0, NULL, '2025-11-05 12:32:40', '2025-11-05 12:32:40'),
(634, 17, 182, 'return', 'Home Location', 'train', '2025-11-18 06:03 PM', 0, NULL, '2025-11-05 12:32:40', '2025-11-05 12:32:40'),
(635, 17, 183, 'boarding', 'bus stand', 'minibus', '2025-11-20 12:00 PM', 1, 22, '2025-11-05 12:32:40', '2025-11-05 12:32:40'),
(636, 17, 183, 'meeting', 'Kabul', 'car', '2025-11-21 12:01 PM', 0, NULL, '2025-11-05 12:32:40', '2025-11-05 12:32:40'),
(637, 17, 183, 'return', 'Home Location', 'train', '2025-11-22 06:03 PM', 0, NULL, '2025-11-05 12:32:40', '2025-11-05 12:32:40'),
(638, 17, 184, 'boarding', 'bus stand', 'minibus', '2025-11-21 12:00 PM', 1, 22, '2025-11-05 12:32:40', '2025-11-05 12:32:40'),
(639, 17, 184, 'meeting', 'Kabul', 'car', '2025-11-22 12:01 PM', 0, NULL, '2025-11-05 12:32:40', '2025-11-05 12:32:40'),
(640, 17, 184, 'return', 'Home Location', 'train', '2025-11-23 06:03 PM', 0, NULL, '2025-11-05 12:32:40', '2025-11-05 12:32:40'),
(641, 17, 185, 'boarding', 'bus stand', 'minibus', '2025-11-22 12:00 PM', 1, 22, '2025-11-05 12:32:40', '2025-11-05 12:32:40'),
(642, 17, 185, 'meeting', 'Kabul', 'car', '2025-11-23 12:01 PM', 0, NULL, '2025-11-05 12:32:40', '2025-11-05 12:32:40'),
(643, 17, 185, 'return', 'Home Location', 'train', '2025-11-24 06:03 PM', 0, NULL, '2025-11-05 12:32:40', '2025-11-05 12:32:40'),
(644, 17, 186, 'boarding', 'bus stand', 'minibus', '2025-11-23 12:00 PM', 1, 22, '2025-11-05 12:32:40', '2025-11-05 12:32:40'),
(645, 17, 186, 'meeting', 'Kabul', 'car', '2025-11-24 12:01 PM', 0, NULL, '2025-11-05 12:32:40', '2025-11-05 12:32:40'),
(646, 17, 186, 'return', 'Home Location', 'train', '2025-11-25 06:03 PM', 0, NULL, '2025-11-05 12:32:40', '2025-11-05 12:32:40'),
(647, 17, 187, 'boarding', 'bus stand', 'minibus', '2025-11-27 12:00 PM', 1, 22, '2025-11-05 12:32:40', '2025-11-05 12:32:40'),
(648, 17, 187, 'meeting', 'Kabul', 'car', '2025-11-28 12:01 PM', 0, NULL, '2025-11-05 12:32:40', '2025-11-05 12:32:40'),
(649, 17, 187, 'return', 'Home Location', 'train', '2025-11-29 06:03 PM', 0, NULL, '2025-11-05 12:32:40', '2025-11-05 12:32:40'),
(650, 17, 188, 'boarding', 'bus stand', 'minibus', '2025-11-28 12:00 PM', 1, 22, '2025-11-05 12:32:40', '2025-11-05 12:32:40'),
(651, 17, 188, 'meeting', 'Kabul', 'car', '2025-11-29 12:01 PM', 0, NULL, '2025-11-05 12:32:40', '2025-11-05 12:32:40'),
(652, 17, 188, 'return', 'Home Location', 'train', '2025-11-30 06:03 PM', 0, NULL, '2025-11-05 12:32:40', '2025-11-05 12:32:40'),
(653, 17, 189, 'boarding', 'bus stand', 'minibus', '2025-11-29 12:00 PM', 1, 22, '2025-11-05 12:32:40', '2025-11-05 12:32:40'),
(654, 17, 189, 'meeting', 'Kabul', 'car', '2025-11-30 12:01 PM', 0, NULL, '2025-11-05 12:32:40', '2025-11-05 12:32:40'),
(655, 17, 189, 'return', 'Home Location', 'train', '2025-12-01 06:03 PM', 0, NULL, '2025-11-05 12:32:40', '2025-11-05 12:32:40'),
(656, 17, 190, 'boarding', 'bus stand', 'minibus', '2025-11-30 12:00 PM', 1, 22, '2025-11-05 12:32:40', '2025-11-05 12:32:40'),
(657, 17, 190, 'meeting', 'Kabul', 'car', '2025-12-01 12:01 PM', 0, NULL, '2025-11-05 12:32:40', '2025-11-05 12:32:40'),
(658, 17, 190, 'return', 'Home Location', 'train', '2025-12-02 06:03 PM', 0, NULL, '2025-11-05 12:32:40', '2025-11-05 12:32:40'),
(659, 18, 191, 'boarding', 'bus stop', 'minibus', '2025-11-13 06:00 AM', 1, 26, '2025-11-06 05:27:14', '2025-11-06 05:27:14'),
(660, 18, 191, 'boarding', 'kempegowda bus stop', 'minibus', '2025-11-13 06:00 AM', 1, 22, '2025-11-06 05:27:14', '2025-11-06 05:27:14'),
(661, 18, 191, 'meeting', 'varanasi', 'minibus', '2025-11-14 06:10 AM', 0, NULL, '2025-11-06 05:27:14', '2025-11-06 05:27:14'),
(662, 18, 191, 'return', 'Home Location', 'minibus', '2025-11-16 06:30 PM', 0, NULL, '2025-11-06 05:27:14', '2025-11-06 05:27:14'),
(663, 18, 192, 'boarding', 'bus stop', 'minibus', '2025-11-20 06:00 AM', 1, 26, '2025-11-06 05:27:14', '2025-11-06 05:27:14'),
(664, 18, 192, 'boarding', 'kempegowda bus stop', 'minibus', '2025-11-20 06:00 AM', 1, 22, '2025-11-06 05:27:14', '2025-11-06 05:27:14'),
(665, 18, 192, 'meeting', 'varanasi', 'minibus', '2025-11-21 06:10 AM', 0, NULL, '2025-11-06 05:27:14', '2025-11-06 05:27:14'),
(666, 18, 192, 'return', 'Home Location', 'minibus', '2025-11-23 06:30 PM', 0, NULL, '2025-11-06 05:27:14', '2025-11-06 05:27:14'),
(667, 18, 193, 'boarding', 'bus stop', 'minibus', '2025-11-27 06:00 AM', 1, 26, '2025-11-06 05:27:14', '2025-11-06 05:27:14'),
(668, 18, 193, 'boarding', 'kempegowda bus stop', 'minibus', '2025-11-27 06:00 AM', 1, 22, '2025-11-06 05:27:14', '2025-11-06 05:27:14'),
(669, 18, 193, 'meeting', 'varanasi', 'minibus', '2025-11-28 06:10 AM', 0, NULL, '2025-11-06 05:27:14', '2025-11-06 05:27:14'),
(670, 18, 193, 'return', 'Home Location', 'minibus', '2025-11-30 06:30 PM', 0, NULL, '2025-11-06 05:27:14', '2025-11-06 05:27:14'),
(671, 19, 194, 'boarding', 'Railway station', 'train', '2025-11-13 06:00 AM', 1, 26, '2025-11-06 09:32:48', '2025-11-06 09:32:48'),
(672, 19, 194, 'meeting', 'praygraj', 'bus', '2025-11-14 06:00 AM', 0, NULL, '2025-11-06 09:32:48', '2025-11-06 09:32:48'),
(673, 19, 194, 'return', 'Home Location', 'bus', '2025-11-15 06:00 PM', 0, NULL, '2025-11-06 09:32:48', '2025-11-06 09:32:48'),
(674, 19, 195, 'boarding', 'Railway station', 'train', '2025-11-20 06:00 AM', 1, 26, '2025-11-06 09:32:48', '2025-11-06 09:32:48'),
(675, 19, 195, 'meeting', 'praygraj', 'bus', '2025-11-21 06:00 AM', 0, NULL, '2025-11-06 09:32:48', '2025-11-06 09:32:48'),
(676, 19, 195, 'return', 'Home Location', 'bus', '2025-11-22 06:00 PM', 0, NULL, '2025-11-06 09:32:48', '2025-11-06 09:32:48'),
(677, 19, 196, 'boarding', 'Railway station', 'train', '2025-11-27 06:00 AM', 1, 26, '2025-11-06 09:32:48', '2025-11-06 09:32:48'),
(678, 19, 196, 'meeting', 'praygraj', 'bus', '2025-11-28 06:00 AM', 0, NULL, '2025-11-06 09:32:48', '2025-11-06 09:32:48'),
(679, 19, 196, 'return', 'Home Location', 'bus', '2025-11-29 06:00 PM', 0, NULL, '2025-11-06 09:32:48', '2025-11-06 09:32:48'),
(680, 20, 197, 'boarding', 'kempegowda bus stop', 'bus', '2025-11-08 06:00 AM', 1, 22, '2025-11-06 09:55:02', '2025-11-06 09:55:02'),
(681, 20, 197, 'boarding', 'bus stop', 'bus', '2025-11-08 06:00 AM', 1, 38, '2025-11-06 09:55:02', '2025-11-06 09:55:02'),
(682, 20, 197, 'meeting', 'pondicherry', 'bus', '2025-11-09 06:00 AM', 0, NULL, '2025-11-06 09:55:02', '2025-11-06 09:55:02'),
(683, 20, 197, 'return', 'Home Location', 'bus', '2025-11-11 10:00 PM', 0, NULL, '2025-11-06 09:55:02', '2025-11-06 09:55:02'),
(684, 20, 198, 'boarding', 'kempegowda bus stop', 'bus', '2025-11-15 06:00 AM', 1, 22, '2025-11-06 09:55:02', '2025-11-06 09:55:02'),
(685, 20, 198, 'boarding', 'bus stop', 'bus', '2025-11-15 06:00 AM', 1, 38, '2025-11-06 09:55:02', '2025-11-06 09:55:02'),
(686, 20, 198, 'meeting', 'pondicherry', 'bus', '2025-11-16 06:00 AM', 0, NULL, '2025-11-06 09:55:02', '2025-11-06 09:55:02'),
(687, 20, 198, 'return', 'Home Location', 'bus', '2025-11-18 10:00 PM', 0, NULL, '2025-11-06 09:55:02', '2025-11-06 09:55:02'),
(688, 20, 199, 'boarding', 'kempegowda bus stop', 'bus', '2025-11-22 06:00 AM', 1, 22, '2025-11-06 09:55:02', '2025-11-06 09:55:02'),
(689, 20, 199, 'boarding', 'bus stop', 'bus', '2025-11-22 06:00 AM', 1, 38, '2025-11-06 09:55:02', '2025-11-06 09:55:02'),
(690, 20, 199, 'meeting', 'pondicherry', 'bus', '2025-11-23 06:00 AM', 0, NULL, '2025-11-06 09:55:02', '2025-11-06 09:55:02'),
(691, 20, 199, 'return', 'Home Location', 'bus', '2025-11-25 10:00 PM', 0, NULL, '2025-11-06 09:55:02', '2025-11-06 09:55:02'),
(692, 20, 200, 'boarding', 'kempegowda bus stop', 'bus', '2025-11-29 06:00 AM', 1, 22, '2025-11-06 09:55:02', '2025-11-06 09:55:02'),
(693, 20, 200, 'boarding', 'bus stop', 'bus', '2025-11-29 06:00 AM', 1, 38, '2025-11-06 09:55:02', '2025-11-06 09:55:02'),
(694, 20, 200, 'meeting', 'pondicherry', 'bus', '2025-11-30 06:00 AM', 0, NULL, '2025-11-06 09:55:02', '2025-11-06 09:55:02'),
(695, 20, 200, 'return', 'Home Location', 'bus', '2025-12-02 10:00 PM', 0, NULL, '2025-11-06 09:55:02', '2025-11-06 09:55:02'),
(708, 21, 205, 'boarding', 'kempegowda bus stop', 'bus', '2025-11-09 06:00 AM', 1, 22, '2025-11-06 10:13:45', '2025-11-06 10:13:45'),
(709, 21, 205, 'meeting', 'mangaluru', 'bus', '2025-11-10 06:00 AM', 0, NULL, '2025-11-06 10:13:45', '2025-11-06 10:13:45'),
(710, 21, 205, 'return', 'Home Location', 'bus', '2025-11-12 11:00 PM', 0, NULL, '2025-11-06 10:13:45', '2025-11-06 10:13:45'),
(711, 21, 206, 'boarding', 'kempegowda bus stop', 'bus', '2025-11-16 06:00 AM', 1, 22, '2025-11-06 10:13:45', '2025-11-06 10:13:45'),
(712, 21, 206, 'meeting', 'mangaluru', 'bus', '2025-11-17 06:00 AM', 0, NULL, '2025-11-06 10:13:45', '2025-11-06 10:13:45'),
(713, 21, 206, 'return', 'Home Location', 'bus', '2025-11-19 11:00 PM', 0, NULL, '2025-11-06 10:13:45', '2025-11-06 10:13:45'),
(714, 21, 207, 'boarding', 'kempegowda bus stop', 'bus', '2025-11-23 06:00 AM', 1, 22, '2025-11-06 10:13:45', '2025-11-06 10:13:45'),
(715, 21, 207, 'meeting', 'mangaluru', 'bus', '2025-11-24 06:00 AM', 0, NULL, '2025-11-06 10:13:45', '2025-11-06 10:13:45'),
(716, 21, 207, 'return', 'Home Location', 'bus', '2025-11-26 11:00 PM', 0, NULL, '2025-11-06 10:13:45', '2025-11-06 10:13:45'),
(717, 21, 208, 'boarding', 'kempegowda bus stop', 'bus', '2025-11-30 06:00 AM', 1, 22, '2025-11-06 10:13:45', '2025-11-06 10:13:45'),
(718, 21, 208, 'meeting', 'mangaluru', 'bus', '2025-12-01 06:00 AM', 0, NULL, '2025-11-06 10:13:45', '2025-11-06 10:13:45'),
(719, 21, 208, 'return', 'Home Location', 'bus', '2025-12-03 11:00 PM', 0, NULL, '2025-11-06 10:13:45', '2025-11-06 10:13:45'),
(720, 22, 209, 'boarding', 'kempegowda bus stop', 'bus', '2025-11-10 06:00 AM', 1, 22, '2025-11-06 10:36:43', '2025-11-06 10:36:43'),
(721, 22, 209, 'meeting', 'bangalore', 'bus', '2025-11-11 06:00 AM', 0, NULL, '2025-11-06 10:36:43', '2025-11-06 10:36:43'),
(722, 22, 209, 'return', 'Home Location', 'bus', '2025-11-14 10:00 PM', 0, NULL, '2025-11-06 10:36:43', '2025-11-06 10:36:43'),
(723, 22, 210, 'boarding', 'kempegowda bus stop', 'bus', '2025-11-17 06:00 AM', 1, 22, '2025-11-06 10:36:43', '2025-11-06 10:36:43'),
(724, 22, 210, 'meeting', 'bangalore', 'bus', '2025-11-18 06:00 AM', 0, NULL, '2025-11-06 10:36:43', '2025-11-06 10:36:43'),
(725, 22, 210, 'return', 'Home Location', 'bus', '2025-11-21 10:00 PM', 0, NULL, '2025-11-06 10:36:43', '2025-11-06 10:36:43'),
(726, 22, 211, 'boarding', 'kempegowda bus stop', 'bus', '2025-11-24 06:00 AM', 1, 22, '2025-11-06 10:36:43', '2025-11-06 10:36:43'),
(727, 22, 211, 'meeting', 'bangalore', 'bus', '2025-11-25 06:00 AM', 0, NULL, '2025-11-06 10:36:43', '2025-11-06 10:36:43'),
(728, 22, 211, 'return', 'Home Location', 'bus', '2025-11-28 10:00 PM', 0, NULL, '2025-11-06 10:36:43', '2025-11-06 10:36:43'),
(729, 23, 212, 'boarding', 'Airport', 'bus', '2025-11-07 06:00 AM', 1, 18, '2025-11-06 11:03:28', '2025-11-06 11:03:28'),
(730, 23, 212, 'meeting', 'lambasingi bus stop', 'bus', '2025-11-08 06:30 AM', 0, NULL, '2025-11-06 11:03:28', '2025-11-06 11:03:28'),
(731, 23, 212, 'return', 'Home Location', 'bus', '2025-11-11 06:30 PM', 0, NULL, '2025-11-06 11:03:28', '2025-11-06 11:03:28'),
(732, 23, 213, 'boarding', 'Airport', 'bus', '2025-11-14 06:00 AM', 1, 18, '2025-11-06 11:03:28', '2025-11-06 11:03:28'),
(733, 23, 213, 'meeting', 'lambasingi bus stop', 'bus', '2025-11-15 06:30 AM', 0, NULL, '2025-11-06 11:03:28', '2025-11-06 11:03:28'),
(734, 23, 213, 'return', 'Home Location', 'bus', '2025-11-18 06:30 PM', 0, NULL, '2025-11-06 11:03:28', '2025-11-06 11:03:28'),
(735, 23, 214, 'boarding', 'Airport', 'bus', '2025-11-21 06:00 AM', 1, 18, '2025-11-06 11:03:28', '2025-11-06 11:03:28'),
(736, 23, 214, 'meeting', 'lambasingi bus stop', 'bus', '2025-11-22 06:30 AM', 0, NULL, '2025-11-06 11:03:28', '2025-11-06 11:03:28'),
(737, 23, 214, 'return', 'Home Location', 'bus', '2025-11-25 06:30 PM', 0, NULL, '2025-11-06 11:03:28', '2025-11-06 11:03:28'),
(738, 23, 215, 'boarding', 'Airport', 'bus', '2025-11-28 06:00 AM', 1, 18, '2025-11-06 11:03:28', '2025-11-06 11:03:28'),
(739, 23, 215, 'meeting', 'lambasingi bus stop', 'bus', '2025-11-29 06:30 AM', 0, NULL, '2025-11-06 11:03:28', '2025-11-06 11:03:28'),
(740, 23, 215, 'return', 'Home Location', 'bus', '2025-12-02 06:30 PM', 0, NULL, '2025-11-06 11:03:28', '2025-11-06 11:03:28'),
(741, 24, 216, 'boarding', 'bus stand', 'bus', '2025-11-14 06:00 AM', 1, 22, '2025-11-07 04:59:12', '2025-11-07 04:59:12'),
(742, 24, 216, 'boarding', 'bus stand', 'bus', '2025-11-14 06:00 AM', 1, 26, '2025-11-07 04:59:12', '2025-11-07 04:59:12'),
(743, 24, 216, 'meeting', 'mahabalipura bus stand', 'minibus', '2025-11-15 06:00 AM', 0, NULL, '2025-11-07 04:59:12', '2025-11-07 04:59:12'),
(744, 24, 216, 'return', 'Home Location', 'bus', '2025-11-16 06:30 PM', 0, NULL, '2025-11-07 04:59:12', '2025-11-07 04:59:12'),
(745, 24, 217, 'boarding', 'bus stand', 'bus', '2025-11-21 06:00 AM', 1, 22, '2025-11-07 04:59:12', '2025-11-07 04:59:12'),
(746, 24, 217, 'boarding', 'bus stand', 'bus', '2025-11-21 06:00 AM', 1, 26, '2025-11-07 04:59:12', '2025-11-07 04:59:12'),
(747, 24, 217, 'meeting', 'mahabalipura bus stand', 'minibus', '2025-11-22 06:00 AM', 0, NULL, '2025-11-07 04:59:12', '2025-11-07 04:59:12'),
(748, 24, 217, 'return', 'Home Location', 'bus', '2025-11-23 06:30 PM', 0, NULL, '2025-11-07 04:59:12', '2025-11-07 04:59:12'),
(749, 24, 218, 'boarding', 'bus stand', 'bus', '2025-11-28 06:00 AM', 1, 22, '2025-11-07 04:59:12', '2025-11-07 04:59:12'),
(750, 24, 218, 'boarding', 'bus stand', 'bus', '2025-11-28 06:00 AM', 1, 26, '2025-11-07 04:59:12', '2025-11-07 04:59:12'),
(751, 24, 218, 'meeting', 'mahabalipura bus stand', 'minibus', '2025-11-29 06:00 AM', 0, NULL, '2025-11-07 04:59:12', '2025-11-07 04:59:12'),
(752, 24, 218, 'return', 'Home Location', 'bus', '2025-11-30 06:30 PM', 0, NULL, '2025-11-07 04:59:12', '2025-11-07 04:59:12'),
(753, 25, 219, 'boarding', 'kempegowda railwaystation', 'train', '2025-11-13 06:00 AM', 1, 22, '2025-11-07 05:09:57', '2025-11-07 05:09:57'),
(754, 25, 219, 'boarding', 'Railway Station', 'train', '2025-11-13 06:00 AM', 1, 38, '2025-11-07 05:09:57', '2025-11-07 05:09:57'),
(755, 25, 219, 'meeting', 'kanyakumari railway station', 'bus', '2025-11-14 07:30 AM', 0, NULL, '2025-11-07 05:09:57', '2025-11-07 05:09:57'),
(756, 25, 219, 'return', 'Home Location', 'bus', '2025-11-17 06:30 PM', 0, NULL, '2025-11-07 05:09:57', '2025-11-07 05:09:57'),
(757, 25, 220, 'boarding', 'kempegowda railwaystation', 'train', '2025-11-20 06:00 AM', 1, 22, '2025-11-07 05:09:57', '2025-11-07 05:09:57'),
(758, 25, 220, 'boarding', 'Railway Station', 'train', '2025-11-20 06:00 AM', 1, 38, '2025-11-07 05:09:57', '2025-11-07 05:09:57'),
(759, 25, 220, 'meeting', 'kanyakumari railway station', 'bus', '2025-11-21 07:30 AM', 0, NULL, '2025-11-07 05:09:57', '2025-11-07 05:09:57'),
(760, 25, 220, 'return', 'Home Location', 'bus', '2025-11-24 06:30 PM', 0, NULL, '2025-11-07 05:09:57', '2025-11-07 05:09:57'),
(761, 25, 221, 'boarding', 'kempegowda railwaystation', 'train', '2025-11-27 06:00 AM', 1, 22, '2025-11-07 05:09:57', '2025-11-07 05:09:57'),
(762, 25, 221, 'boarding', 'Railway Station', 'train', '2025-11-27 06:00 AM', 1, 38, '2025-11-07 05:09:57', '2025-11-07 05:09:57'),
(763, 25, 221, 'meeting', 'kanyakumari railway station', 'bus', '2025-11-28 07:30 AM', 0, NULL, '2025-11-07 05:09:57', '2025-11-07 05:09:57'),
(764, 25, 221, 'return', 'Home Location', 'bus', '2025-12-01 06:30 PM', 0, NULL, '2025-11-07 05:09:57', '2025-11-07 05:09:57'),
(765, 26, 222, 'boarding', 'railway station', 'train', '2025-11-08 06:00 AM', 1, 58, '2025-11-07 05:19:33', '2025-11-07 05:19:33'),
(766, 26, 222, 'meeting', 'railwastation', 'minibus', '2025-11-09 06:45 AM', 0, NULL, '2025-11-07 05:19:33', '2025-11-07 05:19:33'),
(767, 26, 222, 'return', 'Home Location', 'train', '2025-11-10 06:45 PM', 0, NULL, '2025-11-07 05:19:33', '2025-11-07 05:19:33'),
(768, 26, 223, 'boarding', 'railway station', 'train', '2025-11-15 06:00 AM', 1, 58, '2025-11-07 05:19:33', '2025-11-07 05:19:33'),
(769, 26, 223, 'meeting', 'railwastation', 'minibus', '2025-11-16 06:45 AM', 0, NULL, '2025-11-07 05:19:33', '2025-11-07 05:19:33'),
(770, 26, 223, 'return', 'Home Location', 'train', '2025-11-17 06:45 PM', 0, NULL, '2025-11-07 05:19:33', '2025-11-07 05:19:33'),
(771, 26, 224, 'boarding', 'railway station', 'train', '2025-11-22 06:00 AM', 1, 58, '2025-11-07 05:19:33', '2025-11-07 05:19:33'),
(772, 26, 224, 'meeting', 'railwastation', 'minibus', '2025-11-23 06:45 AM', 0, NULL, '2025-11-07 05:19:33', '2025-11-07 05:19:33'),
(773, 26, 224, 'return', 'Home Location', 'train', '2025-11-24 06:45 PM', 0, NULL, '2025-11-07 05:19:33', '2025-11-07 05:19:33'),
(774, 26, 225, 'boarding', 'railway station', 'train', '2025-11-29 06:00 AM', 1, 58, '2025-11-07 05:19:33', '2025-11-07 05:19:33'),
(775, 26, 225, 'meeting', 'railwastation', 'minibus', '2025-11-30 06:45 AM', 0, NULL, '2025-11-07 05:19:33', '2025-11-07 05:19:33'),
(776, 26, 225, 'return', 'Home Location', 'train', '2025-12-01 06:45 PM', 0, NULL, '2025-11-07 05:19:33', '2025-11-07 05:19:33'),
(777, 27, 226, 'boarding', 'kempegowda bus stop', 'bus', '2025-11-09 06:00 AM', 1, 22, '2025-11-07 06:01:05', '2025-11-07 06:01:05'),
(778, 27, 226, 'meeting', 'bangalore', 'bus', '2025-11-10 06:00 AM', 0, NULL, '2025-11-07 06:01:05', '2025-11-07 06:01:05'),
(779, 27, 226, 'return', 'Home Location', 'bus', '2025-11-12 06:00 AM', 0, NULL, '2025-11-07 06:01:05', '2025-11-07 06:01:05'),
(780, 27, 227, 'boarding', 'kempegowda bus stop', 'bus', '2025-11-16 06:00 AM', 1, 22, '2025-11-07 06:01:05', '2025-11-07 06:01:05'),
(781, 27, 227, 'meeting', 'bangalore', 'bus', '2025-11-17 06:00 AM', 0, NULL, '2025-11-07 06:01:05', '2025-11-07 06:01:05'),
(782, 27, 227, 'return', 'Home Location', 'bus', '2025-11-19 06:00 AM', 0, NULL, '2025-11-07 06:01:05', '2025-11-07 06:01:05'),
(783, 27, 228, 'boarding', 'kempegowda bus stop', 'bus', '2025-11-23 06:00 AM', 1, 22, '2025-11-07 06:01:05', '2025-11-07 06:01:05'),
(784, 27, 228, 'meeting', 'bangalore', 'bus', '2025-11-24 06:00 AM', 0, NULL, '2025-11-07 06:01:05', '2025-11-07 06:01:05'),
(785, 27, 228, 'return', 'Home Location', 'bus', '2025-11-26 06:00 AM', 0, NULL, '2025-11-07 06:01:05', '2025-11-07 06:01:05'),
(786, 27, 229, 'boarding', 'kempegowda bus stop', 'bus', '2025-11-30 06:00 AM', 1, 22, '2025-11-07 06:01:05', '2025-11-07 06:01:05'),
(787, 27, 229, 'meeting', 'bangalore', 'bus', '2025-12-01 06:00 AM', 0, NULL, '2025-11-07 06:01:05', '2025-11-07 06:01:05'),
(788, 27, 229, 'return', 'Home Location', 'bus', '2025-12-03 06:00 AM', 0, NULL, '2025-11-07 06:01:05', '2025-11-07 06:01:05'),
(825, 28, 242, 'boarding', 'kempegowda bus stop', 'bus', '2025-11-10 06:00 AM', 1, 22, '2025-11-07 06:14:53', '2025-11-07 06:14:53'),
(826, 28, 242, 'meeting', 'hindupur', 'bus', '2025-11-11 06:00 AM', 0, NULL, '2025-11-07 06:14:53', '2025-11-07 06:14:53'),
(827, 28, 242, 'return', 'Home Location', 'bus', '2025-11-12 10:00 AM', 0, NULL, '2025-11-07 06:14:53', '2025-11-07 06:14:53'),
(828, 28, 243, 'boarding', 'kempegowda bus stop', 'bus', '2025-11-17 06:00 AM', 1, 22, '2025-11-07 06:14:53', '2025-11-07 06:14:53'),
(829, 28, 243, 'meeting', 'hindupur', 'bus', '2025-11-18 06:00 AM', 0, NULL, '2025-11-07 06:14:53', '2025-11-07 06:14:53'),
(830, 28, 243, 'return', 'Home Location', 'bus', '2025-11-19 10:00 AM', 0, NULL, '2025-11-07 06:14:53', '2025-11-07 06:14:53'),
(831, 28, 244, 'boarding', 'kempegowda bus stop', 'bus', '2025-11-24 06:00 AM', 1, 22, '2025-11-07 06:14:53', '2025-11-07 06:14:53'),
(832, 28, 244, 'meeting', 'hindupur', 'bus', '2025-11-25 06:00 AM', 0, NULL, '2025-11-07 06:14:53', '2025-11-07 06:14:53'),
(833, 28, 244, 'return', 'Home Location', 'bus', '2025-11-26 10:00 AM', 0, NULL, '2025-11-07 06:14:53', '2025-11-07 06:14:53'),
(834, 29, 245, 'boarding', 'kempegowda railwaystation', 'train', '2025-11-08 06:00 AM', 1, 22, '2025-11-07 06:28:39', '2025-11-07 06:28:39'),
(835, 29, 245, 'meeting', 'jaipur railway station', 'minibus', '2025-11-09 05:50 AM', 0, NULL, '2025-11-07 06:28:39', '2025-11-07 06:28:39'),
(836, 29, 245, 'return', 'Home Location', 'train', '2025-11-11 04:00 PM', 0, NULL, '2025-11-07 06:28:39', '2025-11-07 06:28:39'),
(837, 29, 246, 'boarding', 'kempegowda railwaystation', 'train', '2025-11-15 06:00 AM', 1, 22, '2025-11-07 06:28:39', '2025-11-07 06:28:39'),
(838, 29, 246, 'meeting', 'jaipur railway station', 'minibus', '2025-11-16 05:50 AM', 0, NULL, '2025-11-07 06:28:39', '2025-11-07 06:28:39'),
(839, 29, 246, 'return', 'Home Location', 'train', '2025-11-18 04:00 PM', 0, NULL, '2025-11-07 06:28:39', '2025-11-07 06:28:39'),
(840, 29, 247, 'boarding', 'kempegowda railwaystation', 'train', '2025-11-22 06:00 AM', 1, 22, '2025-11-07 06:28:39', '2025-11-07 06:28:39'),
(841, 29, 247, 'meeting', 'jaipur railway station', 'minibus', '2025-11-23 05:50 AM', 0, NULL, '2025-11-07 06:28:39', '2025-11-07 06:28:39'),
(842, 29, 247, 'return', 'Home Location', 'train', '2025-11-25 04:00 PM', 0, NULL, '2025-11-07 06:28:39', '2025-11-07 06:28:39'),
(843, 29, 248, 'boarding', 'kempegowda railwaystation', 'train', '2025-11-29 06:00 AM', 1, 22, '2025-11-07 06:28:39', '2025-11-07 06:28:39'),
(844, 29, 248, 'meeting', 'jaipur railway station', 'minibus', '2025-11-30 05:50 AM', 0, NULL, '2025-11-07 06:28:39', '2025-11-07 06:28:39'),
(845, 29, 248, 'return', 'Home Location', 'train', '2025-12-02 04:00 PM', 0, NULL, '2025-11-07 06:28:39', '2025-11-07 06:28:39'),
(846, 30, 249, 'boarding', 'kempegowda bus stop', 'bus', '2025-11-09 12:00 PM', 1, 22, '2025-11-07 06:32:06', '2025-11-07 06:32:06'),
(847, 30, 249, 'meeting', 'hydrabad', 'bus', '2025-11-10 06:00 AM', 0, NULL, '2025-11-07 06:32:06', '2025-11-07 06:32:06'),
(848, 30, 249, 'return', 'Home Location', 'bus', '2025-11-12 11:00 PM', 0, NULL, '2025-11-07 06:32:06', '2025-11-07 06:32:06'),
(849, 30, 250, 'boarding', 'kempegowda bus stop', 'bus', '2025-11-16 12:00 PM', 1, 22, '2025-11-07 06:32:06', '2025-11-07 06:32:06'),
(850, 30, 250, 'meeting', 'hydrabad', 'bus', '2025-11-17 06:00 AM', 0, NULL, '2025-11-07 06:32:06', '2025-11-07 06:32:06'),
(851, 30, 250, 'return', 'Home Location', 'bus', '2025-11-19 11:00 PM', 0, NULL, '2025-11-07 06:32:06', '2025-11-07 06:32:06'),
(852, 30, 251, 'boarding', 'kempegowda bus stop', 'bus', '2025-11-23 12:00 PM', 1, 22, '2025-11-07 06:32:06', '2025-11-07 06:32:06'),
(853, 30, 251, 'meeting', 'hydrabad', 'bus', '2025-11-24 06:00 AM', 0, NULL, '2025-11-07 06:32:06', '2025-11-07 06:32:06'),
(854, 30, 251, 'return', 'Home Location', 'bus', '2025-11-26 11:00 PM', 0, NULL, '2025-11-07 06:32:06', '2025-11-07 06:32:06'),
(855, 30, 252, 'boarding', 'kempegowda bus stop', 'bus', '2025-11-30 12:00 PM', 1, 22, '2025-11-07 06:32:06', '2025-11-07 06:32:06'),
(856, 30, 252, 'meeting', 'hydrabad', 'bus', '2025-12-01 06:00 AM', 0, NULL, '2025-11-07 06:32:06', '2025-11-07 06:32:06'),
(857, 30, 252, 'return', 'Home Location', 'bus', '2025-12-03 11:00 PM', 0, NULL, '2025-11-07 06:32:06', '2025-11-07 06:32:06'),
(882, 31, 261, 'boarding', 'kempegowda bus stop', 'bus', '2025-11-09 06:00 AM', 1, 22, '2025-11-07 06:43:12', '2025-11-07 06:43:12'),
(883, 31, 261, 'meeting', 'bangalore', 'bus', '2025-11-10 06:00 AM', 0, NULL, '2025-11-07 06:43:12', '2025-11-07 06:43:12'),
(884, 31, 261, 'return', 'Home Location', 'bus', '2025-11-11 10:00 PM', 0, NULL, '2025-11-07 06:43:12', '2025-11-07 06:43:12'),
(885, 31, 262, 'boarding', 'kempegowda bus stop', 'bus', '2025-11-16 06:00 AM', 1, 22, '2025-11-07 06:43:12', '2025-11-07 06:43:12'),
(886, 31, 262, 'meeting', 'bangalore', 'bus', '2025-11-17 06:00 AM', 0, NULL, '2025-11-07 06:43:12', '2025-11-07 06:43:12'),
(887, 31, 262, 'return', 'Home Location', 'bus', '2025-11-18 10:00 PM', 0, NULL, '2025-11-07 06:43:12', '2025-11-07 06:43:12'),
(888, 31, 263, 'boarding', 'kempegowda bus stop', 'bus', '2025-11-23 06:00 AM', 1, 22, '2025-11-07 06:43:12', '2025-11-07 06:43:12'),
(889, 31, 263, 'meeting', 'bangalore', 'bus', '2025-11-24 06:00 AM', 0, NULL, '2025-11-07 06:43:12', '2025-11-07 06:43:12'),
(890, 31, 263, 'return', 'Home Location', 'bus', '2025-11-25 10:00 PM', 0, NULL, '2025-11-07 06:43:12', '2025-11-07 06:43:12'),
(891, 31, 264, 'boarding', 'kempegowda bus stop', 'bus', '2025-11-30 06:00 AM', 1, 22, '2025-11-07 06:43:12', '2025-11-07 06:43:12'),
(892, 31, 264, 'meeting', 'bangalore', 'bus', '2025-12-01 06:00 AM', 0, NULL, '2025-11-07 06:43:12', '2025-11-07 06:43:12'),
(893, 31, 264, 'return', 'Home Location', 'bus', '2025-12-02 10:00 PM', 0, NULL, '2025-11-07 06:43:12', '2025-11-07 06:43:12'),
(918, 32, 273, 'boarding', 'bus stand', 'bus', '2025-11-09 06:00 AM', 1, 22, '2025-11-07 06:51:52', '2025-11-07 06:51:52'),
(919, 32, 273, 'meeting', 'bangalore', 'bus', '2025-11-10 06:00 AM', 0, NULL, '2025-11-07 06:51:52', '2025-11-07 06:51:52'),
(920, 32, 273, 'return', 'Home Location', 'bus', '2025-11-11 10:00 PM', 0, NULL, '2025-11-07 06:51:52', '2025-11-07 06:51:52'),
(921, 32, 274, 'boarding', 'bus stand', 'bus', '2025-11-16 06:00 AM', 1, 22, '2025-11-07 06:51:52', '2025-11-07 06:51:52'),
(922, 32, 274, 'meeting', 'bangalore', 'bus', '2025-11-17 06:00 AM', 0, NULL, '2025-11-07 06:51:52', '2025-11-07 06:51:52'),
(923, 32, 274, 'return', 'Home Location', 'bus', '2025-11-18 10:00 PM', 0, NULL, '2025-11-07 06:51:52', '2025-11-07 06:51:52'),
(924, 32, 275, 'boarding', 'bus stand', 'bus', '2025-11-23 06:00 AM', 1, 22, '2025-11-07 06:51:52', '2025-11-07 06:51:52'),
(925, 32, 275, 'meeting', 'bangalore', 'bus', '2025-11-24 06:00 AM', 0, NULL, '2025-11-07 06:51:52', '2025-11-07 06:51:52'),
(926, 32, 275, 'return', 'Home Location', 'bus', '2025-11-25 10:00 PM', 0, NULL, '2025-11-07 06:51:52', '2025-11-07 06:51:52'),
(927, 32, 276, 'boarding', 'bus stand', 'bus', '2025-11-30 06:00 AM', 1, 22, '2025-11-07 06:51:52', '2025-11-07 06:51:52'),
(928, 32, 276, 'meeting', 'bangalore', 'bus', '2025-12-01 06:00 AM', 0, NULL, '2025-11-07 06:51:52', '2025-11-07 06:51:52'),
(929, 32, 276, 'return', 'Home Location', 'bus', '2025-12-02 10:00 PM', 0, NULL, '2025-11-07 06:51:52', '2025-11-07 06:51:52'),
(1026, 33, 309, 'boarding', 'kempegowda railwaystation', 'train', '2025-11-09 06:00 AM', 1, 22, '2025-11-07 07:12:43', '2025-11-07 07:12:43'),
(1027, 33, 309, 'meeting', 'kedarnath railway station', 'minibus', '2025-11-10 06:30 AM', 0, NULL, '2025-11-07 07:12:43', '2025-11-07 07:12:43'),
(1028, 33, 309, 'return', 'Home Location', 'train', '2025-11-12 06:30 PM', 0, NULL, '2025-11-07 07:12:43', '2025-11-07 07:12:43'),
(1029, 33, 310, 'boarding', 'kempegowda railwaystation', 'train', '2025-11-16 06:00 AM', 1, 22, '2025-11-07 07:12:43', '2025-11-07 07:12:43'),
(1030, 33, 310, 'meeting', 'kedarnath railway station', 'minibus', '2025-11-17 06:30 AM', 0, NULL, '2025-11-07 07:12:43', '2025-11-07 07:12:43'),
(1031, 33, 310, 'return', 'Home Location', 'train', '2025-11-19 06:30 PM', 0, NULL, '2025-11-07 07:12:43', '2025-11-07 07:12:43'),
(1032, 33, 311, 'boarding', 'kempegowda railwaystation', 'train', '2025-11-23 06:00 AM', 1, 22, '2025-11-07 07:12:43', '2025-11-07 07:12:43'),
(1033, 33, 311, 'meeting', 'kedarnath railway station', 'minibus', '2025-11-24 06:30 AM', 0, NULL, '2025-11-07 07:12:43', '2025-11-07 07:12:43'),
(1034, 33, 311, 'return', 'Home Location', 'train', '2025-11-26 06:30 PM', 0, NULL, '2025-11-07 07:12:43', '2025-11-07 07:12:43'),
(1035, 33, 312, 'boarding', 'kempegowda railwaystation', 'train', '2025-11-30 06:00 AM', 1, 22, '2025-11-07 07:12:43', '2025-11-07 07:12:43'),
(1036, 33, 312, 'meeting', 'kedarnath railway station', 'minibus', '2025-12-01 06:30 AM', 0, NULL, '2025-11-07 07:12:43', '2025-11-07 07:12:43'),
(1037, 33, 312, 'return', 'Home Location', 'train', '2025-12-03 06:30 PM', 0, NULL, '2025-11-07 07:12:43', '2025-11-07 07:12:43'),
(1062, 34, 321, 'boarding', 'Railway Station', 'train', '2025-11-08 06:00 AM', 1, 38, '2025-11-07 07:18:21', '2025-11-07 07:18:21'),
(1063, 34, 321, 'meeting', 'coorg', 'minibus', '2025-11-09 06:45 AM', 0, NULL, '2025-11-07 07:18:21', '2025-11-07 07:18:21'),
(1064, 34, 321, 'return', 'Home Location', 'train', '2025-11-10 06:50 PM', 0, NULL, '2025-11-07 07:18:21', '2025-11-07 07:18:21'),
(1065, 34, 322, 'boarding', 'Railway Station', 'train', '2025-11-15 06:00 AM', 1, 38, '2025-11-07 07:18:21', '2025-11-07 07:18:21'),
(1066, 34, 322, 'meeting', 'coorg', 'minibus', '2025-11-16 06:45 AM', 0, NULL, '2025-11-07 07:18:21', '2025-11-07 07:18:21'),
(1067, 34, 322, 'return', 'Home Location', 'train', '2025-11-17 06:50 PM', 0, NULL, '2025-11-07 07:18:21', '2025-11-07 07:18:21'),
(1068, 34, 323, 'boarding', 'Railway Station', 'train', '2025-11-22 06:00 AM', 1, 38, '2025-11-07 07:18:21', '2025-11-07 07:18:21'),
(1069, 34, 323, 'meeting', 'coorg', 'minibus', '2025-11-23 06:45 AM', 0, NULL, '2025-11-07 07:18:21', '2025-11-07 07:18:21'),
(1070, 34, 323, 'return', 'Home Location', 'train', '2025-11-24 06:50 PM', 0, NULL, '2025-11-07 07:18:21', '2025-11-07 07:18:21'),
(1071, 34, 324, 'boarding', 'Railway Station', 'train', '2025-11-29 06:00 AM', 1, 38, '2025-11-07 07:18:21', '2025-11-07 07:18:21'),
(1072, 34, 324, 'meeting', 'coorg', 'minibus', '2025-11-30 06:45 AM', 0, NULL, '2025-11-07 07:18:21', '2025-11-07 07:18:21'),
(1073, 34, 324, 'return', 'Home Location', 'train', '2025-12-01 06:50 PM', 0, NULL, '2025-11-07 07:18:21', '2025-11-07 07:18:21'),
(1086, 35, 329, 'boarding', 'kempegowda railwaystation', 'train', '2025-11-08 06:00 AM', 1, 22, '2025-11-07 07:24:24', '2025-11-07 07:24:24'),
(1087, 35, 329, 'meeting', 'kerala railway station', 'minibus', '2025-11-09 04:00 AM', 0, NULL, '2025-11-07 07:24:24', '2025-11-07 07:24:24'),
(1088, 35, 329, 'return', 'Home Location', 'train', '2025-11-11 06:50 PM', 0, NULL, '2025-11-07 07:24:24', '2025-11-07 07:24:24'),
(1089, 35, 330, 'boarding', 'kempegowda railwaystation', 'train', '2025-11-15 06:00 AM', 1, 22, '2025-11-07 07:24:24', '2025-11-07 07:24:24'),
(1090, 35, 330, 'meeting', 'kerala railway station', 'minibus', '2025-11-16 04:00 AM', 0, NULL, '2025-11-07 07:24:24', '2025-11-07 07:24:24'),
(1091, 35, 330, 'return', 'Home Location', 'train', '2025-11-18 06:50 PM', 0, NULL, '2025-11-07 07:24:24', '2025-11-07 07:24:24'),
(1092, 35, 331, 'boarding', 'kempegowda railwaystation', 'train', '2025-11-22 06:00 AM', 1, 22, '2025-11-07 07:24:24', '2025-11-07 07:24:24'),
(1093, 35, 331, 'meeting', 'kerala railway station', 'minibus', '2025-11-23 04:00 AM', 0, NULL, '2025-11-07 07:24:24', '2025-11-07 07:24:24'),
(1094, 35, 331, 'return', 'Home Location', 'train', '2025-11-25 06:50 PM', 0, NULL, '2025-11-07 07:24:24', '2025-11-07 07:24:24'),
(1095, 35, 332, 'boarding', 'kempegowda railwaystation', 'train', '2025-11-29 06:00 AM', 1, 22, '2025-11-07 07:24:24', '2025-11-07 07:24:24'),
(1096, 35, 332, 'meeting', 'kerala railway station', 'minibus', '2025-11-30 04:00 AM', 0, NULL, '2025-11-07 07:24:24', '2025-11-07 07:24:24'),
(1097, 35, 332, 'return', 'Home Location', 'train', '2025-12-02 06:50 PM', 0, NULL, '2025-11-07 07:24:24', '2025-11-07 07:24:24'),
(1110, 36, 337, 'boarding', 'Railway Station', 'train', '2025-11-08 06:00 AM', 1, 38, '2025-11-07 08:45:15', '2025-11-07 08:45:15'),
(1111, 36, 337, 'meeting', 'kashmir railway station', 'minibus', '2025-11-09 06:10 AM', 0, NULL, '2025-11-07 08:45:15', '2025-11-07 08:45:15'),
(1112, 36, 337, 'return', 'Home Location', 'train', '2025-11-13 06:10 PM', 0, NULL, '2025-11-07 08:45:15', '2025-11-07 08:45:15'),
(1113, 36, 338, 'boarding', 'Railway Station', 'train', '2025-11-15 06:00 AM', 1, 38, '2025-11-07 08:45:15', '2025-11-07 08:45:15'),
(1114, 36, 338, 'meeting', 'kashmir railway station', 'minibus', '2025-11-16 06:10 AM', 0, NULL, '2025-11-07 08:45:15', '2025-11-07 08:45:15'),
(1115, 36, 338, 'return', 'Home Location', 'train', '2025-11-20 06:10 PM', 0, NULL, '2025-11-07 08:45:15', '2025-11-07 08:45:15'),
(1116, 36, 339, 'boarding', 'Railway Station', 'train', '2025-11-22 06:00 AM', 1, 38, '2025-11-07 08:45:15', '2025-11-07 08:45:15'),
(1117, 36, 339, 'meeting', 'kashmir railway station', 'minibus', '2025-11-23 06:10 AM', 0, NULL, '2025-11-07 08:45:15', '2025-11-07 08:45:15'),
(1118, 36, 339, 'return', 'Home Location', 'train', '2025-11-27 06:10 PM', 0, NULL, '2025-11-07 08:45:15', '2025-11-07 08:45:15'),
(1119, 36, 340, 'boarding', 'Railway Station', 'train', '2025-11-29 06:00 AM', 1, 38, '2025-11-07 08:45:15', '2025-11-07 08:45:15'),
(1120, 36, 340, 'meeting', 'kashmir railway station', 'minibus', '2025-11-30 06:10 AM', 0, NULL, '2025-11-07 08:45:15', '2025-11-07 08:45:15'),
(1121, 36, 340, 'return', 'Home Location', 'train', '2025-12-04 06:10 PM', 0, NULL, '2025-11-07 08:45:15', '2025-11-07 08:45:15'),
(1122, 37, 341, 'boarding', 'bus stand', 'bus', '2025-11-09 06:00 AM', 1, 22, '2025-11-07 08:45:20', '2025-11-07 08:45:20'),
(1123, 37, 341, 'meeting', 'bangalore', 'bus', '2025-11-10 06:00 AM', 0, NULL, '2025-11-07 08:45:20', '2025-11-07 08:45:20'),
(1124, 37, 341, 'return', 'Home Location', 'bus', '2025-11-12 10:00 PM', 0, NULL, '2025-11-07 08:45:20', '2025-11-07 08:45:20'),
(1125, 37, 342, 'boarding', 'bus stand', 'bus', '2025-11-16 06:00 AM', 1, 22, '2025-11-07 08:45:20', '2025-11-07 08:45:20'),
(1126, 37, 342, 'meeting', 'bangalore', 'bus', '2025-11-17 06:00 AM', 0, NULL, '2025-11-07 08:45:20', '2025-11-07 08:45:20'),
(1127, 37, 342, 'return', 'Home Location', 'bus', '2025-11-19 10:00 PM', 0, NULL, '2025-11-07 08:45:20', '2025-11-07 08:45:20'),
(1128, 37, 343, 'boarding', 'bus stand', 'bus', '2025-11-23 06:00 AM', 1, 22, '2025-11-07 08:45:20', '2025-11-07 08:45:20'),
(1129, 37, 343, 'meeting', 'bangalore', 'bus', '2025-11-24 06:00 AM', 0, NULL, '2025-11-07 08:45:20', '2025-11-07 08:45:20'),
(1130, 37, 343, 'return', 'Home Location', 'bus', '2025-11-26 10:00 PM', 0, NULL, '2025-11-07 08:45:20', '2025-11-07 08:45:20'),
(1131, 37, 344, 'boarding', 'bus stand', 'bus', '2025-11-30 06:00 AM', 1, 22, '2025-11-07 08:45:20', '2025-11-07 08:45:20'),
(1132, 37, 344, 'meeting', 'bangalore', 'bus', '2025-12-01 06:00 AM', 0, NULL, '2025-11-07 08:45:20', '2025-11-07 08:45:20'),
(1133, 37, 344, 'return', 'Home Location', 'bus', '2025-12-03 10:00 PM', 0, NULL, '2025-11-07 08:45:20', '2025-11-07 08:45:20'),
(1143, 38, 348, 'boarding', 'kempegowda bus stop', 'bus', '2025-11-10 06:00 AM', 1, 22, '2025-11-07 08:53:42', '2025-11-07 08:53:42'),
(1144, 38, 348, 'meeting', 'mangaluru', 'bus', '2025-11-11 06:00 AM', 0, NULL, '2025-11-07 08:53:42', '2025-11-07 08:53:42'),
(1145, 38, 348, 'return', 'Home Location', 'bus', '2025-11-12 10:00 PM', 0, NULL, '2025-11-07 08:53:42', '2025-11-07 08:53:42'),
(1146, 38, 349, 'boarding', 'kempegowda bus stop', 'bus', '2025-11-17 06:00 AM', 1, 22, '2025-11-07 08:53:42', '2025-11-07 08:53:42'),
(1147, 38, 349, 'meeting', 'mangaluru', 'bus', '2025-11-18 06:00 AM', 0, NULL, '2025-11-07 08:53:42', '2025-11-07 08:53:42'),
(1148, 38, 349, 'return', 'Home Location', 'bus', '2025-11-19 10:00 PM', 0, NULL, '2025-11-07 08:53:42', '2025-11-07 08:53:42'),
(1149, 38, 350, 'boarding', 'kempegowda bus stop', 'bus', '2025-11-24 06:00 AM', 1, 22, '2025-11-07 08:53:42', '2025-11-07 08:53:42'),
(1150, 38, 350, 'meeting', 'mangaluru', 'bus', '2025-11-25 06:00 AM', 0, NULL, '2025-11-07 08:53:42', '2025-11-07 08:53:42'),
(1151, 38, 350, 'return', 'Home Location', 'bus', '2025-11-26 10:00 PM', 0, NULL, '2025-11-07 08:53:42', '2025-11-07 08:53:42'),
(1152, 39, 351, 'boarding', 'kempegowda railwaystation', 'train', '2025-11-09 06:00 AM', 1, 22, '2025-11-07 08:55:29', '2025-11-07 08:55:29'),
(1153, 39, 351, 'boarding', 'Railway Station', 'train', '2025-11-09 06:00 AM', 1, 38, '2025-11-07 08:55:29', '2025-11-07 08:55:29'),
(1154, 39, 351, 'meeting', 'gantok railwaystation', 'minibus', '2025-11-10 06:00 AM', 0, NULL, '2025-11-07 08:55:29', '2025-11-07 08:55:29'),
(1155, 39, 351, 'return', 'Home Location', 'train', '2025-11-13 06:30 PM', 0, NULL, '2025-11-07 08:55:29', '2025-11-07 08:55:29'),
(1156, 39, 352, 'boarding', 'kempegowda railwaystation', 'train', '2025-11-16 06:00 AM', 1, 22, '2025-11-07 08:55:29', '2025-11-07 08:55:29'),
(1157, 39, 352, 'boarding', 'Railway Station', 'train', '2025-11-16 06:00 AM', 1, 38, '2025-11-07 08:55:29', '2025-11-07 08:55:29'),
(1158, 39, 352, 'meeting', 'gantok railwaystation', 'minibus', '2025-11-17 06:00 AM', 0, NULL, '2025-11-07 08:55:29', '2025-11-07 08:55:29'),
(1159, 39, 352, 'return', 'Home Location', 'train', '2025-11-20 06:30 PM', 0, NULL, '2025-11-07 08:55:29', '2025-11-07 08:55:29'),
(1160, 39, 353, 'boarding', 'kempegowda railwaystation', 'train', '2025-11-23 06:00 AM', 1, 22, '2025-11-07 08:55:29', '2025-11-07 08:55:29'),
(1161, 39, 353, 'boarding', 'Railway Station', 'train', '2025-11-23 06:00 AM', 1, 38, '2025-11-07 08:55:29', '2025-11-07 08:55:29'),
(1162, 39, 353, 'meeting', 'gantok railwaystation', 'minibus', '2025-11-24 06:00 AM', 0, NULL, '2025-11-07 08:55:29', '2025-11-07 08:55:29'),
(1163, 39, 353, 'return', 'Home Location', 'train', '2025-11-27 06:30 PM', 0, NULL, '2025-11-07 08:55:29', '2025-11-07 08:55:29'),
(1164, 39, 354, 'boarding', 'kempegowda railwaystation', 'train', '2025-11-30 06:00 AM', 1, 22, '2025-11-07 08:55:29', '2025-11-07 08:55:29'),
(1165, 39, 354, 'boarding', 'Railway Station', 'train', '2025-11-30 06:00 AM', 1, 38, '2025-11-07 08:55:29', '2025-11-07 08:55:29'),
(1166, 39, 354, 'meeting', 'gantok railwaystation', 'minibus', '2025-12-01 06:00 AM', 0, NULL, '2025-11-07 08:55:29', '2025-11-07 08:55:29'),
(1167, 39, 354, 'return', 'Home Location', 'train', '2025-12-04 06:30 PM', 0, NULL, '2025-11-07 08:55:29', '2025-11-07 08:55:29'),
(1168, 40, 355, 'boarding', 'bangalore bus stop', 'bus', '2025-11-10 12:00 PM', 1, 22, '2025-11-07 09:02:30', '2025-11-07 09:02:30'),
(1169, 40, 355, 'meeting', 'bangalore', 'bus', '2025-11-11 06:00 AM', 0, NULL, '2025-11-07 09:02:30', '2025-11-07 09:02:30'),
(1170, 40, 355, 'return', 'Home Location', 'bus', '2025-11-13 10:00 PM', 0, NULL, '2025-11-07 09:02:30', '2025-11-07 09:02:30'),
(1171, 40, 356, 'boarding', 'bangalore bus stop', 'bus', '2025-11-17 12:00 PM', 1, 22, '2025-11-07 09:02:30', '2025-11-07 09:02:30'),
(1172, 40, 356, 'meeting', 'bangalore', 'bus', '2025-11-18 06:00 AM', 0, NULL, '2025-11-07 09:02:30', '2025-11-07 09:02:30'),
(1173, 40, 356, 'return', 'Home Location', 'bus', '2025-11-20 10:00 PM', 0, NULL, '2025-11-07 09:02:30', '2025-11-07 09:02:30'),
(1174, 40, 357, 'boarding', 'bangalore bus stop', 'bus', '2025-11-24 12:00 PM', 1, 22, '2025-11-07 09:02:30', '2025-11-07 09:02:30'),
(1175, 40, 357, 'meeting', 'bangalore', 'bus', '2025-11-25 06:00 AM', 0, NULL, '2025-11-07 09:02:30', '2025-11-07 09:02:30'),
(1176, 40, 357, 'return', 'Home Location', 'bus', '2025-11-27 10:00 PM', 0, NULL, '2025-11-07 09:02:30', '2025-11-07 09:02:30'),
(1189, 41, 362, 'boarding', 'kempegowda railwaystation', 'train', '2025-12-09 06:00 AM', 1, 22, '2025-11-07 09:09:08', '2025-11-07 09:09:08'),
(1190, 41, 362, 'meeting', 'kashmir railway station', 'minibus', '2025-12-11 04:30 PM', 0, NULL, '2025-11-07 09:09:08', '2025-11-07 09:09:08'),
(1191, 41, 362, 'return', 'Home Location', 'train', '2025-12-15 06:30 PM', 0, NULL, '2025-11-07 09:09:08', '2025-11-07 09:09:08'),
(1192, 41, 363, 'boarding', 'kempegowda railwaystation', 'train', '2025-12-02 06:00 AM', 1, 22, '2025-11-07 09:09:08', '2025-11-07 09:09:08'),
(1193, 41, 363, 'meeting', 'kashmir railway station', 'minibus', '2025-12-04 04:30 PM', 0, NULL, '2025-11-07 09:09:08', '2025-11-07 09:09:08'),
(1194, 41, 363, 'return', 'Home Location', 'train', '2025-12-08 06:30 PM', 0, NULL, '2025-11-07 09:09:08', '2025-11-07 09:09:08'),
(1195, 41, 364, 'boarding', 'kempegowda railwaystation', 'train', '2025-12-16 06:00 AM', 1, 22, '2025-11-07 09:09:08', '2025-11-07 09:09:08'),
(1196, 41, 364, 'meeting', 'kashmir railway station', 'minibus', '2025-12-18 04:30 PM', 0, NULL, '2025-11-07 09:09:08', '2025-11-07 09:09:08'),
(1197, 41, 364, 'return', 'Home Location', 'train', '2025-12-22 06:30 PM', 0, NULL, '2025-11-07 09:09:08', '2025-11-07 09:09:08'),
(1198, 41, 365, 'boarding', 'kempegowda railwaystation', 'train', '2025-12-23 06:00 AM', 1, 22, '2025-11-07 09:09:08', '2025-11-07 09:09:08'),
(1199, 41, 365, 'meeting', 'kashmir railway station', 'minibus', '2025-12-25 04:30 PM', 0, NULL, '2025-11-07 09:09:08', '2025-11-07 09:09:08'),
(1200, 41, 365, 'return', 'Home Location', 'train', '2025-12-29 06:30 PM', 0, NULL, '2025-11-07 09:09:08', '2025-11-07 09:09:08'),
(1201, 42, 366, 'boarding', 'bangalore bus stop', 'bus', '2025-11-08 06:00 AM', 1, 22, '2025-11-07 09:11:31', '2025-11-07 09:11:31'),
(1202, 42, 366, 'meeting', 'hydrabad', 'bus', '2025-11-09 06:00 AM', 0, NULL, '2025-11-07 09:11:31', '2025-11-07 09:11:31'),
(1203, 42, 366, 'return', 'Home Location', 'bus', '2025-11-11 10:00 PM', 0, NULL, '2025-11-07 09:11:31', '2025-11-07 09:11:31'),
(1204, 42, 367, 'boarding', 'bangalore bus stop', 'bus', '2025-11-15 06:00 AM', 1, 22, '2025-11-07 09:11:31', '2025-11-07 09:11:31');
INSERT INTO `trek_stages` (`id`, `trek_id`, `batch_id`, `stage_name`, `destination`, `means_of_transport`, `date_time`, `is_boarding_point`, `city_id`, `created_at`, `updated_at`) VALUES
(1205, 42, 367, 'meeting', 'hydrabad', 'bus', '2025-11-16 06:00 AM', 0, NULL, '2025-11-07 09:11:31', '2025-11-07 09:11:31'),
(1206, 42, 367, 'return', 'Home Location', 'bus', '2025-11-18 10:00 PM', 0, NULL, '2025-11-07 09:11:31', '2025-11-07 09:11:31'),
(1207, 42, 368, 'boarding', 'bangalore bus stop', 'bus', '2025-11-22 06:00 AM', 1, 22, '2025-11-07 09:11:31', '2025-11-07 09:11:31'),
(1208, 42, 368, 'meeting', 'hydrabad', 'bus', '2025-11-23 06:00 AM', 0, NULL, '2025-11-07 09:11:31', '2025-11-07 09:11:31'),
(1209, 42, 368, 'return', 'Home Location', 'bus', '2025-11-25 10:00 PM', 0, NULL, '2025-11-07 09:11:31', '2025-11-07 09:11:31'),
(1210, 42, 369, 'boarding', 'bangalore bus stop', 'bus', '2025-11-29 06:00 AM', 1, 22, '2025-11-07 09:11:31', '2025-11-07 09:11:31'),
(1211, 42, 369, 'meeting', 'hydrabad', 'bus', '2025-11-30 06:00 AM', 0, NULL, '2025-11-07 09:11:31', '2025-11-07 09:11:31'),
(1212, 42, 369, 'return', 'Home Location', 'bus', '2025-12-02 10:00 PM', 0, NULL, '2025-11-07 09:11:31', '2025-11-07 09:11:31'),
(1231, 43, 376, 'boarding', 'Railway Station', 'train', '2025-11-08 06:00 AM', 1, 38, '2025-11-07 09:23:07', '2025-11-07 09:23:07'),
(1232, 43, 376, 'boarding', 'Railway Station', 'train', '2025-11-08 06:00 AM', 1, 22, '2025-11-07 09:23:07', '2025-11-07 09:23:07'),
(1233, 43, 376, 'meeting', 'anathagiri railway station', 'minibus', '2025-12-07 06:30 AM', 0, NULL, '2025-11-07 09:23:07', '2025-11-07 09:23:07'),
(1234, 43, 376, 'return', 'Home Location', 'train', '2025-12-07 06:30 AM', 0, NULL, '2025-11-07 09:23:07', '2025-11-07 09:23:07'),
(1235, 43, 377, 'boarding', 'Railway Station', 'train', '2025-11-15 06:00 AM', 1, 38, '2025-11-07 09:23:07', '2025-11-07 09:23:07'),
(1236, 43, 377, 'boarding', 'Railway Station', 'train', '2025-11-15 06:00 AM', 1, 22, '2025-11-07 09:23:07', '2025-11-07 09:23:07'),
(1237, 43, 377, 'meeting', 'anathagiri railway station', 'minibus', '2025-12-14 06:30 AM', 0, NULL, '2025-11-07 09:23:07', '2025-11-07 09:23:07'),
(1238, 43, 377, 'return', 'Home Location', 'train', '2025-12-14 06:30 AM', 0, NULL, '2025-11-07 09:23:07', '2025-11-07 09:23:07'),
(1239, 43, 378, 'boarding', 'Railway Station', 'train', '2025-11-22 06:00 AM', 1, 38, '2025-11-07 09:23:07', '2025-11-07 09:23:07'),
(1240, 43, 378, 'boarding', 'Railway Station', 'train', '2025-11-22 06:00 AM', 1, 22, '2025-11-07 09:23:07', '2025-11-07 09:23:07'),
(1241, 43, 378, 'meeting', 'anathagiri railway station', 'minibus', '2025-12-21 06:30 AM', 0, NULL, '2025-11-07 09:23:07', '2025-11-07 09:23:07'),
(1242, 43, 378, 'return', 'Home Location', 'train', '2025-12-21 06:30 AM', 0, NULL, '2025-11-07 09:23:07', '2025-11-07 09:23:07'),
(1243, 43, 379, 'boarding', 'Railway Station', 'train', '2025-11-29 06:00 AM', 1, 38, '2025-11-07 09:23:07', '2025-11-07 09:23:07'),
(1244, 43, 379, 'boarding', 'Railway Station', 'train', '2025-11-29 06:00 AM', 1, 22, '2025-11-07 09:23:07', '2025-11-07 09:23:07'),
(1245, 43, 379, 'meeting', 'anathagiri railway station', 'minibus', '2025-12-28 06:30 AM', 0, NULL, '2025-11-07 09:23:07', '2025-11-07 09:23:07'),
(1246, 43, 379, 'return', 'Home Location', 'train', '2025-12-28 06:30 AM', 0, NULL, '2025-11-07 09:23:07', '2025-11-07 09:23:07'),
(1256, 44, 383, 'boarding', 'kempegowda railwaystation', 'train', '2025-11-15 06:00 AM', 1, 22, '2025-11-08 05:12:30', '2025-11-08 05:12:30'),
(1257, 44, 383, 'meeting', 'coonor', 'minibus', '2025-11-16 06:30 AM', 0, NULL, '2025-11-08 05:12:30', '2025-11-08 05:12:30'),
(1258, 44, 383, 'return', 'Home Location', 'train', '2025-11-17 06:30 PM', 0, NULL, '2025-11-08 05:12:30', '2025-11-08 05:12:30'),
(1259, 44, 384, 'boarding', 'kempegowda railwaystation', 'train', '2025-11-22 06:00 AM', 1, 22, '2025-11-08 05:12:30', '2025-11-08 05:12:30'),
(1260, 44, 384, 'meeting', 'coonor', 'minibus', '2025-11-23 06:30 AM', 0, NULL, '2025-11-08 05:12:30', '2025-11-08 05:12:30'),
(1261, 44, 384, 'return', 'Home Location', 'train', '2025-11-24 06:30 PM', 0, NULL, '2025-11-08 05:12:30', '2025-11-08 05:12:30'),
(1262, 44, 385, 'boarding', 'kempegowda railwaystation', 'train', '2025-11-29 06:00 AM', 1, 22, '2025-11-08 05:12:30', '2025-11-08 05:12:30'),
(1263, 44, 385, 'meeting', 'coonor', 'minibus', '2025-11-30 06:30 AM', 0, NULL, '2025-11-08 05:12:30', '2025-11-08 05:12:30'),
(1264, 44, 385, 'return', 'Home Location', 'train', '2025-12-01 06:30 PM', 0, NULL, '2025-11-08 05:12:30', '2025-11-08 05:12:30'),
(1265, 45, 386, 'boarding', 'Railway Station', 'bus', '2026-01-03 06:00 AM', 1, 22, '2026-01-02 07:23:14', '2026-01-02 07:23:14'),
(1266, 45, 386, 'boarding', 'Central mall', 'bus', '2026-01-03 06:12 AM', 1, 4, '2026-01-02 07:23:14', '2026-01-02 07:23:14'),
(1267, 45, 386, 'boarding', '   KSRTC Bus Stand', 'car', '2026-01-03 08:00 AM', 1, 67, '2026-01-02 07:23:14', '2026-01-02 07:23:14'),
(1268, 45, 386, 'meeting', 'gokarhna', 'bus', '2026-01-04 02:00 PM', 0, NULL, '2026-01-02 07:23:14', '2026-01-02 07:23:14'),
(1269, 45, 386, 'return', 'Home Location', 'car', '2026-01-05 03:00 PM', 0, NULL, '2026-01-02 07:23:14', '2026-01-02 07:23:14'),
(1270, 45, 387, 'boarding', 'Railway Station', 'bus', '2026-01-10 06:00 AM', 1, 22, '2026-01-02 07:23:14', '2026-01-02 07:23:14'),
(1271, 45, 387, 'boarding', 'Central mall', 'bus', '2026-01-10 06:12 AM', 1, 4, '2026-01-02 07:23:14', '2026-01-02 07:23:14'),
(1272, 45, 387, 'boarding', '   KSRTC Bus Stand', 'car', '2026-01-10 08:00 AM', 1, 67, '2026-01-02 07:23:14', '2026-01-02 07:23:14'),
(1273, 45, 387, 'meeting', 'gokarhna', 'bus', '2026-01-11 02:00 PM', 0, NULL, '2026-01-02 07:23:14', '2026-01-02 07:23:14'),
(1274, 45, 387, 'return', 'Home Location', 'car', '2026-01-12 03:00 PM', 0, NULL, '2026-01-02 07:23:14', '2026-01-02 07:23:14'),
(1275, 45, 388, 'boarding', 'Railway Station', 'bus', '2026-01-17 06:00 AM', 1, 22, '2026-01-02 07:23:14', '2026-01-02 07:23:14'),
(1276, 45, 388, 'boarding', 'Central mall', 'bus', '2026-01-17 06:12 AM', 1, 4, '2026-01-02 07:23:14', '2026-01-02 07:23:14'),
(1277, 45, 388, 'boarding', '   KSRTC Bus Stand', 'car', '2026-01-17 08:00 AM', 1, 67, '2026-01-02 07:23:14', '2026-01-02 07:23:14'),
(1278, 45, 388, 'meeting', 'gokarhna', 'bus', '2026-01-18 02:00 PM', 0, NULL, '2026-01-02 07:23:14', '2026-01-02 07:23:14'),
(1279, 45, 388, 'return', 'Home Location', 'car', '2026-01-19 03:00 PM', 0, NULL, '2026-01-02 07:23:14', '2026-01-02 07:23:14'),
(1280, 45, 389, 'boarding', 'Railway Station', 'bus', '2026-01-24 06:00 AM', 1, 22, '2026-01-02 07:23:14', '2026-01-02 07:23:14'),
(1281, 45, 389, 'boarding', 'Central mall', 'bus', '2026-01-24 06:12 AM', 1, 4, '2026-01-02 07:23:14', '2026-01-02 07:23:14'),
(1282, 45, 389, 'boarding', '   KSRTC Bus Stand', 'car', '2026-01-24 08:00 AM', 1, 67, '2026-01-02 07:23:14', '2026-01-02 07:23:14'),
(1283, 45, 389, 'meeting', 'gokarhna', 'bus', '2026-01-25 02:00 PM', 0, NULL, '2026-01-02 07:23:14', '2026-01-02 07:23:14'),
(1284, 45, 389, 'return', 'Home Location', 'car', '2026-01-26 03:00 PM', 0, NULL, '2026-01-02 07:23:14', '2026-01-02 07:23:14'),
(1285, 45, 390, 'boarding', 'Railway Station', 'bus', '2026-01-31 06:00 AM', 1, 22, '2026-01-02 07:23:14', '2026-01-02 07:23:14'),
(1286, 45, 390, 'boarding', 'Central mall', 'bus', '2026-01-31 06:12 AM', 1, 4, '2026-01-02 07:23:14', '2026-01-02 07:23:14'),
(1287, 45, 390, 'boarding', '   KSRTC Bus Stand', 'car', '2026-01-31 08:00 AM', 1, 67, '2026-01-02 07:23:14', '2026-01-02 07:23:14'),
(1288, 45, 390, 'meeting', 'gokarhna', 'bus', '2026-02-01 02:00 PM', 0, NULL, '2026-01-02 07:23:14', '2026-01-02 07:23:14'),
(1289, 45, 390, 'return', 'Home Location', 'car', '2026-02-02 03:00 PM', 0, NULL, '2026-01-02 07:23:14', '2026-01-02 07:23:14'),
(1290, 46, 391, 'boarding', 'St marry road', 'train', '2026-01-06 06:00 AM', 1, 22, '2026-01-02 09:04:07', '2026-01-02 09:04:07'),
(1291, 46, 391, 'boarding', 'bus stand', 'bus', '2026-01-06 06:00 AM', 1, 26, '2026-01-02 09:04:07', '2026-01-02 09:04:07'),
(1292, 46, 391, 'meeting', 'goa', 'train', '2026-01-07 12:00 PM', 0, NULL, '2026-01-02 09:04:07', '2026-01-02 09:04:07'),
(1293, 46, 391, 'return', 'Home Location', 'bus', '2026-01-08 03:00 PM', 0, NULL, '2026-01-02 09:04:07', '2026-01-02 09:04:07'),
(1294, 46, 392, 'boarding', 'St marry road', 'train', '2026-01-07 06:00 AM', 1, 22, '2026-01-02 09:04:07', '2026-01-02 09:04:07'),
(1295, 46, 392, 'boarding', 'bus stand', 'bus', '2026-01-07 06:00 AM', 1, 26, '2026-01-02 09:04:07', '2026-01-02 09:04:07'),
(1296, 46, 392, 'meeting', 'goa', 'train', '2026-01-08 12:00 PM', 0, NULL, '2026-01-02 09:04:07', '2026-01-02 09:04:07'),
(1297, 46, 392, 'return', 'Home Location', 'bus', '2026-01-09 03:00 PM', 0, NULL, '2026-01-02 09:04:07', '2026-01-02 09:04:07'),
(1298, 46, 393, 'boarding', 'St marry road', 'train', '2026-01-13 06:00 AM', 1, 22, '2026-01-02 09:04:07', '2026-01-02 09:04:07'),
(1299, 46, 393, 'boarding', 'bus stand', 'bus', '2026-01-13 06:00 AM', 1, 26, '2026-01-02 09:04:07', '2026-01-02 09:04:07'),
(1300, 46, 393, 'meeting', 'goa', 'train', '2026-01-14 12:00 PM', 0, NULL, '2026-01-02 09:04:07', '2026-01-02 09:04:07'),
(1301, 46, 393, 'return', 'Home Location', 'bus', '2026-01-15 03:00 PM', 0, NULL, '2026-01-02 09:04:07', '2026-01-02 09:04:07'),
(1302, 46, 394, 'boarding', 'St marry road', 'train', '2026-01-14 06:00 AM', 1, 22, '2026-01-02 09:04:07', '2026-01-02 09:04:07'),
(1303, 46, 394, 'boarding', 'bus stand', 'bus', '2026-01-14 06:00 AM', 1, 26, '2026-01-02 09:04:07', '2026-01-02 09:04:07'),
(1304, 46, 394, 'meeting', 'goa', 'train', '2026-01-15 12:00 PM', 0, NULL, '2026-01-02 09:04:07', '2026-01-02 09:04:07'),
(1305, 46, 394, 'return', 'Home Location', 'bus', '2026-01-16 03:00 PM', 0, NULL, '2026-01-02 09:04:07', '2026-01-02 09:04:07'),
(1306, 46, 395, 'boarding', 'St marry road', 'train', '2026-01-20 06:00 AM', 1, 22, '2026-01-02 09:04:07', '2026-01-02 09:04:07'),
(1307, 46, 395, 'boarding', 'bus stand', 'bus', '2026-01-20 06:00 AM', 1, 26, '2026-01-02 09:04:07', '2026-01-02 09:04:07'),
(1308, 46, 395, 'meeting', 'goa', 'train', '2026-01-21 12:00 PM', 0, NULL, '2026-01-02 09:04:07', '2026-01-02 09:04:07'),
(1309, 46, 395, 'return', 'Home Location', 'bus', '2026-01-22 03:00 PM', 0, NULL, '2026-01-02 09:04:07', '2026-01-02 09:04:07'),
(1310, 46, 396, 'boarding', 'St marry road', 'train', '2026-01-21 06:00 AM', 1, 22, '2026-01-02 09:04:07', '2026-01-02 09:04:07'),
(1311, 46, 396, 'boarding', 'bus stand', 'bus', '2026-01-21 06:00 AM', 1, 26, '2026-01-02 09:04:07', '2026-01-02 09:04:07'),
(1312, 46, 396, 'meeting', 'goa', 'train', '2026-01-22 12:00 PM', 0, NULL, '2026-01-02 09:04:07', '2026-01-02 09:04:07'),
(1313, 46, 396, 'return', 'Home Location', 'bus', '2026-01-23 03:00 PM', 0, NULL, '2026-01-02 09:04:07', '2026-01-02 09:04:07'),
(1314, 46, 397, 'boarding', 'St marry road', 'train', '2026-01-27 06:00 AM', 1, 22, '2026-01-02 09:04:07', '2026-01-02 09:04:07'),
(1315, 46, 397, 'boarding', 'bus stand', 'bus', '2026-01-27 06:00 AM', 1, 26, '2026-01-02 09:04:07', '2026-01-02 09:04:07'),
(1316, 46, 397, 'meeting', 'goa', 'train', '2026-01-28 12:00 PM', 0, NULL, '2026-01-02 09:04:07', '2026-01-02 09:04:07'),
(1317, 46, 397, 'return', 'Home Location', 'bus', '2026-01-29 03:00 PM', 0, NULL, '2026-01-02 09:04:07', '2026-01-02 09:04:07'),
(1318, 46, 398, 'boarding', 'St marry road', 'train', '2026-01-28 06:00 AM', 1, 22, '2026-01-02 09:04:07', '2026-01-02 09:04:07'),
(1319, 46, 398, 'boarding', 'bus stand', 'bus', '2026-01-28 06:00 AM', 1, 26, '2026-01-02 09:04:07', '2026-01-02 09:04:07'),
(1320, 46, 398, 'meeting', 'goa', 'train', '2026-01-29 12:00 PM', 0, NULL, '2026-01-02 09:04:07', '2026-01-02 09:04:07'),
(1321, 46, 398, 'return', 'Home Location', 'bus', '2026-01-30 03:00 PM', 0, NULL, '2026-01-02 09:04:07', '2026-01-02 09:04:07'),
(1322, 46, 399, 'boarding', 'St marry road', 'train', '2026-01-03 06:00 AM', 1, 22, '2026-01-02 09:04:07', '2026-01-02 09:04:07'),
(1323, 46, 399, 'boarding', 'bus stand', 'bus', '2026-01-03 06:00 AM', 1, 26, '2026-01-02 09:04:07', '2026-01-02 09:04:07'),
(1324, 46, 399, 'meeting', 'goa', 'train', '2026-01-04 12:00 PM', 0, NULL, '2026-01-02 09:04:07', '2026-01-02 09:04:07'),
(1325, 46, 399, 'return', 'Home Location', 'bus', '2026-01-05 03:00 PM', 0, NULL, '2026-01-02 09:04:07', '2026-01-02 09:04:07'),
(1326, 47, 400, 'boarding', 'bangalore bus stop', 'car', '2026-01-06 06:00 AM', 1, 22, '2026-01-02 09:26:41', '2026-01-02 09:26:41'),
(1327, 47, 400, 'boarding', 'Dy patil road', 'car', '2026-01-06 06:14 AM', 1, 3, '2026-01-02 09:26:41', '2026-01-02 09:26:41'),
(1328, 47, 400, 'meeting', 'goa', 'bus', '2026-01-07 03:01 PM', 0, NULL, '2026-01-02 09:26:41', '2026-01-02 09:26:41'),
(1329, 47, 400, 'return', 'Home Location', 'train', '2026-01-08 08:00 PM', 0, NULL, '2026-01-02 09:26:41', '2026-01-02 09:26:41'),
(1330, 47, 401, 'boarding', 'bangalore bus stop', 'car', '2026-01-07 06:00 AM', 1, 22, '2026-01-02 09:26:41', '2026-01-02 09:26:41'),
(1331, 47, 401, 'boarding', 'Dy patil road', 'car', '2026-01-07 06:14 AM', 1, 3, '2026-01-02 09:26:41', '2026-01-02 09:26:41'),
(1332, 47, 401, 'meeting', 'goa', 'bus', '2026-01-08 03:01 PM', 0, NULL, '2026-01-02 09:26:41', '2026-01-02 09:26:41'),
(1333, 47, 401, 'return', 'Home Location', 'train', '2026-01-09 08:00 PM', 0, NULL, '2026-01-02 09:26:41', '2026-01-02 09:26:41'),
(1334, 47, 402, 'boarding', 'bangalore bus stop', 'car', '2026-01-13 06:00 AM', 1, 22, '2026-01-02 09:26:41', '2026-01-02 09:26:41'),
(1335, 47, 402, 'boarding', 'Dy patil road', 'car', '2026-01-13 06:14 AM', 1, 3, '2026-01-02 09:26:41', '2026-01-02 09:26:41'),
(1336, 47, 402, 'meeting', 'goa', 'bus', '2026-01-14 03:01 PM', 0, NULL, '2026-01-02 09:26:41', '2026-01-02 09:26:41'),
(1337, 47, 402, 'return', 'Home Location', 'train', '2026-01-15 08:00 PM', 0, NULL, '2026-01-02 09:26:41', '2026-01-02 09:26:41'),
(1338, 47, 403, 'boarding', 'bangalore bus stop', 'car', '2026-01-14 06:00 AM', 1, 22, '2026-01-02 09:26:41', '2026-01-02 09:26:41'),
(1339, 47, 403, 'boarding', 'Dy patil road', 'car', '2026-01-14 06:14 AM', 1, 3, '2026-01-02 09:26:41', '2026-01-02 09:26:41'),
(1340, 47, 403, 'meeting', 'goa', 'bus', '2026-01-15 03:01 PM', 0, NULL, '2026-01-02 09:26:41', '2026-01-02 09:26:41'),
(1341, 47, 403, 'return', 'Home Location', 'train', '2026-01-16 08:00 PM', 0, NULL, '2026-01-02 09:26:41', '2026-01-02 09:26:41'),
(1342, 47, 404, 'boarding', 'bangalore bus stop', 'car', '2026-01-20 06:00 AM', 1, 22, '2026-01-02 09:26:41', '2026-01-02 09:26:41'),
(1343, 47, 404, 'boarding', 'Dy patil road', 'car', '2026-01-20 06:14 AM', 1, 3, '2026-01-02 09:26:41', '2026-01-02 09:26:41'),
(1344, 47, 404, 'meeting', 'goa', 'bus', '2026-01-21 03:01 PM', 0, NULL, '2026-01-02 09:26:41', '2026-01-02 09:26:41'),
(1345, 47, 404, 'return', 'Home Location', 'train', '2026-01-22 08:00 PM', 0, NULL, '2026-01-02 09:26:41', '2026-01-02 09:26:41'),
(1346, 47, 405, 'boarding', 'bangalore bus stop', 'car', '2026-01-21 06:00 AM', 1, 22, '2026-01-02 09:26:41', '2026-01-02 09:26:41'),
(1347, 47, 405, 'boarding', 'Dy patil road', 'car', '2026-01-21 06:14 AM', 1, 3, '2026-01-02 09:26:41', '2026-01-02 09:26:41'),
(1348, 47, 405, 'meeting', 'goa', 'bus', '2026-01-22 03:01 PM', 0, NULL, '2026-01-02 09:26:41', '2026-01-02 09:26:41'),
(1349, 47, 405, 'return', 'Home Location', 'train', '2026-01-23 08:00 PM', 0, NULL, '2026-01-02 09:26:41', '2026-01-02 09:26:41'),
(1350, 47, 406, 'boarding', 'bangalore bus stop', 'car', '2026-01-27 06:00 AM', 1, 22, '2026-01-02 09:26:41', '2026-01-02 09:26:41'),
(1351, 47, 406, 'boarding', 'Dy patil road', 'car', '2026-01-27 06:14 AM', 1, 3, '2026-01-02 09:26:41', '2026-01-02 09:26:41'),
(1352, 47, 406, 'meeting', 'goa', 'bus', '2026-01-28 03:01 PM', 0, NULL, '2026-01-02 09:26:41', '2026-01-02 09:26:41'),
(1353, 47, 406, 'return', 'Home Location', 'train', '2026-01-29 08:00 PM', 0, NULL, '2026-01-02 09:26:41', '2026-01-02 09:26:41'),
(1354, 47, 407, 'boarding', 'bangalore bus stop', 'car', '2026-01-28 06:00 AM', 1, 22, '2026-01-02 09:26:41', '2026-01-02 09:26:41'),
(1355, 47, 407, 'boarding', 'Dy patil road', 'car', '2026-01-28 06:14 AM', 1, 3, '2026-01-02 09:26:41', '2026-01-02 09:26:41'),
(1356, 47, 407, 'meeting', 'goa', 'bus', '2026-01-29 03:01 PM', 0, NULL, '2026-01-02 09:26:41', '2026-01-02 09:26:41'),
(1357, 47, 407, 'return', 'Home Location', 'train', '2026-01-30 08:00 PM', 0, NULL, '2026-01-02 09:26:41', '2026-01-02 09:26:41'),
(1358, 47, 408, 'boarding', 'bangalore bus stop', 'car', '2026-01-03 06:00 AM', 1, 22, '2026-01-02 09:26:41', '2026-01-02 09:26:41'),
(1359, 47, 408, 'boarding', 'Dy patil road', 'car', '2026-01-03 06:14 AM', 1, 3, '2026-01-02 09:26:41', '2026-01-02 09:26:41'),
(1360, 47, 408, 'meeting', 'goa', 'bus', '2026-01-04 03:01 PM', 0, NULL, '2026-01-02 09:26:41', '2026-01-02 09:26:41'),
(1361, 47, 408, 'return', 'Home Location', 'train', '2026-01-05 08:00 PM', 0, NULL, '2026-01-02 09:26:41', '2026-01-02 09:26:41');

-- --------------------------------------------------------

--
-- Table structure for table `users`
--

CREATE TABLE `users` (
  `id` int NOT NULL,
  `name` varchar(255) NOT NULL,
  `email` varchar(255) NOT NULL,
  `phone` varchar(255) DEFAULT NULL,
  `password_hash` varchar(255) NOT NULL,
  `role_id` int NOT NULL,
  `status` enum('active','inactive','locked') DEFAULT 'active',
  `created_at` datetime NOT NULL,
  `updated_at` datetime NOT NULL
) ENGINE=InnoDB DEFAULT CHARSET=utf8mb3;

--
-- Dumping data for table `users`
--

INSERT INTO `users` (`id`, `name`, `email`, `phone`, `password_hash`, `role_id`, `status`, `created_at`, `updated_at`) VALUES
(1, 'Admin User', 'admin@aorbo.com', '+91 9999999999', '$2b$10$rEIpS139/C.5ruScYjlvw.N037soflfOUJ7BMjHu.C9j8csTpRJEC', 1, 'active', '2025-11-01 07:11:48', '2025-11-01 07:11:48'),
(2, 'Himalayan Adventures', 'himalayan@aorbo.com', '+91 9876543210', '$2b$10$rvt1sKzjJzZILZE0BWKYgO1eilR3NpDZZ.GBemrylND.E8IRTDdxO', 2, 'active', '2025-11-01 07:11:56', '2025-11-01 07:11:56'),
(3, 'Mountain Trails', 'mountain@aorbo.com', '+91 9876543211', '$2b$10$RzNZhcsaO/Yq02fuIlG57enf0XHHJpbitaTquuTMHwByLteiB4gMm', 2, 'active', '2025-11-01 07:11:56', '2025-11-01 07:11:56'),
(4, 'Adventure Zone', 'adventure@aorbo.com', '+91 9876543212', '$2b$10$sGc41ZezXLrUXMIW3FcTgu0NkF5C/r3LVA7MK/0BE4fZANN26MWwO', 2, 'active', '2025-11-01 07:11:56', '2025-11-01 07:11:56'),
(5, 'Ladakh Expeditions', 'ladakh@aorbo.com', '+91 9876543213', '$2b$10$0fGw3iQxNqtqp45MfiwHHe0gkwLPeSvpaPdjLHFR3ly9o8wyRSrOK', 2, 'active', '2025-11-01 07:11:56', '2025-11-01 07:11:56'),
(6, 'Sikkim Treks', 'sikkim@aorbo.com', '+91 9876543214', '$2b$10$.FB99MedPmP.ZvJzxbOyfOI7TIUj3cnI8v/vd8vP9s8AhVdZAwxty', 2, 'active', '2025-11-01 07:11:56', '2025-11-01 07:11:56'),
(7, 'ishopperline line', 'info@ishopper.sa', '8770942076', '$2b$10$/cEzCKFs1jSluBOJK15KIOl4yum8UEM2ceKxXB/2gY1HhC5o4Ku2e', 2, 'inactive', '2025-12-15 14:08:47', '2025-12-15 14:08:47'),
(8, 'test', 'info@ishopper.sa', '8817447405', '$2b$10$IFHd3olFhfVR.NNPMao2NOVmnptTo4WrP.Y6CHIt6fYI7r2DFNzAi', 2, 'inactive', '2025-12-15 14:15:08', '2025-12-15 14:15:08'),
(9, 'ishopperline line', 'info@ishopper.sa', '8770942078', '$2b$10$KD0rSB9dAWexfB2TxMPImeyRPw6xsBNHgSdQlQmloG8cRHWMZb8Xi', 2, 'inactive', '2025-12-19 07:22:20', '2025-12-19 07:22:20'),
(21, 'Dinesh kumer', 'developermactosys@gmail.com', '8008008001', '$2b$10$MvZb02SoBW0zYRLVr/TXn.pWdJkSPohaASpT30VGVKPUuRo.U4GuW', 2, 'inactive', '2025-12-22 12:52:56', '2025-12-22 12:52:56'),
(22, 'Abhishek ', 'dhl@gmail.com', '8770942079', '$2b$10$ZPY4cCk9yoT.6oec/Nw.W.OonlIiQgZNpp7IhNSWAwsXgJAjuy5oS', 2, 'inactive', '2026-01-05 06:13:43', '2026-01-05 06:13:43'),
(23, 'test', 'admin@a.com', '9990009999', '$2b$10$fuMHOH8J1DFN4EtPYfnuUObDDkWqCgYsZrBJL3ZggzDdkTClnL2Wm', 2, 'inactive', '2026-01-06 06:09:23', '2026-01-06 10:59:24'),
(24, 'test', 'test@gmail.com', 'temp_phone', '$2b$10$NqkSCxxmB1uz18i4ZJxouOEUV7njfdMIcSVNKkU3JIec6KeCe4oWa', 2, 'inactive', '2026-01-06 10:17:56', '2026-01-06 10:17:56'),
(25, 'test', 'admin@a.com', '9898989898', '$2b$10$.p2N37Ka142Ak3oCCqqSOOXtmUOgqMqfgWvsAc8rzKtM3qbLG42KG', 2, 'inactive', '2026-01-06 13:04:37', '2026-01-06 13:04:37'),
(26, 'test', 'priyanshirathor19@gmail.com', '1111111111', '$2b$10$4jXCivcPXPxW6aIsOdo1n.rryqkGAa9DRW17Z.Y/ZhzVT8ysevXZW', 2, 'inactive', '2026-01-06 13:20:25', '2026-01-06 13:24:43'),
(27, 'test', 'admin@a.com', '1212121212', '$2b$10$Q655imF2r4cPaPzJ3tKVqeLmAYaA9nQO7anSEAjfTYG7M8IEQu882', 2, 'inactive', '2026-01-07 05:55:58', '2026-01-07 05:55:58'),
(28, 'test', 'priyanshirathor19@gmail.com', '3423424242', '$2b$10$dWA.PFq.sJd6GX0dIZ.vdurMA84Ry5kHcD4ZUivlybqwIBZgiNp/q', 2, 'inactive', '2026-01-07 05:57:58', '2026-01-07 05:57:58'),
(29, 'Watern', 'watern@gmail.com', '8813232424', '$2b$10$6jR90qjh5KFcOigmc9M/feOtz7yigDHOpTfhylMi2oOwlFDACUIYa', 2, 'inactive', '2026-01-07 07:44:14', '2026-01-07 07:44:14'),
(30, 'ishopperline line', 'info@ishopper.sa', '8877999099', '$2b$10$TBpwmQDOza7y.1wymWfv3ujYTGsN.mn1DZ7mW/TPpBUADTK.VA8tu', 2, 'inactive', '2026-01-07 07:50:38', '2026-01-07 07:50:38'),
(31, 'ishopperline line', 'info@ishopper.sa', '7888997767', '$2b$10$tVn5/T/G1MJ.b5C1MO1pSe9Q21q5oq72pynnkOdgxjsL853z4Gq7C', 2, 'inactive', '2026-01-07 09:39:15', '2026-01-07 09:39:15'),
(32, 'p', 'p@gmail.com', '2324234243', '$2b$10$6ZH5g5oc5FiPY4CCXBrvFudJWR.NgfwwfBYg5iRQg8RbDdYO4fZCW', 2, 'inactive', '2026-01-07 09:56:56', '2026-01-07 09:56:56');

-- --------------------------------------------------------

--
-- Table structure for table `vendors`
--

CREATE TABLE `vendors` (
  `id` int NOT NULL,
  `user_id` int NOT NULL,
  `vin_id` varchar(200) DEFAULT NULL,
  `company_info` longtext CHARACTER SET utf8mb4 COLLATE utf8mb4_bin,
  `status` enum('active','inactive','suspended') DEFAULT 'inactive',
  `address` text,
  `business_name` varchar(255) DEFAULT NULL,
  `business_type` varchar(255) DEFAULT NULL,
  `business_entity` varchar(255) DEFAULT NULL,
  `business_address` text,
  `gstin` varchar(255) DEFAULT NULL,
  `account_holder_name` varchar(255) DEFAULT NULL,
  `bank_name` varchar(255) DEFAULT NULL,
  `ifsc_code` varchar(255) DEFAULT NULL,
  `account_number` varchar(255) DEFAULT NULL,
  `pan_card_path` varchar(255) DEFAULT NULL,
  `id_proof_path` varchar(255) DEFAULT NULL,
  `cancelled_cheque_path` varchar(255) DEFAULT NULL,
  `gstin_certificate_path` varchar(255) DEFAULT NULL,
  `msme_certificate_path` varchar(255) DEFAULT NULL,
  `shop_establishment_path` varchar(255) DEFAULT NULL,
  `pan_card_verified` tinyint(1) DEFAULT '0',
  `id_proof_verified` tinyint(1) DEFAULT '0',
  `cancelled_cheque_verified` tinyint(1) DEFAULT '0',
  `gstin_certificate_verified` tinyint(1) DEFAULT '0',
  `msme_certificate_verified` tinyint(1) DEFAULT '0',
  `shop_establishment_verified` tinyint(1) DEFAULT '0',
  `kyc_status` enum('pending','in_progress','completed','rejected') DEFAULT 'pending',
  `application_status` varchar(200) CHARACTER SET utf8mb3 COLLATE utf8mb3_general_ci DEFAULT 'NEW',
  `status_reason` varchar(200) DEFAULT NULL,
  `remark` text,
  `kyc_step` int DEFAULT '1',
  `created_at` datetime NOT NULL,
  `updated_at` datetime NOT NULL
) ;

--
-- Dumping data for table `vendors`
--

INSERT INTO `vendors` (`id`, `user_id`, `vin_id`, `company_info`, `status`, `address`, `business_name`, `business_type`, `business_entity`, `business_address`, `gstin`, `account_holder_name`, `bank_name`, `ifsc_code`, `account_number`, `pan_card_path`, `id_proof_path`, `cancelled_cheque_path`, `gstin_certificate_path`, `msme_certificate_path`, `shop_establishment_path`, `pan_card_verified`, `id_proof_verified`, `cancelled_cheque_verified`, `gstin_certificate_verified`, `msme_certificate_verified`, `shop_establishment_verified`, `kyc_status`, `application_status`, `status_reason`, `remark`, `kyc_step`, `created_at`, `updated_at`) VALUES
(1, 2, '122', '{\"company_name\":\"Himalayan Adventures Pvt Ltd\",\"contact_person\":\"Rajesh Kumar\",\"phone\":\"+91 9876543210\",\"email\":\"himalayan@aorbo.com\",\"address\":\"123 Mall Road, Dehradun, Uttarakhand\",\"gst_number\":\"GST123456789\",\"pan_number\":\"ABCDE1234F\",\"bank_name\":\"State Bank of India\",\"account_number\":\"1234567890\",\"ifsc_code\":\"SBIN0001234\",\"commission_rate\":15}', 'active', NULL, 'test', NULL, NULL, NULL, NULL, NULL, NULL, NULL, NULL, NULL, NULL, NULL, NULL, NULL, NULL, 0, 0, 0, 0, 0, 0, 'pending', 'NEW', NULL, NULL, 1, '2025-11-01 07:11:56', '2025-12-19 08:49:08'),
(2, 3, NULL, '{\"company_name\":\"Mountain Trails & Tours\",\"contact_person\":\"Priya Sharma\",\"phone\":\"+91 9876543211\",\"email\":\"mountain@aorbo.com\",\"address\":\"456 Ridge Road, Manali, Himachal Pradesh\",\"gst_number\":\"GST987654321\",\"pan_number\":\"FGHIJ5678K\",\"bank_name\":\"HDFC Bank\",\"account_number\":\"0987654321\",\"ifsc_code\":\"HDFC0001234\",\"commission_rate\":12}', 'active', NULL, NULL, NULL, NULL, NULL, NULL, NULL, NULL, NULL, NULL, NULL, NULL, NULL, NULL, NULL, NULL, 0, 0, 0, 0, 0, 0, 'in_progress', 'REJECTED', 'fffffff', NULL, 1, '2025-11-01 07:11:56', '2025-12-19 10:18:15'),
(3, 4, 'VID-202512223', '{\"company_name\":\"Adventure Zone India\",\"contact_person\":\"Amit Patel\",\"phone\":\"+91 9876543212\",\"email\":\"adventure@aorbo.com\",\"address\":\"789 Adventure Street, Rishikesh, Uttarakhand\",\"gst_number\":\"GST456789123\",\"pan_number\":\"KLMNO9012P\",\"bank_name\":\"ICICI Bank\",\"account_number\":\"1122334455\",\"ifsc_code\":\"ICIC0001234\",\"commission_rate\":18}', 'active', NULL, NULL, NULL, NULL, NULL, NULL, NULL, NULL, NULL, NULL, NULL, NULL, NULL, NULL, NULL, NULL, 0, 0, 0, 0, 0, 0, 'in_progress', 'APPROVED', NULL, NULL, 1, '2025-11-01 07:11:56', '2025-12-22 13:21:12'),
(4, 5, NULL, '{\"company_name\":\"Ladakh Expeditions & Tours\",\"contact_person\":\"Sonam Dorje\",\"phone\":\"+91 9876543213\",\"email\":\"ladakh@aorbo.com\",\"address\":\"321 Leh Road, Leh, Ladakh\",\"gst_number\":\"GST789123456\",\"pan_number\":\"PQRST3456U\",\"bank_name\":\"Axis Bank\",\"account_number\":\"5566778899\",\"ifsc_code\":\"UTIB0001234\",\"commission_rate\":20}', 'active', NULL, NULL, NULL, NULL, NULL, NULL, NULL, NULL, NULL, NULL, NULL, NULL, NULL, NULL, NULL, NULL, 0, 0, 0, 0, 0, 0, 'pending', 'NEW', NULL, NULL, 1, '2025-11-01 07:11:56', '2025-11-01 07:11:56'),
(5, 6, NULL, '{\"company_name\":\"Sikkim Treks & Adventures\",\"contact_person\":\"Tenzin Wangchuk\",\"phone\":\"+91 9876543214\",\"email\":\"sikkim@aorbo.com\",\"address\":\"654 MG Marg, Gangtok, Sikkim\",\"gst_number\":\"GST321654987\",\"pan_number\":\"UVWXY7890Z\",\"bank_name\":\"Punjab National Bank\",\"account_number\":\"9988776655\",\"ifsc_code\":\"PUNB0001234\",\"commission_rate\":16}', 'active', NULL, NULL, NULL, NULL, NULL, NULL, NULL, NULL, NULL, NULL, NULL, NULL, NULL, NULL, NULL, NULL, 0, 0, 0, 0, 0, 0, 'pending', 'APPROVED', NULL, NULL, 1, '2025-11-01 07:11:56', '2025-11-01 07:11:56'),
(9, 21, NULL, NULL, 'active', 'mohali 130,new rajthera', 'MYOWNCAFFE', 'Individual Guide', 'Partnership', 'Mohali 123, new jark', 'QWEWQEWQE', 'dineeshji', 'sbi', 'ABCDE12312', '213131231123', '/var/www/html/arbo-trck-back/storage/documents/panCard-1766408064422-671941489.jpg', '/var/www/html/arbo-trck-back/storage/documents/idProof-1766408064507-937880531.png', '/var/www/html/arbo-trck-back/storage/documents/cancelledCheque-1766408064599-166222985.png', '/var/www/html/arbo-trck-back/storage/documents/gstinCertificate-1766408064711-64756726.png', '/var/www/html/arbo-trck-back/storage/documents/msmeCertificate-1766408064821-819564095.png', '/var/www/html/arbo-trck-back/storage/documents/shopEstablishment-1766408064919-321802923.png', 0, 0, 0, 0, 0, 0, 'completed', 'REJECTED', 'rejecteddd', NULL, 4, '2025-12-22 12:52:56', '2026-01-05 09:22:39'),
(10, 22, NULL, NULL, 'active', 'Bhopal , 124 - C Road ', 'DHL-IP', 'Adventure Company', 'Sole Proprietorship', 'DY mall Bhopal', 'QWEWQEWQE', 'Abhishek sharma', 'idbi', 'ABCDE12312', '20423423222', '/var/www/html/arbo-trck-back/storage/documents/panCard-1767593835160-16272391.png', '/var/www/html/arbo-trck-back/storage/documents/idProof-1767593835437-566136755.jpg', '/var/www/html/arbo-trck-back/storage/documents/cancelledCheque-1767593836140-126099313.png', '/var/www/html/arbo-trck-back/storage/documents/gstinCertificate-1767593836304-424433930.png', '/var/www/html/arbo-trck-back/storage/documents/msmeCertificate-1767593836488-938347547.png', '/var/www/html/arbo-trck-back/storage/documents/shopEstablishment-1767593836953-162792767.png', 0, 0, 0, 0, 0, 0, 'completed', 'REVERIFY', 'fsdfsdfsdfsd', NULL, 4, '2026-01-05 06:13:43', '2026-01-05 09:21:39'),
(11, 23, NULL, NULL, 'inactive', 'a', 'test', 'Individual Guide', 'Private Limited Company', 'test', '768564756867HHH', NULL, NULL, NULL, NULL, '/var/www/html/arbo-trck-back/storage/documents/panCard-1767697741692-674018058.pdf', '/var/www/html/arbo-trck-back/storage/documents/idProof-1767697743838-37269398.pdf', '/var/www/html/arbo-trck-back/storage/documents/cancelledCheque-1767697744510-626872684.pdf', '/var/www/html/arbo-trck-back/storage/documents/gstinCertificate-1767697743381-783142911.pdf', '/var/www/html/arbo-trck-back/storage/documents/msmeCertificate-1767697744989-628684371.pdf', '/var/www/html/arbo-trck-back/storage/documents/shopEstablishment-1767685540072-338304888.pdf', 0, 0, 0, 0, 0, 0, 'in_progress', 'NEW', NULL, NULL, 3, '2026-01-06 06:09:24', '2026-01-06 11:09:05'),
(12, 24, NULL, NULL, 'active', 'a', '', 'Adventure Company', 'LLP', NULL, '768564756867HHH', 'jjjj', '', 'ASXAXDW2E23', '2222222222222', NULL, NULL, NULL, NULL, NULL, NULL, 0, 0, 0, 0, 0, 0, 'completed', 'NEW', NULL, NULL, 4, '2026-01-06 10:17:57', '2026-01-06 10:48:16'),
(13, 25, NULL, NULL, 'inactive', 'a', '', '', 'Individual/Freelancer', NULL, '768564756867HHH', NULL, NULL, NULL, NULL, '/var/www/html/arbo-trck-back/storage/documents/panCard-1767705049247-968507188.pdf', NULL, NULL, NULL, NULL, NULL, 0, 0, 0, 0, 0, 0, 'in_progress', 'REJECTED', 'rejected trek vendor', NULL, 3, '2026-01-06 13:04:37', '2026-01-09 07:36:25'),
(14, 26, NULL, NULL, 'inactive', '', '', '', 'Private Limited Company', NULL, '', NULL, NULL, NULL, NULL, NULL, NULL, NULL, NULL, NULL, NULL, 0, 0, 0, 0, 0, 0, 'in_progress', 'NEW', NULL, NULL, 3, '2026-01-06 13:20:25', '2026-01-06 13:24:55'),
(15, 27, 'VID-2026010715', NULL, 'inactive', 'a', 'test', 'Adventure Company', 'Private Limited Company', NULL, '768564756867HHH', NULL, NULL, NULL, NULL, NULL, NULL, NULL, NULL, NULL, NULL, 0, 0, 0, 0, 0, 0, 'in_progress', 'APPROVED', NULL, NULL, 2, '2026-01-07 05:55:58', '2026-01-07 08:48:27'),
(16, 28, NULL, NULL, 'inactive', 'a', 'test', 'Individual Guide', 'Private Limited Company', NULL, '768564756867HHH', NULL, NULL, NULL, NULL, NULL, NULL, NULL, NULL, NULL, NULL, 0, 0, 0, 0, 0, 0, 'in_progress', 'NEW', NULL, NULL, 3, '2026-01-07 05:57:58', '2026-01-07 06:01:49'),
(17, 29, NULL, NULL, 'active', 'Bhopal 123-G Vilaroad', 'WOW International', 'Adventure Company', 'Individual/Freelancer', NULL, 'QWEWQEWQE', 'Western puclikc', '', '3213131SADS', '99992323233', '/var/www/html/arbo-trck-back/storage/documents/panCard-1767771941522-644403322.png', '/var/www/html/arbo-trck-back/storage/documents/idProof-1767771941541-164736670.png', NULL, '/var/www/html/arbo-trck-back/storage/documents/gstinCertificate-1767771941569-842836152.png', '/var/www/html/arbo-trck-back/storage/documents/msmeCertificate-1767771941559-908185887.png', NULL, 0, 0, 0, 0, 0, 0, 'completed', 'REJECTED', 'this is incomplete application because logo not uploaded for your business.', NULL, 4, '2026-01-07 07:44:14', '2026-01-07 07:54:44'),
(18, 30, NULL, NULL, 'inactive', 'saudi arabia', 'test', 'Adventure Company', 'Individual/Freelancer', NULL, 'QWEWQEWQE', NULL, NULL, NULL, NULL, NULL, NULL, NULL, NULL, NULL, NULL, 0, 0, 0, 0, 0, 0, 'in_progress', 'REVERIFY', 'this is correct .', NULL, 2, '2026-01-07 07:50:38', '2026-01-07 07:57:14'),
(19, 31, NULL, NULL, 'inactive', 'saudi arabia', 'Adventure Vibes', 'Travel Agency', 'LLP', NULL, '', NULL, NULL, NULL, NULL, NULL, NULL, NULL, NULL, NULL, NULL, 0, 0, 0, 0, 0, 0, 'in_progress', 'NEW', NULL, NULL, 3, '2026-01-07 09:39:15', '2026-01-07 09:39:43'),
(20, 32, NULL, NULL, 'inactive', 'xyz', 'test', 'Adventure Company', 'Private Limited Company', NULL, '768564756867HHH', NULL, NULL, NULL, NULL, NULL, NULL, NULL, NULL, NULL, NULL, 0, 0, 0, 0, 0, 0, 'in_progress', 'REVERIFY', 'reverify', NULL, 3, '2026-01-07 09:56:56', '2026-01-09 07:46:32');

-- --------------------------------------------------------

--
-- Table structure for table `version_info`
--

CREATE TABLE `version_info` (
  `id` int NOT NULL,
  `version` varchar(255) NOT NULL,
  `notes` text,
  `release_date` datetime NOT NULL,
  `created_at` datetime NOT NULL,
  `updated_at` datetime NOT NULL
) ENGINE=InnoDB DEFAULT CHARSET=utf8mb3;

-- --------------------------------------------------------

--
-- Table structure for table `weather_logs`
--

CREATE TABLE `weather_logs` (
  `id` int NOT NULL,
  `city_id` int NOT NULL,
  `trek_id` int DEFAULT NULL,
  `date` date NOT NULL,
  `temperature` longtext CHARACTER SET utf8mb4 COLLATE utf8mb4_bin NOT NULL,
  `humidity` int DEFAULT '0',
  `wind_speed` decimal(5,2) DEFAULT '0.00',
  `wind_direction` varchar(255) DEFAULT NULL,
  `precipitation` decimal(5,2) DEFAULT '0.00',
  `visibility` decimal(5,2) DEFAULT '10.00',
  `weather_condition` enum('sunny','cloudy','rainy','snowy','foggy','stormy') NOT NULL,
  `uv_index` int DEFAULT '0',
  `air_quality` enum('good','moderate','unhealthy','hazardous') DEFAULT 'good',
  `trek_suitability` enum('excellent','good','fair','poor','dangerous') NOT NULL,
  `alerts` longtext CHARACTER SET utf8mb4 COLLATE utf8mb4_bin,
  `source` varchar(255) DEFAULT 'manual',
  `created_at` datetime NOT NULL,
  `updated_at` datetime NOT NULL
) ;

-- --------------------------------------------------------

--
-- Table structure for table `withdrawals`
--

CREATE TABLE `withdrawals` (
  `id` int NOT NULL,
  `withdrawal_id` varchar(50) NOT NULL COMMENT 'Auto-generated withdrawal ID in format WD-YYYY-MM-DD-XXXX',
  `vendor_id` int NOT NULL COMMENT 'Reference to the vendor making the withdrawal',
  `amount` decimal(10,2) NOT NULL COMMENT 'Withdrawal amount',
  `tbrs_count` int NOT NULL DEFAULT '0' COMMENT 'Number of TBRs included in this withdrawal',
  `status` enum('pending','completed','rejected') NOT NULL DEFAULT 'pending' COMMENT 'Withdrawal status',
  `notes` varchar(255) DEFAULT NULL COMMENT 'Auto-generated notes based on status',
  `rejected_reason` text COMMENT 'Reason for rejection if status is rejected',
  `withdrawal_date` datetime NOT NULL COMMENT 'Date when withdrawal was requested',
  `status_change_date` datetime DEFAULT NULL COMMENT 'Date when status was last changed',
  `created_at` datetime NOT NULL,
  `updated_at` datetime NOT NULL
) ENGINE=InnoDB DEFAULT CHARSET=utf8mb3;

--
-- Dumping data for table `withdrawals`
--

INSERT INTO `withdrawals` (`id`, `withdrawal_id`, `vendor_id`, `amount`, `tbrs_count`, `status`, `notes`, `rejected_reason`, `withdrawal_date`, `status_change_date`, `created_at`, `updated_at`) VALUES
(1, 'WD-2025-12-15-0728', 1, 12.00, 26, 'pending', 'Payment is being processed', NULL, '2025-12-15 11:16:20', '2025-12-15 11:16:20', '2025-12-15 11:16:20', '2025-12-15 11:16:20'),
(2, 'WD-2026-01-12-1013', 1, 3000.00, 26, 'pending', 'Payment is being processed', NULL, '2026-01-12 10:38:21', '2026-01-12 10:38:21', '2026-01-12 10:38:21', '2026-01-12 10:38:21');

-- --------------------------------------------------------

--
-- Table structure for table `withdrawal_logs`
--

CREATE TABLE `withdrawal_logs` (
  `id` int NOT NULL,
  `request_id` int NOT NULL,
  `status` enum('pending','processed','failed') NOT NULL,
  `amount` decimal(10,2) NOT NULL,
  `processed_at` datetime DEFAULT NULL,
  `note` text,
  `created_at` datetime NOT NULL,
  `updated_at` datetime NOT NULL
) ENGINE=InnoDB DEFAULT CHARSET=utf8mb3;

-- --------------------------------------------------------

--
-- Table structure for table `withdrawal_requests`
--

CREATE TABLE `withdrawal_requests` (
  `id` int NOT NULL,
  `user_id` int NOT NULL,
  `amount` decimal(10,2) NOT NULL,
  `status` enum('pending','approved','rejected') DEFAULT 'pending',
  `requested_at` datetime DEFAULT NULL,
  `processed_at` datetime DEFAULT NULL,
  `created_at` datetime NOT NULL,
  `updated_at` datetime NOT NULL
) ENGINE=InnoDB DEFAULT CHARSET=utf8mb3;

--
-- Indexes for dumped tables
--

--
-- Indexes for table `accommodations`
--
ALTER TABLE `accommodations`
  ADD PRIMARY KEY (`id`),
  ADD KEY `trek_id` (`trek_id`),
  ADD KEY `batch_id` (`batch_id`);

--
-- Indexes for table `activities`
--
ALTER TABLE `activities`
  ADD PRIMARY KEY (`id`),
  ADD UNIQUE KEY `name` (`name`),
  ADD UNIQUE KEY `name_2` (`name`),
  ADD UNIQUE KEY `name_3` (`name`),
  ADD UNIQUE KEY `name_4` (`name`),
  ADD UNIQUE KEY `name_5` (`name`);

--
-- Indexes for table `adjustments`
--
ALTER TABLE `adjustments`
  ADD PRIMARY KEY (`id`),
  ADD KEY `booking_id` (`booking_id`);

--
-- Indexes for table `alerts`
--
ALTER TABLE `alerts`
  ADD PRIMARY KEY (`id`);

--
-- Indexes for table `api_keys`
--
ALTER TABLE `api_keys`
  ADD PRIMARY KEY (`id`),
  ADD KEY `user_id` (`user_id`);

--
-- Indexes for table `badges`
--
ALTER TABLE `badges`
  ADD PRIMARY KEY (`id`),
  ADD UNIQUE KEY `name` (`name`),
  ADD UNIQUE KEY `name_2` (`name`),
  ADD UNIQUE KEY `name_3` (`name`),
  ADD UNIQUE KEY `name_4` (`name`),
  ADD UNIQUE KEY `name_5` (`name`);

--
-- Indexes for table `banner_items`
--
ALTER TABLE `banner_items`
  ADD PRIMARY KEY (`id`),
  ADD KEY `banner_type_id` (`banner_type_id`);

--
-- Indexes for table `banner_types`
--
ALTER TABLE `banner_types`
  ADD PRIMARY KEY (`id`);

--
-- Indexes for table `batches`
--
ALTER TABLE `batches`
  ADD PRIMARY KEY (`id`),
  ADD UNIQUE KEY `tbr_id` (`tbr_id`),
  ADD UNIQUE KEY `tbr_id_2` (`tbr_id`),
  ADD UNIQUE KEY `tbr_id_3` (`tbr_id`),
  ADD UNIQUE KEY `tbr_id_4` (`tbr_id`),
  ADD UNIQUE KEY `tbr_id_5` (`tbr_id`),
  ADD KEY `trek_id` (`trek_id`),
  ADD KEY `captain_id` (`captain_id`);

--
-- Indexes for table `batch_cancellation_requests`
--
ALTER TABLE `batch_cancellation_requests`
  ADD PRIMARY KEY (`id`);

--
-- Indexes for table `boarding_points`
--
ALTER TABLE `boarding_points`
  ADD PRIMARY KEY (`id`),
  ADD KEY `city_id` (`city_id`);

--
-- Indexes for table `bookings`
--
ALTER TABLE `bookings`
  ADD PRIMARY KEY (`id`),
  ADD KEY `customer_id` (`customer_id`),
  ADD KEY `trek_id` (`trek_id`),
  ADD KEY `vendor_id` (`vendor_id`),
  ADD KEY `batch_id` (`batch_id`),
  ADD KEY `coupon_id` (`coupon_id`),
  ADD KEY `primary_contact_traveler_id` (`primary_contact_traveler_id`),
  ADD KEY `city_id` (`city_id`),
  ADD KEY `user_id` (`user_id`);

--
-- Indexes for table `booking_travelers`
--
ALTER TABLE `booking_travelers`
  ADD PRIMARY KEY (`id`),
  ADD UNIQUE KEY `booking_travelers_booking_id_traveler_id` (`booking_id`,`traveler_id`),
  ADD KEY `traveler_id` (`traveler_id`);

--
-- Indexes for table `campaigns`
--
ALTER TABLE `campaigns`
  ADD PRIMARY KEY (`id`);

--
-- Indexes for table `cancellations`
--
ALTER TABLE `cancellations`
  ADD PRIMARY KEY (`id`),
  ADD UNIQUE KEY `booking_id` (`booking_id`);

--
-- Indexes for table `cancellation_bookings`
--
ALTER TABLE `cancellation_bookings`
  ADD PRIMARY KEY (`id`),
  ADD KEY `booking_id` (`booking_id`),
  ADD KEY `customer_id` (`customer_id`),
  ADD KEY `trek_id` (`trek_id`),
  ADD KEY `batch_id` (`batch_id`);

--
-- Indexes for table `cancellation_policies`
--
ALTER TABLE `cancellation_policies`
  ADD PRIMARY KEY (`id`),
  ADD UNIQUE KEY `title` (`title`),
  ADD UNIQUE KEY `title_2` (`title`),
  ADD UNIQUE KEY `title_3` (`title`),
  ADD UNIQUE KEY `title_4` (`title`),
  ADD UNIQUE KEY `title_5` (`title`);

--
-- Indexes for table `cancellation_policy_settings`
--
ALTER TABLE `cancellation_policy_settings`
  ADD PRIMARY KEY (`id`);

--
-- Indexes for table `categories`
--
ALTER TABLE `categories`
  ADD PRIMARY KEY (`id`),
  ADD KEY `trek_id` (`trek_id`);

--
-- Indexes for table `chats`
--
ALTER TABLE `chats`
  ADD PRIMARY KEY (`id`),
  ADD KEY `customer_id` (`customer_id`),
  ADD KEY `admin_id` (`admin_id`);

--
-- Indexes for table `cities`
--
ALTER TABLE `cities`
  ADD PRIMARY KEY (`id`),
  ADD KEY `state_id` (`state_id`);

--
-- Indexes for table `coupons`
--
ALTER TABLE `coupons`
  ADD PRIMARY KEY (`id`),
  ADD KEY `vendor_id` (`vendor_id`),
  ADD KEY `assigned_trek_id` (`assigned_trek_id`);

--
-- Indexes for table `coupons_audit_logs`
--
ALTER TABLE `coupons_audit_logs`
  ADD PRIMARY KEY (`id`),
  ADD KEY `coupons_audit_logs_coupon_id` (`coupon_id`),
  ADD KEY `coupons_audit_logs_vendor_id` (`vendor_id`),
  ADD KEY `coupons_audit_logs_action` (`action`),
  ADD KEY `coupons_audit_logs_created_at` (`created_at`),
  ADD KEY `coupons_audit_logs_trek_id` (`trek_id`),
  ADD KEY `previous_trek_id` (`previous_trek_id`);

--
-- Indexes for table `coupon_assignments`
--
ALTER TABLE `coupon_assignments`
  ADD PRIMARY KEY (`id`),
  ADD UNIQUE KEY `coupon_assignments_coupon_id_customer_id_unique` (`coupon_id`,`customer_id`),
  ADD KEY `customer_id` (`customer_id`),
  ADD KEY `booking_id` (`booking_id`);

--
-- Indexes for table `customers`
--
ALTER TABLE `customers`
  ADD PRIMARY KEY (`id`),
  ADD UNIQUE KEY `phone` (`phone`),
  ADD UNIQUE KEY `phone_2` (`phone`),
  ADD UNIQUE KEY `phone_3` (`phone`),
  ADD UNIQUE KEY `phone_4` (`phone`),
  ADD UNIQUE KEY `phone_5` (`phone`),
  ADD UNIQUE KEY `email` (`email`),
  ADD UNIQUE KEY `firebase_uid` (`firebase_uid`),
  ADD UNIQUE KEY `email_2` (`email`),
  ADD UNIQUE KEY `firebase_uid_2` (`firebase_uid`),
  ADD UNIQUE KEY `email_3` (`email`),
  ADD UNIQUE KEY `firebase_uid_3` (`firebase_uid`),
  ADD UNIQUE KEY `email_4` (`email`),
  ADD UNIQUE KEY `firebase_uid_4` (`firebase_uid`),
  ADD UNIQUE KEY `email_5` (`email`),
  ADD UNIQUE KEY `firebase_uid_5` (`firebase_uid`),
  ADD KEY `city_id` (`city_id`),
  ADD KEY `state_id` (`state_id`);

--
-- Indexes for table `destinations`
--
ALTER TABLE `destinations`
  ADD PRIMARY KEY (`id`),
  ADD UNIQUE KEY `name` (`name`),
  ADD UNIQUE KEY `name_2` (`name`),
  ADD UNIQUE KEY `name_3` (`name`),
  ADD UNIQUE KEY `name_4` (`name`),
  ADD UNIQUE KEY `name_5` (`name`);

--
-- Indexes for table `email_templates`
--
ALTER TABLE `email_templates`
  ADD PRIMARY KEY (`id`);

--
-- Indexes for table `emergency_contacts`
--
ALTER TABLE `emergency_contacts`
  ADD PRIMARY KEY (`id`),
  ADD KEY `customer_id` (`customer_id`);

--
-- Indexes for table `exclusions`
--
ALTER TABLE `exclusions`
  ADD PRIMARY KEY (`id`),
  ADD UNIQUE KEY `name` (`name`),
  ADD UNIQUE KEY `name_2` (`name`),
  ADD UNIQUE KEY `name_3` (`name`),
  ADD UNIQUE KEY `name_4` (`name`),
  ADD UNIQUE KEY `name_5` (`name`);

--
-- Indexes for table `faqs`
--
ALTER TABLE `faqs`
  ADD PRIMARY KEY (`id`);

--
-- Indexes for table `hold_requests`
--
ALTER TABLE `hold_requests`
  ADD PRIMARY KEY (`id`),
  ADD KEY `vendor_id` (`vendor_id`),
  ADD KEY `approved_by` (`approved_by`);

--
-- Indexes for table `inclusions`
--
ALTER TABLE `inclusions`
  ADD PRIMARY KEY (`id`),
  ADD UNIQUE KEY `name` (`name`),
  ADD UNIQUE KEY `name_2` (`name`),
  ADD UNIQUE KEY `name_3` (`name`),
  ADD UNIQUE KEY `name_4` (`name`),
  ADD UNIQUE KEY `name_5` (`name`);

--
-- Indexes for table `issue_reports`
--
ALTER TABLE `issue_reports`
  ADD PRIMARY KEY (`id`),
  ADD KEY `booking_id` (`booking_id`),
  ADD KEY `customer_id` (`customer_id`),
  ADD KEY `assigned_to` (`assigned_to`);

--
-- Indexes for table `itinerary_items`
--
ALTER TABLE `itinerary_items`
  ADD PRIMARY KEY (`id`),
  ADD KEY `trek_id` (`trek_id`);

--
-- Indexes for table `maintenance_logs`
--
ALTER TABLE `maintenance_logs`
  ADD PRIMARY KEY (`id`);

--
-- Indexes for table `manual_payments`
--
ALTER TABLE `manual_payments`
  ADD PRIMARY KEY (`id`),
  ADD KEY `user_id` (`user_id`);

--
-- Indexes for table `mappings`
--
ALTER TABLE `mappings`
  ADD PRIMARY KEY (`id`),
  ADD KEY `trek_id` (`trek_id`),
  ADD KEY `city_id` (`city_id`);

--
-- Indexes for table `messages`
--
ALTER TABLE `messages`
  ADD PRIMARY KEY (`id`),
  ADD KEY `chat_id` (`chat_id`);

--
-- Indexes for table `notifications`
--
ALTER TABLE `notifications`
  ADD PRIMARY KEY (`id`),
  ADD KEY `idx_vendor` (`vendor_id`),
  ADD KEY `idx_customer` (`customer_id`),
  ADD KEY `idx_type` (`type`),
  ADD KEY `idx_category` (`category`),
  ADD KEY `idx_status` (`status`);

--
-- Indexes for table `payment_failed`
--
ALTER TABLE `payment_failed`
  ADD PRIMARY KEY (`id`),
  ADD KEY `payment_failed_order_id` (`order_id`),
  ADD KEY `payment_failed_payment_id` (`payment_id`),
  ADD KEY `payment_failed_batch_id` (`batch_id`),
  ADD KEY `payment_failed_customer_id` (`customer_id`),
  ADD KEY `payment_failed_payment_failed` (`payment_failed`),
  ADD KEY `payment_failed_created_at` (`created_at`);

--
-- Indexes for table `payment_logs`
--
ALTER TABLE `payment_logs`
  ADD PRIMARY KEY (`id`),
  ADD KEY `booking_id` (`booking_id`);

--
-- Indexes for table `permissions`
--
ALTER TABLE `permissions`
  ADD PRIMARY KEY (`id`);

--
-- Indexes for table `policies`
--
ALTER TABLE `policies`
  ADD PRIMARY KEY (`id`);

--
-- Indexes for table `push_notifications`
--
ALTER TABLE `push_notifications`
  ADD PRIMARY KEY (`id`);

--
-- Indexes for table `ratings`
--
ALTER TABLE `ratings`
  ADD PRIMARY KEY (`id`),
  ADD KEY `trek_id` (`trek_id`),
  ADD KEY `customer_id` (`customer_id`),
  ADD KEY `booking_id` (`booking_id`),
  ADD KEY `batch_id` (`batch_id`);

--
-- Indexes for table `rating_categories`
--
ALTER TABLE `rating_categories`
  ADD PRIMARY KEY (`id`),
  ADD UNIQUE KEY `name` (`name`),
  ADD UNIQUE KEY `name_2` (`name`),
  ADD UNIQUE KEY `name_3` (`name`),
  ADD UNIQUE KEY `name_4` (`name`),
  ADD UNIQUE KEY `name_5` (`name`);

--
-- Indexes for table `reconciliations`
--
ALTER TABLE `reconciliations`
  ADD PRIMARY KEY (`id`);

--
-- Indexes for table `refund_settings`
--
ALTER TABLE `refund_settings`
  ADD PRIMARY KEY (`id`);

--
-- Indexes for table `roles`
--
ALTER TABLE `roles`
  ADD PRIMARY KEY (`id`);

--
-- Indexes for table `role_permissions`
--
ALTER TABLE `role_permissions`
  ADD PRIMARY KEY (`role_id`,`permission_id`),
  ADD UNIQUE KEY `role_permissions_permission_id_role_id_unique` (`role_id`,`permission_id`),
  ADD KEY `permission_id` (`permission_id`);

--
-- Indexes for table `safety_guidelines`
--
ALTER TABLE `safety_guidelines`
  ADD PRIMARY KEY (`id`),
  ADD KEY `trek_id` (`trek_id`);

--
-- Indexes for table `sales`
--
ALTER TABLE `sales`
  ADD PRIMARY KEY (`id`),
  ADD KEY `booking_id` (`booking_id`);

--
-- Indexes for table `scheduled_messages`
--
ALTER TABLE `scheduled_messages`
  ADD PRIMARY KEY (`id`);

--
-- Indexes for table `settlements`
--
ALTER TABLE `settlements`
  ADD PRIMARY KEY (`id`),
  ADD KEY `vendor_id` (`vendor_id`);

--
-- Indexes for table `states`
--
ALTER TABLE `states`
  ADD PRIMARY KEY (`id`),
  ADD UNIQUE KEY `name` (`name`),
  ADD UNIQUE KEY `name_2` (`name`),
  ADD UNIQUE KEY `name_3` (`name`),
  ADD UNIQUE KEY `name_4` (`name`),
  ADD UNIQUE KEY `name_5` (`name`);

--
-- Indexes for table `tax_records`
--
ALTER TABLE `tax_records`
  ADD PRIMARY KEY (`id`),
  ADD KEY `sale_id` (`sale_id`);

--
-- Indexes for table `tracking`
--
ALTER TABLE `tracking`
  ADD PRIMARY KEY (`id`),
  ADD KEY `assignment_id` (`assignment_id`);

--
-- Indexes for table `travelers`
--
ALTER TABLE `travelers`
  ADD PRIMARY KEY (`id`),
  ADD KEY `customer_id` (`customer_id`);

--
-- Indexes for table `treks`
--
ALTER TABLE `treks`
  ADD PRIMARY KEY (`id`),
  ADD UNIQUE KEY `mtr_id` (`mtr_id`),
  ADD UNIQUE KEY `mtr_id_2` (`mtr_id`),
  ADD UNIQUE KEY `mtr_id_3` (`mtr_id`),
  ADD UNIQUE KEY `mtr_id_4` (`mtr_id`),
  ADD UNIQUE KEY `mtr_id_5` (`mtr_id`),
  ADD KEY `vendor_id` (`vendor_id`),
  ADD KEY `destination_id` (`destination_id`),
  ADD KEY `captain_id` (`captain_id`),
  ADD KEY `cancellation_policy_id` (`cancellation_policy_id`),
  ADD KEY `badge_id` (`badge_id`);

--
-- Indexes for table `trek_audit_logs`
--
ALTER TABLE `trek_audit_logs`
  ADD PRIMARY KEY (`id`),
  ADD KEY `fk_trek_audit_logs_vendor` (`vendor_id`),
  ADD KEY `fk_trek_audit_logs_trek` (`trek_id`);

--
-- Indexes for table `trek_captains`
--
ALTER TABLE `trek_captains`
  ADD PRIMARY KEY (`id`),
  ADD UNIQUE KEY `email` (`email`),
  ADD UNIQUE KEY `email_2` (`email`),
  ADD UNIQUE KEY `email_3` (`email`),
  ADD UNIQUE KEY `email_4` (`email`),
  ADD UNIQUE KEY `email_5` (`email`),
  ADD KEY `vendor_id` (`vendor_id`);

--
-- Indexes for table `trek_images`
--
ALTER TABLE `trek_images`
  ADD PRIMARY KEY (`id`),
  ADD KEY `trek_id` (`trek_id`);

--
-- Indexes for table `trek_stages`
--
ALTER TABLE `trek_stages`
  ADD PRIMARY KEY (`id`),
  ADD KEY `trek_id` (`trek_id`),
  ADD KEY `batch_id` (`batch_id`),
  ADD KEY `city_id` (`city_id`);

--
-- Indexes for table `users`
--
ALTER TABLE `users`
  ADD PRIMARY KEY (`id`),
  ADD UNIQUE KEY `phone` (`phone`),
  ADD UNIQUE KEY `phone_2` (`phone`),
  ADD UNIQUE KEY `phone_3` (`phone`),
  ADD UNIQUE KEY `phone_4` (`phone`),
  ADD UNIQUE KEY `phone_5` (`phone`),
  ADD KEY `role_id` (`role_id`);

--
-- Indexes for table `vendors`
--
ALTER TABLE `vendors`
  ADD PRIMARY KEY (`id`),
  ADD KEY `user_id` (`user_id`);

--
-- Indexes for table `version_info`
--
ALTER TABLE `version_info`
  ADD PRIMARY KEY (`id`);

--
-- Indexes for table `weather_logs`
--
ALTER TABLE `weather_logs`
  ADD PRIMARY KEY (`id`),
  ADD KEY `city_id` (`city_id`),
  ADD KEY `trek_id` (`trek_id`);

--
-- Indexes for table `withdrawals`
--
ALTER TABLE `withdrawals`
  ADD PRIMARY KEY (`id`),
  ADD UNIQUE KEY `withdrawal_id` (`withdrawal_id`),
  ADD UNIQUE KEY `withdrawal_id_2` (`withdrawal_id`),
  ADD UNIQUE KEY `withdrawal_id_3` (`withdrawal_id`),
  ADD UNIQUE KEY `withdrawal_id_4` (`withdrawal_id`),
  ADD UNIQUE KEY `withdrawal_id_5` (`withdrawal_id`),
  ADD KEY `vendor_id` (`vendor_id`);

--
-- Indexes for table `withdrawal_logs`
--
ALTER TABLE `withdrawal_logs`
  ADD PRIMARY KEY (`id`),
  ADD KEY `request_id` (`request_id`);

--
-- Indexes for table `withdrawal_requests`
--
ALTER TABLE `withdrawal_requests`
  ADD PRIMARY KEY (`id`),
  ADD KEY `user_id` (`user_id`);

--
-- AUTO_INCREMENT for dumped tables
--

--
-- AUTO_INCREMENT for table `accommodations`
--
ALTER TABLE `accommodations`
  MODIFY `id` int NOT NULL AUTO_INCREMENT;

--
-- AUTO_INCREMENT for table `activities`
--
ALTER TABLE `activities`
  MODIFY `id` int NOT NULL AUTO_INCREMENT, AUTO_INCREMENT=29;

--
-- AUTO_INCREMENT for table `adjustments`
--
ALTER TABLE `adjustments`
  MODIFY `id` int NOT NULL AUTO_INCREMENT;

--
-- AUTO_INCREMENT for table `alerts`
--
ALTER TABLE `alerts`
  MODIFY `id` int NOT NULL AUTO_INCREMENT;

--
-- AUTO_INCREMENT for table `api_keys`
--
ALTER TABLE `api_keys`
  MODIFY `id` int NOT NULL AUTO_INCREMENT;

--
-- AUTO_INCREMENT for table `badges`
--
ALTER TABLE `badges`
  MODIFY `id` int NOT NULL AUTO_INCREMENT;

--
-- AUTO_INCREMENT for table `banner_items`
--
ALTER TABLE `banner_items`
  MODIFY `id` int NOT NULL AUTO_INCREMENT;

--
-- AUTO_INCREMENT for table `banner_types`
--
ALTER TABLE `banner_types`
  MODIFY `id` int NOT NULL AUTO_INCREMENT;

--
-- AUTO_INCREMENT for table `batches`
--
ALTER TABLE `batches`
  MODIFY `id` int NOT NULL AUTO_INCREMENT, AUTO_INCREMENT=409;

--
-- AUTO_INCREMENT for table `batch_cancellation_requests`
--
ALTER TABLE `batch_cancellation_requests`
  MODIFY `id` int NOT NULL AUTO_INCREMENT;

--
-- AUTO_INCREMENT for table `boarding_points`
--
ALTER TABLE `boarding_points`
  MODIFY `id` int NOT NULL AUTO_INCREMENT, AUTO_INCREMENT=371;

--
-- AUTO_INCREMENT for table `bookings`
--
ALTER TABLE `bookings`
  MODIFY `id` int NOT NULL AUTO_INCREMENT, AUTO_INCREMENT=51;

--
-- AUTO_INCREMENT for table `booking_travelers`
--
ALTER TABLE `booking_travelers`
  MODIFY `id` int NOT NULL AUTO_INCREMENT, AUTO_INCREMENT=113;

--
-- AUTO_INCREMENT for table `campaigns`
--
ALTER TABLE `campaigns`
  MODIFY `id` int NOT NULL AUTO_INCREMENT;

--
-- AUTO_INCREMENT for table `cancellations`
--
ALTER TABLE `cancellations`
  MODIFY `id` int NOT NULL AUTO_INCREMENT;

--
-- AUTO_INCREMENT for table `cancellation_bookings`
--
ALTER TABLE `cancellation_bookings`
  MODIFY `id` int NOT NULL AUTO_INCREMENT, AUTO_INCREMENT=12;

--
-- AUTO_INCREMENT for table `cancellation_policies`
--
ALTER TABLE `cancellation_policies`
  MODIFY `id` int NOT NULL AUTO_INCREMENT;

--
-- AUTO_INCREMENT for table `cancellation_policy_settings`
--
ALTER TABLE `cancellation_policy_settings`
  MODIFY `id` int NOT NULL AUTO_INCREMENT;

--
-- AUTO_INCREMENT for table `categories`
--
ALTER TABLE `categories`
  MODIFY `id` int NOT NULL AUTO_INCREMENT;

--
-- AUTO_INCREMENT for table `chats`
--
ALTER TABLE `chats`
  MODIFY `id` int NOT NULL AUTO_INCREMENT, AUTO_INCREMENT=2;

--
-- AUTO_INCREMENT for table `cities`
--
ALTER TABLE `cities`
  MODIFY `id` int NOT NULL AUTO_INCREMENT, AUTO_INCREMENT=105;

--
-- AUTO_INCREMENT for table `coupons`
--
ALTER TABLE `coupons`
  MODIFY `id` int NOT NULL AUTO_INCREMENT, AUTO_INCREMENT=2;

--
-- AUTO_INCREMENT for table `coupons_audit_logs`
--
ALTER TABLE `coupons_audit_logs`
  MODIFY `id` int NOT NULL AUTO_INCREMENT, AUTO_INCREMENT=3;

--
-- AUTO_INCREMENT for table `coupon_assignments`
--
ALTER TABLE `coupon_assignments`
  MODIFY `id` int NOT NULL AUTO_INCREMENT;

--
-- AUTO_INCREMENT for table `customers`
--
ALTER TABLE `customers`
  MODIFY `id` int NOT NULL AUTO_INCREMENT;

--
-- AUTO_INCREMENT for table `destinations`
--
ALTER TABLE `destinations`
  MODIFY `id` int NOT NULL AUTO_INCREMENT, AUTO_INCREMENT=126;

--
-- AUTO_INCREMENT for table `email_templates`
--
ALTER TABLE `email_templates`
  MODIFY `id` int NOT NULL AUTO_INCREMENT;

--
-- AUTO_INCREMENT for table `emergency_contacts`
--
ALTER TABLE `emergency_contacts`
  MODIFY `id` int NOT NULL AUTO_INCREMENT, AUTO_INCREMENT=5;

--
-- AUTO_INCREMENT for table `exclusions`
--
ALTER TABLE `exclusions`
  MODIFY `id` int NOT NULL AUTO_INCREMENT, AUTO_INCREMENT=27;

--
-- AUTO_INCREMENT for table `faqs`
--
ALTER TABLE `faqs`
  MODIFY `id` int NOT NULL AUTO_INCREMENT, AUTO_INCREMENT=3;

--
-- AUTO_INCREMENT for table `hold_requests`
--
ALTER TABLE `hold_requests`
  MODIFY `id` int NOT NULL AUTO_INCREMENT;

--
-- AUTO_INCREMENT for table `inclusions`
--
ALTER TABLE `inclusions`
  MODIFY `id` int NOT NULL AUTO_INCREMENT, AUTO_INCREMENT=21;

--
-- AUTO_INCREMENT for table `issue_reports`
--
ALTER TABLE `issue_reports`
  MODIFY `id` int NOT NULL AUTO_INCREMENT, AUTO_INCREMENT=15;

--
-- AUTO_INCREMENT for table `itinerary_items`
--
ALTER TABLE `itinerary_items`
  MODIFY `id` int NOT NULL AUTO_INCREMENT;

--
-- AUTO_INCREMENT for table `maintenance_logs`
--
ALTER TABLE `maintenance_logs`
  MODIFY `id` int NOT NULL AUTO_INCREMENT;

--
-- AUTO_INCREMENT for table `manual_payments`
--
ALTER TABLE `manual_payments`
  MODIFY `id` int NOT NULL AUTO_INCREMENT;

--
-- AUTO_INCREMENT for table `mappings`
--
ALTER TABLE `mappings`
  MODIFY `id` int NOT NULL AUTO_INCREMENT;

--
-- AUTO_INCREMENT for table `messages`
--
ALTER TABLE `messages`
  MODIFY `id` int NOT NULL AUTO_INCREMENT;

--
-- AUTO_INCREMENT for table `notifications`
--
ALTER TABLE `notifications`
  MODIFY `id` bigint UNSIGNED NOT NULL AUTO_INCREMENT, AUTO_INCREMENT=2;

--
-- AUTO_INCREMENT for table `payment_failed`
--
ALTER TABLE `payment_failed`
  MODIFY `id` int NOT NULL AUTO_INCREMENT;

--
-- AUTO_INCREMENT for table `payment_logs`
--
ALTER TABLE `payment_logs`
  MODIFY `id` int NOT NULL AUTO_INCREMENT, AUTO_INCREMENT=51;

--
-- AUTO_INCREMENT for table `permissions`
--
ALTER TABLE `permissions`
  MODIFY `id` int NOT NULL AUTO_INCREMENT;

--
-- AUTO_INCREMENT for table `policies`
--
ALTER TABLE `policies`
  MODIFY `id` int NOT NULL AUTO_INCREMENT;

--
-- AUTO_INCREMENT for table `push_notifications`
--
ALTER TABLE `push_notifications`
  MODIFY `id` int NOT NULL AUTO_INCREMENT;

--
-- AUTO_INCREMENT for table `ratings`
--
ALTER TABLE `ratings`
  MODIFY `id` int NOT NULL AUTO_INCREMENT, AUTO_INCREMENT=2;

--
-- AUTO_INCREMENT for table `rating_categories`
--
ALTER TABLE `rating_categories`
  MODIFY `id` int NOT NULL AUTO_INCREMENT, AUTO_INCREMENT=5;

--
-- AUTO_INCREMENT for table `reconciliations`
--
ALTER TABLE `reconciliations`
  MODIFY `id` int NOT NULL AUTO_INCREMENT;

--
-- AUTO_INCREMENT for table `refund_settings`
--
ALTER TABLE `refund_settings`
  MODIFY `id` int NOT NULL AUTO_INCREMENT;

--
-- AUTO_INCREMENT for table `roles`
--
ALTER TABLE `roles`
  MODIFY `id` int NOT NULL AUTO_INCREMENT, AUTO_INCREMENT=4;

--
-- AUTO_INCREMENT for table `safety_guidelines`
--
ALTER TABLE `safety_guidelines`
  MODIFY `id` int NOT NULL AUTO_INCREMENT;

--
-- AUTO_INCREMENT for table `sales`
--
ALTER TABLE `sales`
  MODIFY `id` int NOT NULL AUTO_INCREMENT;

--
-- AUTO_INCREMENT for table `scheduled_messages`
--
ALTER TABLE `scheduled_messages`
  MODIFY `id` int NOT NULL AUTO_INCREMENT;

--
-- AUTO_INCREMENT for table `settlements`
--
ALTER TABLE `settlements`
  MODIFY `id` int NOT NULL AUTO_INCREMENT;

--
-- AUTO_INCREMENT for table `states`
--
ALTER TABLE `states`
  MODIFY `id` int NOT NULL AUTO_INCREMENT, AUTO_INCREMENT=34;

--
-- AUTO_INCREMENT for table `tax_records`
--
ALTER TABLE `tax_records`
  MODIFY `id` int NOT NULL AUTO_INCREMENT;

--
-- AUTO_INCREMENT for table `tracking`
--
ALTER TABLE `tracking`
  MODIFY `id` int NOT NULL AUTO_INCREMENT;

--
-- AUTO_INCREMENT for table `travelers`
--
ALTER TABLE `travelers`
  MODIFY `id` int NOT NULL AUTO_INCREMENT, AUTO_INCREMENT=12;

--
-- AUTO_INCREMENT for table `treks`
--
ALTER TABLE `treks`
  MODIFY `id` int NOT NULL AUTO_INCREMENT;

--
-- AUTO_INCREMENT for table `trek_audit_logs`
--
ALTER TABLE `trek_audit_logs`
  MODIFY `id` int NOT NULL AUTO_INCREMENT, AUTO_INCREMENT=5;

--
-- AUTO_INCREMENT for table `trek_captains`
--
ALTER TABLE `trek_captains`
  MODIFY `id` int NOT NULL AUTO_INCREMENT, AUTO_INCREMENT=4;

--
-- AUTO_INCREMENT for table `trek_images`
--
ALTER TABLE `trek_images`
  MODIFY `id` int NOT NULL AUTO_INCREMENT, AUTO_INCREMENT=63;

--
-- AUTO_INCREMENT for table `trek_stages`
--
ALTER TABLE `trek_stages`
  MODIFY `id` int NOT NULL AUTO_INCREMENT, AUTO_INCREMENT=1362;

--
-- AUTO_INCREMENT for table `users`
--
ALTER TABLE `users`
  MODIFY `id` int NOT NULL AUTO_INCREMENT, AUTO_INCREMENT=33;

--
-- AUTO_INCREMENT for table `vendors`
--
ALTER TABLE `vendors`
  MODIFY `id` int NOT NULL AUTO_INCREMENT;

--
-- AUTO_INCREMENT for table `version_info`
--
ALTER TABLE `version_info`
  MODIFY `id` int NOT NULL AUTO_INCREMENT;

--
-- AUTO_INCREMENT for table `weather_logs`
--
ALTER TABLE `weather_logs`
  MODIFY `id` int NOT NULL AUTO_INCREMENT;

--
-- AUTO_INCREMENT for table `withdrawals`
--
ALTER TABLE `withdrawals`
  MODIFY `id` int NOT NULL AUTO_INCREMENT, AUTO_INCREMENT=3;

--
-- AUTO_INCREMENT for table `withdrawal_logs`
--
ALTER TABLE `withdrawal_logs`
  MODIFY `id` int NOT NULL AUTO_INCREMENT;

--
-- AUTO_INCREMENT for table `withdrawal_requests`
--
ALTER TABLE `withdrawal_requests`
  MODIFY `id` int NOT NULL AUTO_INCREMENT;

--
-- Constraints for dumped tables
--

--
-- Constraints for table `accommodations`
--
ALTER TABLE `accommodations`
  ADD CONSTRAINT `accommodations_ibfk_10` FOREIGN KEY (`batch_id`) REFERENCES `batches` (`id`) ON DELETE SET NULL ON UPDATE CASCADE,
  ADD CONSTRAINT `accommodations_ibfk_9` FOREIGN KEY (`trek_id`) REFERENCES `treks` (`id`) ON UPDATE CASCADE;

--
-- Constraints for table `adjustments`
--
ALTER TABLE `adjustments`
  ADD CONSTRAINT `adjustments_ibfk_1` FOREIGN KEY (`booking_id`) REFERENCES `bookings` (`id`) ON UPDATE CASCADE;

--
-- Constraints for table `api_keys`
--
ALTER TABLE `api_keys`
  ADD CONSTRAINT `api_keys_ibfk_1` FOREIGN KEY (`user_id`) REFERENCES `users` (`id`) ON DELETE SET NULL ON UPDATE CASCADE;

--
-- Constraints for table `banner_items`
--
ALTER TABLE `banner_items`
  ADD CONSTRAINT `banner_items_ibfk_1` FOREIGN KEY (`banner_type_id`) REFERENCES `banner_types` (`id`) ON UPDATE CASCADE;

--
-- Constraints for table `batches`
--
ALTER TABLE `batches`
  ADD CONSTRAINT `batches_ibfk_10` FOREIGN KEY (`captain_id`) REFERENCES `trek_captains` (`id`) ON DELETE SET NULL ON UPDATE CASCADE,
  ADD CONSTRAINT `batches_ibfk_9` FOREIGN KEY (`trek_id`) REFERENCES `treks` (`id`) ON UPDATE CASCADE;

--
-- Constraints for table `boarding_points`
--
ALTER TABLE `boarding_points`
  ADD CONSTRAINT `boarding_points_ibfk_1` FOREIGN KEY (`city_id`) REFERENCES `cities` (`id`) ON UPDATE CASCADE;

--
-- Constraints for table `bookings`
--
ALTER TABLE `bookings`
  ADD CONSTRAINT `bookings_ibfk_33` FOREIGN KEY (`customer_id`) REFERENCES `customers` (`id`) ON UPDATE CASCADE,
  ADD CONSTRAINT `bookings_ibfk_34` FOREIGN KEY (`trek_id`) REFERENCES `treks` (`id`) ON UPDATE CASCADE,
  ADD CONSTRAINT `bookings_ibfk_35` FOREIGN KEY (`vendor_id`) REFERENCES `vendors` (`id`) ON UPDATE CASCADE,
  ADD CONSTRAINT `bookings_ibfk_36` FOREIGN KEY (`batch_id`) REFERENCES `batches` (`id`) ON DELETE SET NULL ON UPDATE CASCADE,
  ADD CONSTRAINT `bookings_ibfk_37` FOREIGN KEY (`coupon_id`) REFERENCES `coupons` (`id`) ON DELETE SET NULL ON UPDATE CASCADE,
  ADD CONSTRAINT `bookings_ibfk_38` FOREIGN KEY (`primary_contact_traveler_id`) REFERENCES `travelers` (`id`) ON DELETE SET NULL ON UPDATE CASCADE,
  ADD CONSTRAINT `bookings_ibfk_39` FOREIGN KEY (`city_id`) REFERENCES `cities` (`id`) ON DELETE SET NULL ON UPDATE CASCADE,
  ADD CONSTRAINT `bookings_ibfk_40` FOREIGN KEY (`user_id`) REFERENCES `users` (`id`) ON DELETE SET NULL ON UPDATE CASCADE;

--
-- Constraints for table `booking_travelers`
--
ALTER TABLE `booking_travelers`
  ADD CONSTRAINT `booking_travelers_ibfk_10` FOREIGN KEY (`traveler_id`) REFERENCES `travelers` (`id`) ON UPDATE CASCADE,
  ADD CONSTRAINT `booking_travelers_ibfk_9` FOREIGN KEY (`booking_id`) REFERENCES `bookings` (`id`) ON DELETE CASCADE ON UPDATE CASCADE;

--
-- Constraints for table `cancellations`
--
ALTER TABLE `cancellations`
  ADD CONSTRAINT `cancellations_ibfk_1` FOREIGN KEY (`booking_id`) REFERENCES `bookings` (`id`) ON DELETE CASCADE ON UPDATE CASCADE;

--
-- Constraints for table `cancellation_bookings`
--
ALTER TABLE `cancellation_bookings`
  ADD CONSTRAINT `cancellation_bookings_ibfk_17` FOREIGN KEY (`booking_id`) REFERENCES `bookings` (`id`) ON DELETE CASCADE ON UPDATE CASCADE,
  ADD CONSTRAINT `cancellation_bookings_ibfk_18` FOREIGN KEY (`customer_id`) REFERENCES `customers` (`id`) ON UPDATE CASCADE,
  ADD CONSTRAINT `cancellation_bookings_ibfk_19` FOREIGN KEY (`trek_id`) REFERENCES `treks` (`id`) ON UPDATE CASCADE,
  ADD CONSTRAINT `cancellation_bookings_ibfk_20` FOREIGN KEY (`batch_id`) REFERENCES `batches` (`id`) ON DELETE SET NULL ON UPDATE CASCADE;

--
-- Constraints for table `categories`
--
ALTER TABLE `categories`
  ADD CONSTRAINT `categories_ibfk_1` FOREIGN KEY (`trek_id`) REFERENCES `treks` (`id`) ON UPDATE CASCADE;

--
-- Constraints for table `chats`
--
ALTER TABLE `chats`
  ADD CONSTRAINT `chats_ibfk_3` FOREIGN KEY (`customer_id`) REFERENCES `customers` (`id`) ON UPDATE CASCADE,
  ADD CONSTRAINT `chats_ibfk_4` FOREIGN KEY (`admin_id`) REFERENCES `users` (`id`) ON DELETE SET NULL ON UPDATE CASCADE;

--
-- Constraints for table `cities`
--
ALTER TABLE `cities`
  ADD CONSTRAINT `cities_ibfk_1` FOREIGN KEY (`state_id`) REFERENCES `states` (`id`) ON UPDATE CASCADE;

--
-- Constraints for table `coupons`
--
ALTER TABLE `coupons`
  ADD CONSTRAINT `coupons_ibfk_10` FOREIGN KEY (`assigned_trek_id`) REFERENCES `treks` (`id`) ON DELETE SET NULL ON UPDATE CASCADE,
  ADD CONSTRAINT `coupons_ibfk_9` FOREIGN KEY (`vendor_id`) REFERENCES `vendors` (`id`) ON UPDATE CASCADE;

--
-- Constraints for table `coupons_audit_logs`
--
ALTER TABLE `coupons_audit_logs`
  ADD CONSTRAINT `coupons_audit_logs_ibfk_17` FOREIGN KEY (`coupon_id`) REFERENCES `coupons` (`id`) ON UPDATE CASCADE,
  ADD CONSTRAINT `coupons_audit_logs_ibfk_18` FOREIGN KEY (`vendor_id`) REFERENCES `vendors` (`id`) ON UPDATE CASCADE,
  ADD CONSTRAINT `coupons_audit_logs_ibfk_19` FOREIGN KEY (`trek_id`) REFERENCES `treks` (`id`) ON DELETE SET NULL ON UPDATE CASCADE,
  ADD CONSTRAINT `coupons_audit_logs_ibfk_20` FOREIGN KEY (`previous_trek_id`) REFERENCES `treks` (`id`) ON DELETE SET NULL ON UPDATE CASCADE;

--
-- Constraints for table `coupon_assignments`
--
ALTER TABLE `coupon_assignments`
  ADD CONSTRAINT `coupon_assignments_ibfk_13` FOREIGN KEY (`coupon_id`) REFERENCES `coupons` (`id`) ON DELETE CASCADE ON UPDATE CASCADE,
  ADD CONSTRAINT `coupon_assignments_ibfk_14` FOREIGN KEY (`customer_id`) REFERENCES `customers` (`id`) ON DELETE CASCADE ON UPDATE CASCADE,
  ADD CONSTRAINT `coupon_assignments_ibfk_15` FOREIGN KEY (`booking_id`) REFERENCES `bookings` (`id`) ON DELETE SET NULL ON UPDATE CASCADE;

--
-- Constraints for table `customers`
--
ALTER TABLE `customers`
  ADD CONSTRAINT `customers_ibfk_10` FOREIGN KEY (`state_id`) REFERENCES `states` (`id`) ON DELETE SET NULL ON UPDATE CASCADE,
  ADD CONSTRAINT `customers_ibfk_9` FOREIGN KEY (`city_id`) REFERENCES `cities` (`id`) ON DELETE SET NULL ON UPDATE CASCADE;

--
-- Constraints for table `emergency_contacts`
--
ALTER TABLE `emergency_contacts`
  ADD CONSTRAINT `emergency_contacts_ibfk_1` FOREIGN KEY (`customer_id`) REFERENCES `customers` (`id`) ON DELETE CASCADE ON UPDATE CASCADE;

--
-- Constraints for table `hold_requests`
--
ALTER TABLE `hold_requests`
  ADD CONSTRAINT `hold_requests_ibfk_10` FOREIGN KEY (`approved_by`) REFERENCES `users` (`id`) ON DELETE SET NULL ON UPDATE CASCADE,
  ADD CONSTRAINT `hold_requests_ibfk_9` FOREIGN KEY (`vendor_id`) REFERENCES `vendors` (`id`) ON UPDATE CASCADE;

--
-- Constraints for table `issue_reports`
--
ALTER TABLE `issue_reports`
  ADD CONSTRAINT `issue_reports_ibfk_13` FOREIGN KEY (`booking_id`) REFERENCES `bookings` (`id`) ON UPDATE CASCADE,
  ADD CONSTRAINT `issue_reports_ibfk_14` FOREIGN KEY (`customer_id`) REFERENCES `customers` (`id`) ON DELETE SET NULL ON UPDATE CASCADE,
  ADD CONSTRAINT `issue_reports_ibfk_15` FOREIGN KEY (`assigned_to`) REFERENCES `users` (`id`) ON DELETE SET NULL ON UPDATE CASCADE;

--
-- Constraints for table `itinerary_items`
--
ALTER TABLE `itinerary_items`
  ADD CONSTRAINT `itinerary_items_ibfk_1` FOREIGN KEY (`trek_id`) REFERENCES `treks` (`id`) ON UPDATE CASCADE;

--
-- Constraints for table `manual_payments`
--
ALTER TABLE `manual_payments`
  ADD CONSTRAINT `manual_payments_ibfk_1` FOREIGN KEY (`user_id`) REFERENCES `users` (`id`) ON UPDATE CASCADE;

--
-- Constraints for table `mappings`
--
ALTER TABLE `mappings`
  ADD CONSTRAINT `mappings_ibfk_10` FOREIGN KEY (`city_id`) REFERENCES `cities` (`id`) ON UPDATE CASCADE,
  ADD CONSTRAINT `mappings_ibfk_9` FOREIGN KEY (`trek_id`) REFERENCES `treks` (`id`) ON DELETE SET NULL ON UPDATE CASCADE;

--
-- Constraints for table `messages`
--
ALTER TABLE `messages`
  ADD CONSTRAINT `messages_ibfk_1` FOREIGN KEY (`chat_id`) REFERENCES `chats` (`id`) ON DELETE CASCADE ON UPDATE CASCADE;

--
-- Constraints for table `payment_logs`
--
ALTER TABLE `payment_logs`
  ADD CONSTRAINT `payment_logs_ibfk_1` FOREIGN KEY (`booking_id`) REFERENCES `bookings` (`id`) ON DELETE CASCADE ON UPDATE CASCADE;

--
-- Constraints for table `ratings`
--
ALTER TABLE `ratings`
  ADD CONSTRAINT `ratings_ibfk_17` FOREIGN KEY (`trek_id`) REFERENCES `treks` (`id`) ON UPDATE CASCADE,
  ADD CONSTRAINT `ratings_ibfk_18` FOREIGN KEY (`customer_id`) REFERENCES `customers` (`id`) ON UPDATE CASCADE,
  ADD CONSTRAINT `ratings_ibfk_19` FOREIGN KEY (`booking_id`) REFERENCES `bookings` (`id`) ON DELETE SET NULL ON UPDATE CASCADE,
  ADD CONSTRAINT `ratings_ibfk_20` FOREIGN KEY (`batch_id`) REFERENCES `batches` (`id`) ON DELETE SET NULL ON UPDATE CASCADE;

--
-- Constraints for table `role_permissions`
--
ALTER TABLE `role_permissions`
  ADD CONSTRAINT `role_permissions_ibfk_1` FOREIGN KEY (`role_id`) REFERENCES `roles` (`id`) ON DELETE CASCADE ON UPDATE CASCADE,
  ADD CONSTRAINT `role_permissions_ibfk_2` FOREIGN KEY (`permission_id`) REFERENCES `permissions` (`id`) ON DELETE CASCADE ON UPDATE CASCADE;

--
-- Constraints for table `safety_guidelines`
--
ALTER TABLE `safety_guidelines`
  ADD CONSTRAINT `safety_guidelines_ibfk_1` FOREIGN KEY (`trek_id`) REFERENCES `treks` (`id`) ON UPDATE CASCADE;

--
-- Constraints for table `sales`
--
ALTER TABLE `sales`
  ADD CONSTRAINT `sales_ibfk_1` FOREIGN KEY (`booking_id`) REFERENCES `bookings` (`id`) ON UPDATE CASCADE;

--
-- Constraints for table `settlements`
--
ALTER TABLE `settlements`
  ADD CONSTRAINT `settlements_ibfk_1` FOREIGN KEY (`vendor_id`) REFERENCES `vendors` (`id`) ON UPDATE CASCADE;

--
-- Constraints for table `tax_records`
--
ALTER TABLE `tax_records`
  ADD CONSTRAINT `tax_records_ibfk_1` FOREIGN KEY (`sale_id`) REFERENCES `sales` (`id`) ON UPDATE CASCADE;

--
-- Constraints for table `tracking`
--
ALTER TABLE `tracking`
  ADD CONSTRAINT `tracking_ibfk_1` FOREIGN KEY (`assignment_id`) REFERENCES `coupon_assignments` (`id`) ON DELETE CASCADE ON UPDATE CASCADE;

--
-- Constraints for table `travelers`
--
ALTER TABLE `travelers`
  ADD CONSTRAINT `travelers_ibfk_1` FOREIGN KEY (`customer_id`) REFERENCES `customers` (`id`) ON DELETE CASCADE ON UPDATE CASCADE;

--
-- Constraints for table `treks`
--
ALTER TABLE `treks`
  ADD CONSTRAINT `treks_ibfk_21` FOREIGN KEY (`vendor_id`) REFERENCES `vendors` (`id`) ON UPDATE CASCADE,
  ADD CONSTRAINT `treks_ibfk_22` FOREIGN KEY (`destination_id`) REFERENCES `destinations` (`id`) ON DELETE SET NULL ON UPDATE CASCADE,
  ADD CONSTRAINT `treks_ibfk_23` FOREIGN KEY (`captain_id`) REFERENCES `trek_captains` (`id`) ON DELETE SET NULL ON UPDATE CASCADE,
  ADD CONSTRAINT `treks_ibfk_24` FOREIGN KEY (`cancellation_policy_id`) REFERENCES `cancellation_policies` (`id`) ON DELETE SET NULL ON UPDATE CASCADE,
  ADD CONSTRAINT `treks_ibfk_25` FOREIGN KEY (`badge_id`) REFERENCES `badges` (`id`) ON DELETE SET NULL ON UPDATE CASCADE;

--
-- Constraints for table `trek_audit_logs`
--
ALTER TABLE `trek_audit_logs`
  ADD CONSTRAINT `fk_trek_audit_logs_trek` FOREIGN KEY (`trek_id`) REFERENCES `treks` (`id`) ON DELETE CASCADE ON UPDATE CASCADE,
  ADD CONSTRAINT `fk_trek_audit_logs_vendor` FOREIGN KEY (`vendor_id`) REFERENCES `users` (`id`) ON DELETE SET NULL ON UPDATE CASCADE;

--
-- Constraints for table `trek_captains`
--
ALTER TABLE `trek_captains`
  ADD CONSTRAINT `trek_captains_ibfk_1` FOREIGN KEY (`vendor_id`) REFERENCES `vendors` (`id`) ON UPDATE CASCADE;

--
-- Constraints for table `trek_images`
--
ALTER TABLE `trek_images`
  ADD CONSTRAINT `trek_images_ibfk_1` FOREIGN KEY (`trek_id`) REFERENCES `treks` (`id`) ON DELETE CASCADE ON UPDATE CASCADE;

--
-- Constraints for table `trek_stages`
--
ALTER TABLE `trek_stages`
  ADD CONSTRAINT `trek_stages_ibfk_13` FOREIGN KEY (`trek_id`) REFERENCES `treks` (`id`) ON DELETE CASCADE ON UPDATE CASCADE,
  ADD CONSTRAINT `trek_stages_ibfk_14` FOREIGN KEY (`batch_id`) REFERENCES `batches` (`id`) ON DELETE CASCADE ON UPDATE CASCADE,
  ADD CONSTRAINT `trek_stages_ibfk_15` FOREIGN KEY (`city_id`) REFERENCES `cities` (`id`) ON DELETE SET NULL ON UPDATE CASCADE;

--
-- Constraints for table `users`
--
ALTER TABLE `users`
  ADD CONSTRAINT `users_ibfk_1` FOREIGN KEY (`role_id`) REFERENCES `roles` (`id`) ON DELETE CASCADE ON UPDATE CASCADE;

--
-- Constraints for table `vendors`
--
ALTER TABLE `vendors`
  ADD CONSTRAINT `vendors_ibfk_1` FOREIGN KEY (`user_id`) REFERENCES `users` (`id`) ON DELETE CASCADE ON UPDATE CASCADE;

--
-- Constraints for table `weather_logs`
--
ALTER TABLE `weather_logs`
  ADD CONSTRAINT `weather_logs_ibfk_10` FOREIGN KEY (`trek_id`) REFERENCES `treks` (`id`) ON DELETE SET NULL ON UPDATE CASCADE,
  ADD CONSTRAINT `weather_logs_ibfk_9` FOREIGN KEY (`city_id`) REFERENCES `cities` (`id`) ON UPDATE CASCADE;

--
-- Constraints for table `withdrawals`
--
ALTER TABLE `withdrawals`
  ADD CONSTRAINT `withdrawals_ibfk_1` FOREIGN KEY (`vendor_id`) REFERENCES `vendors` (`id`) ON DELETE CASCADE ON UPDATE CASCADE;

--
-- Constraints for table `withdrawal_logs`
--
ALTER TABLE `withdrawal_logs`
  ADD CONSTRAINT `withdrawal_logs_ibfk_1` FOREIGN KEY (`request_id`) REFERENCES `withdrawal_requests` (`id`) ON UPDATE CASCADE;

--
-- Constraints for table `withdrawal_requests`
--
ALTER TABLE `withdrawal_requests`
  ADD CONSTRAINT `withdrawal_requests_ibfk_1` FOREIGN KEY (`user_id`) REFERENCES `users` (`id`) ON UPDATE CASCADE;
COMMIT;

/*!40101 SET CHARACTER_SET_CLIENT=@OLD_CHARACTER_SET_CLIENT */;
/*!40101 SET CHARACTER_SET_RESULTS=@OLD_CHARACTER_SET_RESULTS */;
/*!40101 SET COLLATION_CONNECTION=@OLD_COLLATION_CONNECTION */;
